country,product,quantity,price
NG,product-0,640,36.82
GH,product-1,51,47.79
KE,product-2,253,95.48
ZA,product-3,812,76.66
MA,product-4,105,70.96
NG,product-5,734,63.79
GH,product-6,770,19.29
KE,product-7,487,13.57
ZA,product-8,37,89.17
MA,product-9,329,13.87
NG,product-10,399,99.37
GH,product-11,559,36.55
KE,product-12,263,64.51
ZA,product-13,280,39.96
MA,product-14,820,94.34
NG,product-15,438,94.51
GH,product-16,108,99.02
KE,product-17,550,16.32
ZA,product-18,543,7.11
MA,product-19,8,100.00
NG,product-20,620,29.42
GH,product-21,172,48.59
KE,product-22,776,10.67
ZA,product-23,811,0.79
MA,product-24,236,64.99
NG,product-25,358,54.41
GH,product-26,686,49.41
KE,product-27,124,17.52
ZA,product-28,454,66.72
MA,product-29,797,17.88
NG,product-30,808,90.71
GH,product-31,65,7.00
KE,product-32,424,22.17
ZA,product-33,31,42.58
MA,product-34,946,99.29
NG,product-35,447,5.54
GH,product-36,683,36.82
KE,product-37,22,49.74
ZA,product-38,515,36.49
MA,product-39,641,29.00
NG,product-40,985,8.59
GH,product-41,970,31.19
KE,product-42,433,92.91
ZA,product-43,929,91.31
MA,product-44,637,81.85
NG,product-45,681,33.03
GH,product-46,621,80.70
KE,product-47,132,95.32
ZA,product-48,664,21.90
MA,product-49,684,90.47
NG,product-50,925,45.93
GH,product-51,520,26.38
KE,product-52,410,22.04
ZA,product-53,593,65.45
MA,product-54,995,23.97
NG,product-55,492,26.78
GH,product-56,568,46.24
KE,product-57,695,16.51
ZA,product-58,667,95.31
MA,product-59,222,99.26
NG,product-60,88,66.50
GH,product-61,148,4.72
KE,product-62,247,57.33
ZA,product-63,844,18.64
MA,product-64,965,44.04
NG,product-65,5,78.79
GH,product-66,535,93.98
KE,product-67,774,13.30
ZA,product-68,472,88.25
MA,product-69,496,12.07
NG,product-70,834,49.30
GH,product-71,151,65.53
KE,product-72,632,71.64
ZA,product-73,249,19.30
MA,product-74,943,36.79
NG,product-75,360,71.39
GH,product-76,903,17.76
KE,product-77,365,29.01
ZA,product-78,436,79.67
MA,product-79,957,81.75
NG,product-80,362,37.51
GH,product-81,236,55.04
KE,product-82,109,28.70
ZA,product-83,10,69.60
MA,product-84,394,63.80
NG,product-85,378,23.67
GH,product-86,554,96.14
KE,product-87,740,97.04
ZA,product-88,650,81.15
MA,product-89,318,47.64
NG,product-90,605,48.02
GH,product-91,546,77.08
KE,product-92,301,65.45
ZA,product-93,615,71.05
MA,product-94,358,22.40
NG,product-95,323,9.19
GH,product-96,370,58.12
KE,product-97,834,50.20
ZA,product-98,626,13.15
MA,product-99,273,21.63
NG,product-100,162,26.35
GH,product-101,330,87.96
KE,product-102,829,54.41
ZA,product-103,883,37.29
MA,product-104,874,58.17
NG,product-105,646,43.74
GH,product-106,166,86.63
KE,product-107,415,16.49
ZA,product-108,729,45.27
MA,product-109,680,30.85
NG,product-110,116,2.36
GH,product-111,932,49.83
KE,product-112,245,7.74
ZA,product-113,483,66.27
MA,product-114,591,33.17
NG,product-115,225,80.98
GH,product-116,305,54.08
KE,product-117,603,73.99
ZA,product-118,30,56.58
MA,product-119,28,31.64
NG,product-120,585,71.49
GH,product-121,201,76.64
KE,product-122,609,11.02
ZA,product-123,549,28.79
MA,product-124,395,8.54
NG,product-125,948,82.35
GH,product-126,473,28.21
KE,product-127,184,98.82
ZA,product-128,823,70.55
MA,product-129,777,13.00
NG,product-130,832,20.89
GH,product-131,423,35.10
KE,product-132,766,45.10
ZA,product-133,562,18.44
MA,product-134,977,26.06
NG,product-135,550,15.49
GH,product-136,500,70.13
KE,product-137,581,14.03
ZA,product-138,82,4.44
MA,product-139,582,0.63
NG,product-140,550,64.87
GH,product-141,899,98.32
KE,product-142,53,68.11
ZA,product-143,265,42.08
MA,product-144,138,96.53
NG,product-145,646,13.98
GH,product-146,51,99.05
KE,product-147,596,67.66
ZA,product-148,888,53.17
MA,product-149,473,70.36
NG,product-150,477,62.22
GH,product-151,57,45.97
KE,product-152,515,61.27
ZA,product-153,38,25.29
MA,product-154,166,81.17
NG,product-155,219,30.86
GH,product-156,962,97.18
KE,product-157,200,65.56
ZA,product-158,455,25.82
MA,product-159,601,76.53
NG,product-160,316,43.91
GH,product-161,473,6.62
KE,product-162,385,1.27
ZA,product-163,766,40.02
MA,product-164,744,2.47
NG,product-165,906,14.40
GH,product-166,132,11.56
KE,product-167,627,42.66
ZA,product-168,405,97.18
MA,product-169,498,69.03
NG,product-170,843,88.49
GH,product-171,68,39.84
KE,product-172,108,20.50
ZA,product-173,92,18.98
MA,product-174,459,80.04
NG,product-175,807,91.73
GH,product-176,480,31.77
KE,product-177,791,52.30
ZA,product-178,767,4.78
MA,product-179,207,23.84
NG,product-180,174,49.85
GH,product-181,15,92.18
KE,product-182,385,89.40
ZA,product-183,150,98.77
MA,product-184,618,32.83
NG,product-185,248,22.24
GH,product-186,370,13.27
KE,product-187,618,48.52
ZA,product-188,570,12.27
MA,product-189,623,98.33
NG,product-190,776,82.33
GH,product-191,796,71.61
KE,product-192,495,82.21
ZA,product-193,916,97.00
MA,product-194,18,97.56
NG,product-195,104,51.01
GH,product-196,115,35.41
KE,product-197,779,6.37
ZA,product-198,12,54.45
MA,product-199,156,64.41
NG,product-200,567,2.93
GH,product-201,923,29.74
KE,product-202,369,64.40
ZA,product-203,516,4.02
MA,product-204,857,58.58
NG,product-205,526,23.19
GH,product-206,428,71.98
KE,product-207,543,18.36
ZA,product-208,951,4.86
MA,product-209,526,8.29
NG,product-210,5,4.56
GH,product-211,252,75.35
KE,product-212,464,58.55
ZA,product-213,616,80.88
MA,product-214,397,37.90
NG,product-215,887,13.36
GH,product-216,397,75.45
KE,product-217,337,14.98
ZA,product-218,576,97.49
MA,product-219,844,77.46
NG,product-220,955,58.53
GH,product-221,724,95.90
KE,product-222,863,56.65
ZA,product-223,342,96.80
MA,product-224,532,53.26
NG,product-225,9,0.83
GH,product-226,68,55.00
KE,product-227,926,73.77
ZA,product-228,118,87.12
MA,product-229,279,80.03
NG,product-230,817,59.02
GH,product-231,688,65.67
KE,product-232,242,33.62
ZA,product-233,382,30.78
MA,product-234,856,67.76
NG,product-235,969,79.11
GH,product-236,333,66.80
KE,product-237,864,65.07
ZA,product-238,880,34.98
MA,product-239,803,94.09
NG,product-240,498,23.31
GH,product-241,734,84.70
KE,product-242,821,75.18
ZA,product-243,278,35.95
MA,product-244,749,71.93
NG,product-245,431,93.98
GH,product-246,161,51.31
KE,product-247,119,12.21
ZA,product-248,543,77.04
MA,product-249,228,30.94
NG,product-250,462,22.92
GH,product-251,354,43.72
KE,product-252,838,52.98
ZA,product-253,69,1.24
MA,product-254,234,53.08
NG,product-255,288,31.56
GH,product-256,79,98.52
KE,product-257,766,38.63
ZA,product-258,703,64.67
MA,product-259,749,27.59
NG,product-260,800,38.16
GH,product-261,164,19.97
KE,product-262,815,68.78
ZA,product-263,827,47.19
MA,product-264,459,30.88
NG,product-265,864,89.10
GH,product-266,630,87.91
KE,product-267,602,92.47
ZA,product-268,925,7.06
MA,product-269,388,55.29
NG,product-270,57,61.45
GH,product-271,647,11.44
KE,product-272,82,76.86
ZA,product-273,22,26.44
MA,product-274,251,36.28
NG,product-275,651,30.55
GH,product-276,562,12.26
KE,product-277,167,51.60
ZA,product-278,698,29.58
MA,product-279,326,56.55
NG,product-280,107,71.47
GH,product-281,541,29.69
KE,product-282,13,49.12
ZA,product-283,914,24.03
MA,product-284,215,17.02
NG,product-285,107,23.05
GH,product-286,128,34.08
KE,product-287,282,28.12
ZA,product-288,119,30.96
MA,product-289,506,12.79
NG,product-290,584,40.56
GH,product-291,818,59.52
KE,product-292,455,48.53
ZA,product-293,55,47.93
MA,product-294,565,28.40
NG,product-295,721,30.88
GH,product-296,338,42.90
KE,product-297,898,83.80
ZA,product-298,292,25.58
MA,product-299,835,28.25
NG,product-300,116,28.48
GH,product-301,248,24.22
KE,product-302,773,8.56
ZA,product-303,899,71.12
MA,product-304,325,63.01
NG,product-305,729,80.61
GH,product-306,381,1.87
KE,product-307,242,43.66
ZA,product-308,338,16.70
MA,product-309,380,81.64
NG,product-310,152,6.54
GH,product-311,959,18.53
KE,product-312,579,59.82
ZA,product-313,332,33.58
MA,product-314,582,61.64
NG,product-315,190,33.54
GH,product-316,63,6.09
KE,product-317,50,22.55
ZA,product-318,250,44.37
MA,product-319,381,37.19
NG,product-320,81,99.41
GH,product-321,872,25.78
KE,product-322,225,83.59
ZA,product-323,559,74.10
MA,product-324,575,85.80
NG,product-325,113,6.72
GH,product-326,652,2.34
KE,product-327,925,87.32
ZA,product-328,466,41.17
MA,product-329,630,86.76
NG,product-330,994,95.16
GH,product-331,256,12.10
KE,product-332,83,30.31
ZA,product-333,987,57.32
MA,product-334,822,68.71
NG,product-335,176,51.62
GH,product-336,575,92.20
KE,product-337,85,77.76
ZA,product-338,555,1.20
MA,product-339,995,71.06
NG,product-340,428,8.09
GH,product-341,37,9.22
KE,product-342,514,34.43
ZA,product-343,998,16.58
MA,product-344,641,83.45
NG,product-345,522,0.18
GH,product-346,554,92.45
KE,product-347,314,82.87
ZA,product-348,608,64.15
MA,product-349,195,59.86
NG,product-350,271,6.08
GH,product-351,250,35.05
KE,product-352,826,98.26
ZA,product-353,453,30.04
MA,product-354,74,58.47
NG,product-355,207,20.92
GH,product-356,392,81.10
KE,product-357,367,10.69
ZA,product-358,555,23.43
MA,product-359,719,30.05
NG,product-360,637,50.86
GH,product-361,693,58.00
KE,product-362,245,8.84
ZA,product-363,128,56.66
MA,product-364,900,82.63
NG,product-365,896,60.51
GH,product-366,446,66.14
KE,product-367,191,1.41
ZA,product-368,312,85.34
MA,product-369,85,64.99
NG,product-370,265,32.00
GH,product-371,359,98.20
KE,product-372,100,0.49
ZA,product-373,778,82.31
MA,product-374,540,1.58
NG,product-375,399,10.00
GH,product-376,354,71.99
KE,product-377,908,28.71
ZA,product-378,892,76.56
MA,product-379,694,65.02
NG,product-380,42,4.23
GH,product-381,741,31.19
KE,product-382,124,33.14
ZA,product-383,292,19.25
MA,product-384,126,8.87
NG,product-385,434,47.17
GH,product-386,339,46.18
KE,product-387,955,64.08
ZA,product-388,275,22.65
MA,product-389,568,6.98
NG,product-390,726,99.41
GH,product-391,981,42.87
KE,product-392,946,1.89
ZA,product-393,441,59.32
MA,product-394,163,74.81
NG,product-395,632,48.13
GH,product-396,181,53.19
KE,product-397,767,77.01
ZA,product-398,789,22.48
MA,product-399,794,11.20
NG,product-400,583,73.43
GH,product-401,192,1.27
KE,product-402,572,35.18
ZA,product-403,609,15.18
MA,product-404,801,46.15
NG,product-405,737,48.48
GH,product-406,35,9.57
KE,product-407,955,20.20
ZA,product-408,414,64.68
MA,product-409,835,56.09
NG,product-410,127,73.85
GH,product-411,365,2.18
KE,product-412,135,55.05
ZA,product-413,782,8.72
MA,product-414,172,57.16
NG,product-415,240,40.56
GH,product-416,944,36.74
KE,product-417,275,29.08
ZA,product-418,845,58.08
MA,product-419,109,65.24
NG,product-420,705,64.47
GH,product-421,795,26.38
KE,product-422,135,15.52
ZA,product-423,539,12.49
MA,product-424,251,92.80
NG,product-425,650,83.90
GH,product-426,17,88.77
KE,product-427,464,36.32
ZA,product-428,672,75.02
MA,product-429,591,11.85
NG,product-430,374,96.24
GH,product-431,45,71.02
KE,product-432,454,74.03
ZA,product-433,104,52.17
MA,product-434,682,96.89
NG,product-435,213,39.02
GH,product-436,466,25.52
KE,product-437,605,39.95
ZA,product-438,74,41.16
MA,product-439,79,37.87
NG,product-440,92,28.19
GH,product-441,845,19.01
KE,product-442,998,25.78
ZA,product-443,809,90.84
MA,product-444,733,66.29
NG,product-445,402,17.08
GH,product-446,560,58.38
KE,product-447,633,82.51
ZA,product-448,705,91.89
MA,product-449,126,93.64
NG,product-450,746,97.72
GH,product-451,902,85.28
KE,product-452,512,27.63
ZA,product-453,356,88.31
MA,product-454,187,91.52
NG,product-455,569,32.44
GH,product-456,22,44.63
KE,product-457,940,25.47
ZA,product-458,424,72.93
MA,product-459,933,89.45
NG,product-460,913,93.88
GH,product-461,380,83.57
KE,product-462,289,66.22
ZA,product-463,358,46.46
MA,product-464,416,62.30
NG,product-465,727,42.17
GH,product-466,425,46.75
KE,product-467,961,73.61
ZA,product-468,219,86.70
MA,product-469,845,43.52
NG,product-470,693,24.51
GH,product-471,507,0.21
KE,product-472,613,61.62
ZA,product-473,488,33.37
MA,product-474,510,61.40
NG,product-475,347,72.41
GH,product-476,68,37.93
KE,product-477,653,85.85
ZA,product-478,551,88.12
MA,product-479,824,45.55
NG,product-480,993,87.11
GH,product-481,396,89.72
KE,product-482,518,82.77
ZA,product-483,260,78.43
MA,product-484,579,27.02
NG,product-485,354,30.07
GH,product-486,425,89.93
KE,product-487,345,7.38
ZA,product-488,364,61.17
MA,product-489,521,10.04
NG,product-490,362,29.08
GH,product-491,569,98.83
KE,product-492,522,69.14
ZA,product-493,571,51.82
MA,product-494,657,86.46
NG,product-495,558,23.03
GH,product-496,236,52.06
KE,product-497,198,32.00
ZA,product-498,551,85.40
MA,product-499,523,85.17
NG,product-500,862,99.09
GH,product-501,155,36.61
KE,product-502,328,35.31
ZA,product-503,181,97.58
MA,product-504,167,44.92
NG,product-505,13,40.08
GH,product-506,16,66.02
KE,product-507,980,54.66
ZA,product-508,57,52.70
MA,product-509,141,37.04
NG,product-510,348,48.92
GH,product-511,280,79.53
KE,product-512,231,25.56
ZA,product-513,185,35.92
MA,product-514,739,85.17
NG,product-515,463,62.40
GH,product-516,86,68.29
KE,product-517,107,53.46
ZA,product-518,232,73.06
MA,product-519,894,45.79
NG,product-520,170,66.35
GH,product-521,324,64.43
KE,product-522,817,27.85
ZA,product-523,789,65.58
MA,product-524,318,26.31
NG,product-525,86,34.70
GH,product-526,149,11.48
KE,product-527,188,69.69
ZA,product-528,327,40.33
MA,product-529,784,53.40
NG,product-530,15,11.64
GH,product-531,143,43.55
KE,product-532,624,27.49
ZA,product-533,401,41.57
MA,product-534,10,65.81
NG,product-535,950,9.56
GH,product-536,905,18.43
KE,product-537,946,4.77
ZA,product-538,422,57.93
MA,product-539,676,95.67
NG,product-540,809,92.72
GH,product-541,766,32.48
KE,product-542,768,42.39
ZA,product-543,325,23.01
MA,product-544,617,78.48
NG,product-545,137,60.18
GH,product-546,55,87.76
KE,product-547,445,90.97
ZA,product-548,374,62.13
MA,product-549,773,99.97
NG,product-550,898,12.48
GH,product-551,963,9.02
KE,product-552,613,81.83
ZA,product-553,983,51.51
MA,product-554,623,17.25
NG,product-555,751,46.31
GH,product-556,881,94.39
KE,product-557,247,20.38
ZA,product-558,806,46.56
MA,product-559,174,24.26
NG,product-560,16,56.55
GH,product-561,849,10.69
KE,product-562,143,81.72
ZA,product-563,735,71.16
MA,product-564,884,62.97
NG,product-565,128,26.30
GH,product-566,392,16.12
KE,product-567,124,58.22
ZA,product-568,273,3.66
MA,product-569,86,1.52
NG,product-570,255,12.21
GH,product-571,947,64.08
KE,product-572,225,23.39
ZA,product-573,459,40.03
MA,product-574,330,57.27
NG,product-575,844,43.46
GH,product-576,255,93.62
KE,product-577,404,63.84
ZA,product-578,527,99.01
MA,product-579,244,41.30
NG,product-580,521,57.81
GH,product-581,793,73.52
KE,product-582,242,34.38
ZA,product-583,178,66.76
MA,product-584,453,40.87
NG,product-585,620,68.18
GH,product-586,88,75.92
KE,product-587,195,9.92
ZA,product-588,512,36.39
MA,product-589,445,60.45
NG,product-590,740,28.50
GH,product-591,44,10.51
KE,product-592,178,67.24
ZA,product-593,21,91.97
MA,product-594,726,33.31
NG,product-595,410,62.45
GH,product-596,398,57.17
KE,product-597,401,67.82
ZA,product-598,260,99.61
MA,product-599,166,16.75
NG,product-600,107,9.44
GH,product-601,116,45.27
KE,product-602,600,76.85
ZA,product-603,878,23.55
MA,product-604,480,24.30
NG,product-605,442,42.19
GH,product-606,552,24.12
KE,product-607,176,71.42
ZA,product-608,672,59.05
MA,product-609,88,41.35
NG,product-610,616,57.83
GH,product-611,279,14.35
KE,product-612,748,17.97
ZA,product-613,21,72.65
MA,product-614,910,7.67
NG,product-615,827,64.47
GH,product-616,711,38.81
KE,product-617,99,65.92
ZA,product-618,803,0.15
MA,product-619,993,15.01
NG,product-620,106,17.17
GH,product-621,135,19.91
KE,product-622,962,79.50
ZA,product-623,959,95.22
MA,product-624,168,44.81
NG,product-625,572,87.64
GH,product-626,813,4.01
KE,product-627,454,38.60
ZA,product-628,148,85.51
MA,product-629,858,52.55
NG,product-630,417,47.54
GH,product-631,785,25.33
KE,product-632,532,30.26
ZA,product-633,856,86.04
MA,product-634,108,33.22
NG,product-635,753,39.30
GH,product-636,40,77.29
KE,product-637,99,1.46
ZA,product-638,428,48.93
MA,product-639,635,41.83
NG,product-640,843,68.06
GH,product-641,764,21.10
KE,product-642,160,90.28
ZA,product-643,527,10.26
MA,product-644,959,77.49
NG,product-645,166,34.00
GH,product-646,624,69.15
KE,product-647,284,66.70
ZA,product-648,107,74.88
MA,product-649,672,20.87
NG,product-650,78,78.90
GH,product-651,500,35.46
KE,product-652,251,90.70
ZA,product-653,102,19.94
MA,product-654,813,43.75
NG,product-655,255,80.96
GH,product-656,159,1.22
KE,product-657,980,59.18
ZA,product-658,154,72.91
MA,product-659,948,49.32
NG,product-660,551,34.74
GH,product-661,867,27.74
KE,product-662,497,42.82
ZA,product-663,361,9.71
MA,product-664,675,59.98
NG,product-665,427,86.98
GH,product-666,842,25.36
KE,product-667,529,48.83
ZA,product-668,503,52.28
MA,product-669,267,27.10
NG,product-670,278,6.97
GH,product-671,852,32.43
KE,product-672,221,74.47
ZA,product-673,657,56.36
MA,product-674,971,30.57
NG,product-675,298,77.99
GH,product-676,224,9.61
KE,product-677,264,45.09
ZA,product-678,306,93.87
MA,product-679,66,29.76
NG,product-680,334,11.66
GH,product-681,553,35.83
KE,product-682,540,40.22
ZA,product-683,932,38.85
MA,product-684,416,44.17
NG,product-685,717,94.81
GH,product-686,907,21.16
KE,product-687,403,92.52
ZA,product-688,751,20.90
MA,product-689,673,28.51
NG,product-690,970,3.16
GH,product-691,896,92.44
KE,product-692,719,98.05
ZA,product-693,295,80.91
MA,product-694,302,0.09
NG,product-695,767,17.93
GH,product-696,895,89.11
KE,product-697,647,83.32
ZA,product-698,951,80.58
MA,product-699,828,43.54
NG,product-700,840,87.66
GH,product-701,992,39.69
KE,product-702,948,9.79
ZA,product-703,380,91.85
MA,product-704,542,73.26
NG,product-705,545,35.19
GH,product-706,390,46.84
KE,product-707,505,12.05
ZA,product-708,448,35.55
MA,product-709,250,31.96
NG,product-710,139,85.02
GH,product-711,573,56.25
KE,product-712,52,23.81
ZA,product-713,60,46.26
MA,product-714,479,87.27
NG,product-715,730,97.17
GH,product-716,215,30.71
KE,product-717,822,96.81
ZA,product-718,180,84.91
MA,product-719,606,67.73
NG,product-720,408,48.94
GH,product-721,198,29.68
KE,product-722,270,57.31
ZA,product-723,14,33.35
MA,product-724,65,56.65
NG,product-725,724,23.65
GH,product-726,200,61.46
KE,product-727,590,10.64
ZA,product-728,992,55.15
MA,product-729,875,46.98
NG,product-730,842,56.40
GH,product-731,392,36.03
KE,product-732,627,73.43
ZA,product-733,613,21.55
MA,product-734,513,23.67
NG,product-735,42,4.80
GH,product-736,872,9.37
KE,product-737,20,59.15
ZA,product-738,766,52.72
MA,product-739,376,13.91
NG,product-740,750,64.71
GH,product-741,47,16.89
KE,product-742,449,52.66
ZA,product-743,823,14.13
MA,product-744,165,47.54
NG,product-745,496,51.98
GH,product-746,432,23.06
KE,product-747,272,17.40
ZA,product-748,722,95.98
MA,product-749,909,90.68
NG,product-750,935,40.43
GH,product-751,737,98.83
KE,product-752,867,3.07
ZA,product-753,26,18.39
MA,product-754,653,29.00
NG,product-755,769,78.53
GH,product-756,309,86.01
KE,product-757,449,69.28
ZA,product-758,75,80.75
MA,product-759,810,50.35
NG,product-760,898,29.58
GH,product-761,937,93.66
KE,product-762,817,88.78
ZA,product-763,292,19.49
MA,product-764,823,82.19
NG,product-765,112,32.24
GH,product-766,690,57.80
KE,product-767,694,99.29
ZA,product-768,314,38.33
MA,product-769,126,6.82
NG,product-770,763,68.22
GH,product-771,261,86.49
KE,product-772,353,8.83
ZA,product-773,696,21.81
MA,product-774,220,55.06
NG,product-775,743,23.14
GH,product-776,426,64.04
KE,product-777,177,92.52
ZA,product-778,945,10.47
MA,product-779,304,53.84
NG,product-780,38,57.85
GH,product-781,647,9.85
KE,product-782,110,78.38
ZA,product-783,196,52.68
MA,product-784,613,97.88
NG,product-785,663,0.67
GH,product-786,284,43.13
KE,product-787,975,14.18
ZA,product-788,859,50.94
MA,product-789,165,89.85
NG,product-790,901,60.39
GH,product-791,597,29.29
KE,product-792,675,76.18
ZA,product-793,784,71.33
MA,product-794,674,74.93
NG,product-795,133,56.14
GH,product-796,872,87.58
KE,product-797,862,26.60
ZA,product-798,916,63.17
MA,product-799,876,11.92
NG,product-800,305,64.28
GH,product-801,750,24.26
KE,product-802,666,71.04
ZA,product-803,743,53.26
MA,product-804,950,4.15
NG,product-805,977,29.15
GH,product-806,7,66.19
KE,product-807,233,22.99
ZA,product-808,946,66.92
MA,product-809,856,74.69
NG,product-810,334,50.34
GH,product-811,225,41.38
KE,product-812,52,83.45
ZA,product-813,244,55.12
MA,product-814,470,12.38
NG,product-815,356,68.92
GH,product-816,464,51.52
KE,product-817,276,53.23
ZA,product-818,921,56.70
MA,product-819,700,98.96
NG,product-820,844,77.62
GH,product-821,327,90.05
KE,product-822,150,42.88
ZA,product-823,783,77.08
MA,product-824,73,75.19
NG,product-825,500,44.27
GH,product-826,250,46.14
KE,product-827,174,62.66
ZA,product-828,715,78.74
MA,product-829,680,31.13
NG,product-830,559,34.74
GH,product-831,275,92.67
KE,product-832,718,12.70
ZA,product-833,290,28.04
MA,product-834,641,25.35
NG,product-835,601,81.61
GH,product-836,637,12.66
KE,product-837,613,26.82
ZA,product-838,902,21.78
MA,product-839,880,97.18
NG,product-840,239,45.73
GH,product-841,279,56.71
KE,product-842,181,83.65
ZA,product-843,409,38.42
MA,product-844,42,27.17
NG,product-845,21,67.05
GH,product-846,894,49.17
KE,product-847,267,90.78
ZA,product-848,693,63.98
MA,product-849,991,70.20
NG,product-850,908,14.11
GH,product-851,630,55.43
KE,product-852,752,92.49
ZA,product-853,827,3.92
MA,product-854,871,36.71
NG,product-855,396,55.57
GH,product-856,153,1.79
KE,product-857,940,17.27
ZA,product-858,373,37.07
MA,product-859,33,41.39
NG,product-860,286,43.97
GH,product-861,667,61.15
KE,product-862,641,34.34
ZA,product-863,903,17.57
MA,product-864,948,50.55
NG,product-865,735,8.83
GH,product-866,866,99.68
KE,product-867,759,92.66
ZA,product-868,389,95.51
MA,product-869,713,47.39
NG,product-870,223,47.35
GH,product-871,876,58.23
KE,product-872,237,45.40
ZA,product-873,395,92.33
MA,product-874,467,45.50
NG,product-875,698,98.29
GH,product-876,922,85.41
KE,product-877,600,3.23
ZA,product-878,289,4.13
MA,product-879,954,38.83
NG,product-880,928,63.16
GH,product-881,419,58.58
KE,product-882,615,94.74
ZA,product-883,712,46.68
MA,product-884,204,8.61
NG,product-885,137,15.37
GH,product-886,232,80.15
KE,product-887,209,55.87
ZA,product-888,4,51.94
MA,product-889,868,4.48
NG,product-890,185,93.35
GH,product-891,250,93.38
KE,product-892,761,90.70
ZA,product-893,703,85.68
MA,product-894,292,27.49
NG,product-895,593,47.08
GH,product-896,38,19.55
KE,product-897,732,81.24
ZA,product-898,407,19.53
MA,product-899,812,99.30
NG,product-900,682,22.26
GH,product-901,85,50.39
KE,product-902,927,73.33
ZA,product-903,681,1.80
MA,product-904,407,24.65
NG,product-905,97,3.41
GH,product-906,276,16.89
KE,product-907,250,21.81
ZA,product-908,500,67.10
MA,product-909,762,40.05
NG,product-910,487,69.46
GH,product-911,458,97.25
KE,product-912,24,25.54
ZA,product-913,965,15.75
MA,product-914,606,24.19
NG,product-915,497,93.07
GH,product-916,218,69.40
KE,product-917,233,10.18
ZA,product-918,126,29.01
MA,product-919,436,34.28
NG,product-920,252,13.95
GH,product-921,556,7.96
KE,product-922,625,31.17
ZA,product-923,856,51.15
MA,product-924,955,20.44
NG,product-925,790,15.41
GH,product-926,837,15.91
KE,product-927,39,79.68
ZA,product-928,872,23.95
MA,product-929,448,59.92
NG,product-930,506,87.46
GH,product-931,981,26.60
KE,product-932,38,72.39
ZA,product-933,588,68.50
MA,product-934,563,58.44
NG,product-935,976,97.30
GH,product-936,421,30.26
KE,product-937,508,62.42
ZA,product-938,960,71.47
MA,product-939,81,99.90
NG,product-940,740,44.76
GH,product-941,308,80.89
KE,product-942,381,31.82
ZA,product-943,454,77.06
MA,product-944,844,77.99
NG,product-945,192,37.49
GH,product-946,827,11.03
KE,product-947,309,96.72
ZA,product-948,230,90.62
MA,product-949,836,65.09
NG,product-950,246,69.28
GH,product-951,928,4.46
KE,product-952,156,83.35
ZA,product-953,430,25.00
MA,product-954,755,76.94
NG,product-955,441,20.65
GH,product-956,123,71.60
KE,product-957,725,20.41
ZA,product-958,627,4.72
MA,product-959,946,2.87
NG,product-960,363,13.28
GH,product-961,922,98.36
KE,product-962,348,73.55
ZA,product-963,225,94.52
MA,product-964,972,98.62
NG,product-965,337,15.77
GH,product-966,662,83.34
KE,product-967,688,22.58
ZA,product-968,557,90.89
MA,product-969,618,92.42
NG,product-970,874,2.01
GH,product-971,64,67.57
KE,product-972,644,66.15
ZA,product-973,313,55.89
MA,product-974,162,1.34
NG,product-975,564,86.70
GH,product-976,443,56.15
KE,product-977,310,60.37
ZA,product-978,221,57.35
MA,product-979,817,73.17
NG,product-980,588,9.60
GH,product-981,523,30.87
KE,product-982,151,88.64
ZA,product-983,382,37.27
MA,product-984,8,74.78
NG,product-985,92,51.26
GH,product-986,538,45.73
KE,product-987,909,67.64
ZA,product-988,341,23.38
MA,product-989,357,87.53
NG,product-990,658,90.10
GH,product-991,556,73.36
KE,product-992,394,60.37
ZA,product-993,638,17.38
MA,product-994,499,57.47
NG,product-995,18,79.63
GH,product-996,678,10.71
KE,product-997,590,69.80
ZA,product-998,78,46.09
MA,product-999,220,2.07
NG,product-1000,847,27.46
GH,product-1001,888,56.96
KE,product-1002,12,70.33
ZA,product-1003,689,0.40
MA,product-1004,238,46.95
NG,product-1005,831,55.11
GH,product-1006,190,36.70
KE,product-1007,913,3.99
ZA,product-1008,268,19.11
MA,product-1009,739,4.16
NG,product-1010,370,79.20
GH,product-1011,118,1.34
KE,product-1012,388,54.88
ZA,product-1013,722,88.45
MA,product-1014,338,58.89
NG,product-1015,996,75.50
GH,product-1016,24,75.80
KE,product-1017,941,11.23
ZA,product-1018,576,67.34
MA,product-1019,695,47.00
NG,product-1020,955,3.08
GH,product-1021,881,14.58
KE,product-1022,357,13.80
ZA,product-1023,376,99.38
MA,product-1024,389,1.33
NG,product-1025,50,73.02
GH,product-1026,244,72.29
KE,product-1027,422,79.23
ZA,product-1028,690,55.25
MA,product-1029,520,94.11
NG,product-1030,688,89.84
GH,product-1031,393,6.59
KE,product-1032,630,17.59
ZA,product-1033,319,77.96
MA,product-1034,597,56.38
NG,product-1035,37,98.54
GH,product-1036,307,58.35
KE,product-1037,292,82.78
ZA,product-1038,701,42.32
MA,product-1039,936,16.27
NG,product-1040,931,57.23
GH,product-1041,727,38.13
KE,product-1042,123,70.10
ZA,product-1043,235,33.91
MA,product-1044,672,71.75
NG,product-1045,591,9.66
GH,product-1046,915,56.43
KE,product-1047,867,80.31
ZA,product-1048,235,16.27
MA,product-1049,314,49.80
NG,product-1050,22,18.69
GH,product-1051,310,11.12
KE,product-1052,248,70.39
ZA,product-1053,769,89.09
MA,product-1054,291,20.86
NG,product-1055,292,7.25
GH,product-1056,588,91.20
KE,product-1057,639,70.13
ZA,product-1058,237,49.42
MA,product-1059,693,12.83
NG,product-1060,280,86.21
GH,product-1061,287,90.80
KE,product-1062,538,26.69
ZA,product-1063,629,27.31
MA,product-1064,680,72.93
NG,product-1065,593,7.76
GH,product-1066,308,78.07
KE,product-1067,682,66.98
ZA,product-1068,371,48.48
MA,product-1069,554,12.84
NG,product-1070,344,45.70
GH,product-1071,248,73.99
KE,product-1072,524,97.36
ZA,product-1073,288,64.39
MA,product-1074,561,91.64
NG,product-1075,164,90.04
GH,product-1076,192,51.37
KE,product-1077,869,1.10
ZA,product-1078,301,77.77
MA,product-1079,869,48.03
NG,product-1080,891,97.82
GH,product-1081,203,78.67
KE,product-1082,137,60.42
ZA,product-1083,48,44.96
MA,product-1084,100,38.19
NG,product-1085,731,71.59
GH,product-1086,127,59.36
KE,product-1087,109,55.78
ZA,product-1088,401,61.47
MA,product-1089,445,30.04
NG,product-1090,394,26.32
GH,product-1091,267,1.77
KE,product-1092,423,57.51
ZA,product-1093,721,9.84
MA,product-1094,582,16.65
NG,product-1095,920,73.79
GH,product-1096,310,89.73
KE,product-1097,197,65.41
ZA,product-1098,276,7.52
MA,product-1099,222,92.26
NG,product-1100,443,67.93
GH,product-1101,591,83.28
KE,product-1102,275,61.49
ZA,product-1103,652,82.90
MA,product-1104,50,47.24
NG,product-1105,122,23.40
GH,product-1106,700,10.57
KE,product-1107,116,46.36
ZA,product-1108,290,5.34
MA,product-1109,260,45.40
NG,product-1110,980,98.50
GH,product-1111,240,28.11
KE,product-1112,374,80.07
ZA,product-1113,9,21.20
MA,product-1114,587,74.42
NG,product-1115,184,27.52
GH,product-1116,35,83.90
KE,product-1117,115,81.25
ZA,product-1118,518,79.78
MA,product-1119,868,96.56
NG,product-1120,339,23.63
GH,product-1121,736,38.34
KE,product-1122,217,19.11
ZA,product-1123,520,48.67
MA,product-1124,976,79.62
NG,product-1125,29,74.90
GH,product-1126,648,40.64
KE,product-1127,877,35.07
ZA,product-1128,132,68.08
MA,product-1129,854,14.29
NG,product-1130,257,47.30
GH,product-1131,930,74.85
KE,product-1132,172,34.85
ZA,product-1133,218,36.16
MA,product-1134,702,14.17
NG,product-1135,761,42.33
GH,product-1136,948,43.92
KE,product-1137,792,45.02
ZA,product-1138,434,14.83
MA,product-1139,34,58.15
NG,product-1140,349,61.32
GH,product-1141,761,97.89
KE,product-1142,336,15.69
ZA,product-1143,255,86.98
MA,product-1144,235,75.65
NG,product-1145,970,54.15
GH,product-1146,103,22.63
KE,product-1147,921,16.92
ZA,product-1148,831,40.34
MA,product-1149,814,32.87
NG,product-1150,581,99.82
GH,product-1151,931,27.79
KE,product-1152,910,20.74
ZA,product-1153,857,75.81
MA,product-1154,938,67.54
NG,product-1155,831,94.64
GH,product-1156,232,41.20
KE,product-1157,551,6.15
ZA,product-1158,561,14.78
MA,product-1159,949,33.56
NG,product-1160,695,78.49
GH,product-1161,955,10.13
KE,product-1162,382,74.21
ZA,product-1163,221,40.21
MA,product-1164,367,57.98
NG,product-1165,203,86.51
GH,product-1166,546,70.58
KE,product-1167,429,29.91
ZA,product-1168,809,61.25
MA,product-1169,11,69.52
NG,product-1170,290,34.79
GH,product-1171,963,91.03
KE,product-1172,880,56.36
ZA,product-1173,690,57.02
MA,product-1174,709,43.18
NG,product-1175,38,45.04
GH,product-1176,633,5.20
KE,product-1177,175,51.83
ZA,product-1178,850,6.76
MA,product-1179,792,71.91
NG,product-1180,147,94.99
GH,product-1181,747,34.61
KE,product-1182,643,76.26
ZA,product-1183,591,59.78
MA,product-1184,814,55.65
NG,product-1185,744,2.93
GH,product-1186,821,68.36
KE,product-1187,338,16.67
ZA,product-1188,198,31.29
MA,product-1189,167,67.04
NG,product-1190,172,46.21
GH,product-1191,350,83.45
KE,product-1192,529,4.03
ZA,product-1193,554,39.14
MA,product-1194,660,46.85
NG,product-1195,625,14.01
GH,product-1196,890,48.80
KE,product-1197,375,33.78
ZA,product-1198,625,18.25
MA,product-1199,573,22.91
NG,product-1200,131,27.41
GH,product-1201,808,11.08
KE,product-1202,563,99.44
ZA,product-1203,206,16.72
MA,product-1204,47,11.13
NG,product-1205,632,46.02
GH,product-1206,172,26.44
KE,product-1207,340,63.06
ZA,product-1208,458,70.89
MA,product-1209,684,37.16
NG,product-1210,524,38.63
GH,product-1211,974,76.12
KE,product-1212,51,64.24
ZA,product-1213,802,80.60
MA,product-1214,116,93.00
NG,product-1215,291,37.68
GH,product-1216,605,14.43
KE,product-1217,735,46.52
ZA,product-1218,860,83.18
MA,product-1219,299,29.66
NG,product-1220,421,85.24
GH,product-1221,180,19.07
KE,product-1222,150,99.44
ZA,product-1223,210,68.24
MA,product-1224,813,36.37
NG,product-1225,433,1.84
GH,product-1226,632,62.85
KE,product-1227,303,21.99
ZA,product-1228,660,88.44
MA,product-1229,247,13.47
NG,product-1230,896,75.20
GH,product-1231,122,52.82
KE,product-1232,516,34.96
ZA,product-1233,897,84.47
MA,product-1234,966,42.76
NG,product-1235,759,29.10
GH,product-1236,621,67.36
KE,product-1237,572,69.61
ZA,product-1238,583,3.48
MA,product-1239,629,55.61
NG,product-1240,36,8.80
GH,product-1241,776,23.71
KE,product-1242,691,66.79
ZA,product-1243,274,7.32
MA,product-1244,129,78.60
NG,product-1245,298,33.63
GH,product-1246,721,18.55
KE,product-1247,575,13.46
ZA,product-1248,77,73.49
MA,product-1249,252,99.75
NG,product-1250,26,53.92
GH,product-1251,298,23.69
KE,product-1252,468,22.00
ZA,product-1253,93,66.82
MA,product-1254,557,47.15
NG,product-1255,241,67.03
GH,product-1256,394,44.18
KE,product-1257,979,31.28
ZA,product-1258,128,62.52
MA,product-1259,859,61.20
NG,product-1260,907,39.72
GH,product-1261,619,97.79
KE,product-1262,232,10.06
ZA,product-1263,189,39.08
MA,product-1264,926,56.79
NG,product-1265,438,22.67
GH,product-1266,899,93.07
KE,product-1267,27,98.10
ZA,product-1268,432,40.31
MA,product-1269,16,65.01
NG,product-1270,661,68.77
GH,product-1271,553,25.42
KE,product-1272,870,75.11
ZA,product-1273,473,92.14
MA,product-1274,353,6.33
NG,product-1275,319,34.34
GH,product-1276,785,89.62
KE,product-1277,763,30.58
ZA,product-1278,830,74.32
MA,product-1279,150,54.98
NG,product-1280,465,78.90
GH,product-1281,802,62.15
KE,product-1282,928,71.28
ZA,product-1283,197,90.24
MA,product-1284,257,63.21
NG,product-1285,17,79.07
GH,product-1286,585,21.37
KE,product-1287,658,43.97
ZA,product-1288,942,56.69
MA,product-1289,147,0.21
NG,product-1290,110,37.23
GH,product-1291,553,17.33
KE,product-1292,318,30.81
ZA,product-1293,683,66.54
MA,product-1294,967,51.60
NG,product-1295,746,53.85
GH,product-1296,200,62.86
KE,product-1297,688,19.34
ZA,product-1298,193,12.30
MA,product-1299,959,89.11
NG,product-1300,28,18.54
GH,product-1301,447,10.18
KE,product-1302,935,22.34
ZA,product-1303,234,37.02
MA,product-1304,303,28.01
NG,product-1305,31,92.87
GH,product-1306,643,58.45
KE,product-1307,337,3.17
ZA,product-1308,626,92.25
MA,product-1309,916,15.21
NG,product-1310,131,6.82
GH,product-1311,962,97.54
KE,product-1312,100,2.54
ZA,product-1313,929,0.81
MA,product-1314,413,31.06
NG,product-1315,171,55.30
GH,product-1316,70,30.18
KE,product-1317,465,26.57
ZA,product-1318,760,72.91
MA,product-1319,612,76.02
NG,product-1320,382,19.66
GH,product-1321,107,56.43
KE,product-1322,289,49.38
ZA,product-1323,486,97.58
MA,product-1324,326,90.80
NG,product-1325,784,10.48
GH,product-1326,658,14.98
KE,product-1327,286,61.46
ZA,product-1328,212,58.69
MA,product-1329,469,14.96
NG,product-1330,761,6.34
GH,product-1331,174,95.40
KE,product-1332,129,14.82
ZA,product-1333,903,39.45
MA,product-1334,973,70.26
NG,product-1335,569,23.89
GH,product-1336,616,32.50
KE,product-1337,932,76.02
ZA,product-1338,518,19.68
MA,product-1339,469,45.25
NG,product-1340,11,73.79
GH,product-1341,926,63.42
KE,product-1342,457,53.43
ZA,product-1343,429,54.12
MA,product-1344,394,52.21
NG,product-1345,882,85.13
GH,product-1346,295,71.79
KE,product-1347,429,31.59
ZA,product-1348,960,31.60
MA,product-1349,862,28.31
NG,product-1350,751,44.42
GH,product-1351,352,29.05
KE,product-1352,492,81.74
ZA,product-1353,288,49.81
MA,product-1354,751,86.25
NG,product-1355,746,4.31
GH,product-1356,32,3.64
KE,product-1357,989,20.01
ZA,product-1358,257,0.68
MA,product-1359,108,64.14
NG,product-1360,553,35.39
GH,product-1361,64,91.21
KE,product-1362,110,88.91
ZA,product-1363,741,41.80
MA,product-1364,327,41.52
NG,product-1365,480,55.69
GH,product-1366,565,3.22
KE,product-1367,32,76.80
ZA,product-1368,727,69.52
MA,product-1369,544,73.26
NG,product-1370,93,12.44
GH,product-1371,453,0.73
KE,product-1372,518,96.68
ZA,product-1373,393,58.20
MA,product-1374,181,3.73
NG,product-1375,536,24.09
GH,product-1376,291,82.15
KE,product-1377,442,44.90
ZA,product-1378,218,10.37
MA,product-1379,677,84.09
NG,product-1380,893,94.26
GH,product-1381,741,8.20
KE,product-1382,956,1.21
ZA,product-1383,377,3.66
MA,product-1384,799,74.44
NG,product-1385,30,17.91
GH,product-1386,292,87.03
KE,product-1387,775,0.44
ZA,product-1388,933,35.88
MA,product-1389,337,90.52
NG,product-1390,24,86.41
GH,product-1391,105,26.71
KE,product-1392,995,34.69
ZA,product-1393,375,56.42
MA,product-1394,937,7.99
NG,product-1395,786,52.78
GH,product-1396,449,93.22
KE,product-1397,110,83.51
ZA,product-1398,895,55.30
MA,product-1399,917,17.43
NG,product-1400,215,52.89
GH,product-1401,911,77.32
KE,product-1402,477,72.69
ZA,product-1403,410,81.93
MA,product-1404,234,59.00
NG,product-1405,645,67.91
GH,product-1406,768,64.57
KE,product-1407,695,68.36
ZA,product-1408,386,69.56
MA,product-1409,764,38.39
NG,product-1410,407,66.85
GH,product-1411,694,74.09
KE,product-1412,80,27.05
ZA,product-1413,311,53.52
MA,product-1414,433,47.02
NG,product-1415,896,4.46
GH,product-1416,640,68.00
KE,product-1417,217,67.02
ZA,product-1418,850,44.12
MA,product-1419,475,35.37
NG,product-1420,191,20.14
GH,product-1421,295,74.11
KE,product-1422,641,66.84
ZA,product-1423,549,24.78
MA,product-1424,938,85.53
NG,product-1425,771,85.29
GH,product-1426,977,74.68
KE,product-1427,707,85.62
ZA,product-1428,54,88.23
MA,product-1429,263,41.31
NG,product-1430,916,83.27
GH,product-1431,761,89.27
KE,product-1432,738,84.78
ZA,product-1433,408,24.42
MA,product-1434,559,80.53
NG,product-1435,525,20.01
GH,product-1436,175,4.19
KE,product-1437,711,35.08
ZA,product-1438,792,32.76
MA,product-1439,772,46.40
NG,product-1440,449,4.28
GH,product-1441,144,65.70
KE,product-1442,356,99.37
ZA,product-1443,635,98.64
MA,product-1444,532,19.49
NG,product-1445,718,4.86
GH,product-1446,146,65.01
KE,product-1447,490,46.79
ZA,product-1448,741,88.85
MA,product-1449,82,70.24
NG,product-1450,672,40.60
GH,product-1451,778,87.62
KE,product-1452,337,45.41
ZA,product-1453,390,13.75
MA,product-1454,449,63.70
NG,product-1455,921,49.44
GH,product-1456,564,83.93
KE,product-1457,463,48.21
ZA,product-1458,756,65.94
MA,product-1459,773,15.89
NG,product-1460,267,56.45
GH,product-1461,928,0.44
KE,product-1462,535,40.27
ZA,product-1463,374,90.64
MA,product-1464,994,61.62
NG,product-1465,663,27.00
GH,product-1466,440,85.72
KE,product-1467,674,10.71
ZA,product-1468,531,33.55
MA,product-1469,497,82.83
NG,product-1470,66,15.35
GH,product-1471,314,56.28
KE,product-1472,981,58.27
ZA,product-1473,436,14.31
MA,product-1474,612,33.64
NG,product-1475,603,83.61
GH,product-1476,776,39.38
KE,product-1477,719,22.89
ZA,product-1478,818,95.80
MA,product-1479,794,29.36
NG,product-1480,749,46.93
GH,product-1481,190,40.10
KE,product-1482,467,79.16
ZA,product-1483,570,57.92
MA,product-1484,740,94.50
NG,product-1485,842,7.40
GH,product-1486,613,76.34
KE,product-1487,140,97.86
ZA,product-1488,404,4.08
MA,product-1489,204,11.26
NG,product-1490,305,4.21
GH,product-1491,686,56.35
KE,product-1492,778,7.56
ZA,product-1493,223,42.60
MA,product-1494,278,73.40
NG,product-1495,959,42.63
GH,product-1496,962,42.66
KE,product-1497,472,21.20
ZA,product-1498,169,74.12
MA,product-1499,24,40.72
NG,product-1500,95,14.30
GH,product-1501,784,12.86
KE,product-1502,823,71.14
ZA,product-1503,590,12.15
MA,product-1504,352,69.62
NG,product-1505,680,36.59
GH,product-1506,100,73.70
KE,product-1507,121,36.70
ZA,product-1508,493,71.12
MA,product-1509,314,77.05
NG,product-1510,634,20.95
GH,product-1511,322,82.73
KE,product-1512,433,10.54
ZA,product-1513,436,77.20
MA,product-1514,254,63.18
NG,product-1515,960,53.50
GH,product-1516,603,99.48
KE,product-1517,7,46.93
ZA,product-1518,490,98.05
MA,product-1519,85,36.36
NG,product-1520,218,12.58
GH,product-1521,222,79.21
KE,product-1522,582,81.08
ZA,product-1523,87,81.34
MA,product-1524,813,74.62
NG,product-1525,715,79.78
GH,product-1526,532,23.82
KE,product-1527,563,85.24
ZA,product-1528,274,28.82
MA,product-1529,918,84.35
NG,product-1530,628,30.95
GH,product-1531,598,11.44
KE,product-1532,710,68.93
ZA,product-1533,148,37.92
MA,product-1534,444,8.57
NG,product-1535,998,87.13
GH,product-1536,63,55.14
KE,product-1537,410,94.23
ZA,product-1538,766,20.79
MA,product-1539,36,83.29
NG,product-1540,875,49.34
GH,product-1541,274,73.39
KE,product-1542,20,0.48
ZA,product-1543,418,7.13
MA,product-1544,748,19.55
NG,product-1545,438,10.79
GH,product-1546,191,62.97
KE,product-1547,630,28.84
ZA,product-1548,61,40.88
MA,product-1549,544,99.44
NG,product-1550,954,35.05
GH,product-1551,439,70.89
KE,product-1552,316,1.71
ZA,product-1553,173,99.83
MA,product-1554,718,76.19
NG,product-1555,547,82.42
GH,product-1556,74,17.98
KE,product-1557,988,27.45
ZA,product-1558,95,84.69
MA,product-1559,138,67.91
NG,product-1560,269,87.15
GH,product-1561,721,64.16
KE,product-1562,164,41.50
ZA,product-1563,410,98.30
MA,product-1564,825,79.22
NG,product-1565,463,46.07
GH,product-1566,195,7.73
KE,product-1567,963,11.90
ZA,product-1568,320,39.53
MA,product-1569,835,5.65
NG,product-1570,457,42.11
GH,product-1571,497,54.15
KE,product-1572,929,42.01
ZA,product-1573,514,93.42
MA,product-1574,949,98.79
NG,product-1575,235,53.15
GH,product-1576,167,69.81
KE,product-1577,820,6.95
ZA,product-1578,904,12.03
MA,product-1579,194,90.06
NG,product-1580,998,92.21
GH,product-1581,506,18.16
KE,product-1582,994,66.57
ZA,product-1583,379,82.88
MA,product-1584,768,16.95
NG,product-1585,957,41.81
GH,product-1586,545,3.32
KE,product-1587,303,48.42
ZA,product-1588,205,79.86
MA,product-1589,955,27.26
NG,product-1590,705,85.75
GH,product-1591,233,96.25
KE,product-1592,508,6.92
ZA,product-1593,55,98.24
MA,product-1594,213,34.05
NG,product-1595,274,36.88
GH,product-1596,269,26.19
KE,product-1597,978,90.29
ZA,product-1598,271,94.13
MA,product-1599,987,18.96
NG,product-1600,693,9.45
GH,product-1601,432,9.31
KE,product-1602,733,75.58
ZA,product-1603,251,43.56
MA,product-1604,618,94.63
NG,product-1605,162,86.08
GH,product-1606,693,64.68
KE,product-1607,446,16.48
ZA,product-1608,665,92.52
MA,product-1609,414,13.37
NG,product-1610,954,32.41
GH,product-1611,339,80.39
KE,product-1612,444,27.18
ZA,product-1613,134,74.61
MA,product-1614,522,60.78
NG,product-1615,644,39.85
GH,product-1616,706,48.88
KE,product-1617,138,91.51
ZA,product-1618,586,63.91
MA,product-1619,515,52.82
NG,product-1620,510,33.13
GH,product-1621,395,35.87
KE,product-1622,693,81.10
ZA,product-1623,11,63.10
MA,product-1624,757,70.17
NG,product-1625,658,94.99
GH,product-1626,576,40.96
KE,product-1627,671,0.44
ZA,product-1628,194,13.78
MA,product-1629,801,38.10
NG,product-1630,498,30.54
GH,product-1631,200,58.85
KE,product-1632,52,37.45
ZA,product-1633,505,8.22
MA,product-1634,369,45.05
NG,product-1635,735,72.05
GH,product-1636,205,31.70
KE,product-1637,277,91.30
ZA,product-1638,53,13.96
MA,product-1639,552,88.96
NG,product-1640,9,72.25
GH,product-1641,490,0.03
KE,product-1642,563,37.28
ZA,product-1643,320,41.08
MA,product-1644,916,74.83
NG,product-1645,372,68.74
GH,product-1646,642,61.18
KE,product-1647,317,71.51
ZA,product-1648,639,20.19
MA,product-1649,449,27.63
NG,product-1650,584,23.73
GH,product-1651,326,31.09
KE,product-1652,31,57.78
ZA,product-1653,687,41.03
MA,product-1654,495,31.91
NG,product-1655,242,51.42
GH,product-1656,844,35.99
KE,product-1657,38,51.37
ZA,product-1658,189,1.11
MA,product-1659,832,68.56
NG,product-1660,64,4.81
GH,product-1661,484,4.18
KE,product-1662,913,25.58
ZA,product-1663,242,31.43
MA,product-1664,943,67.96
NG,product-1665,706,25.19
GH,product-1666,15,15.29
KE,product-1667,303,74.18
ZA,product-1668,795,76.92
MA,product-1669,996,78.30
NG,product-1670,447,71.87
GH,product-1671,333,79.23
KE,product-1672,9,30.94
ZA,product-1673,309,5.82
MA,product-1674,239,64.78
NG,product-1675,713,47.31
GH,product-1676,134,14.11
KE,product-1677,974,71.74
ZA,product-1678,69,79.62
MA,product-1679,327,71.71
NG,product-1680,682,84.41
GH,product-1681,734,99.11
KE,product-1682,597,69.83
ZA,product-1683,998,56.59
MA,product-1684,651,45.39
NG,product-1685,127,55.87
GH,product-1686,754,71.59
KE,product-1687,898,27.02
ZA,product-1688,893,10.19
MA,product-1689,282,49.58
NG,product-1690,307,67.60
GH,product-1691,106,11.69
KE,product-1692,406,90.35
ZA,product-1693,171,9.65
MA,product-1694,335,91.21
NG,product-1695,87,99.91
GH,product-1696,537,3.37
KE,product-1697,671,52.61
ZA,product-1698,508,68.38
MA,product-1699,645,49.39
NG,product-1700,585,73.37
GH,product-1701,147,60.01
KE,product-1702,775,28.79
ZA,product-1703,355,53.80
MA,product-1704,734,44.76
NG,product-1705,251,40.04
GH,product-1706,968,81.40
KE,product-1707,182,22.54
ZA,product-1708,861,47.42
MA,product-1709,397,0.22
NG,product-1710,130,27.71
GH,product-1711,586,24.57
KE,product-1712,647,15.14
ZA,product-1713,752,85.40
MA,product-1714,42,62.44
NG,product-1715,419,44.70
GH,product-1716,693,1.27
KE,product-1717,721,70.38
ZA,product-1718,306,49.76
MA,product-1719,562,39.10
NG,product-1720,886,72.68
GH,product-1721,207,28.27
KE,product-1722,823,4.87
ZA,product-1723,77,2.80
MA,product-1724,502,74.55
NG,product-1725,369,42.44
GH,product-1726,317,98.12
KE,product-1727,5,88.57
ZA,product-1728,378,82.37
MA,product-1729,943,87.45
NG,product-1730,545,9.38
GH,product-1731,138,84.79
KE,product-1732,954,40.10
ZA,product-1733,163,48.69
MA,product-1734,221,77.52
NG,product-1735,989,52.53
GH,product-1736,624,80.86
KE,product-1737,888,11.00
ZA,product-1738,85,66.41
MA,product-1739,46,8.70
NG,product-1740,714,73.21
GH,product-1741,85,33.12
KE,product-1742,380,64.04
ZA,product-1743,152,28.47
MA,product-1744,499,42.75
NG,product-1745,993,74.04
GH,product-1746,423,18.60
KE,product-1747,914,97.26
ZA,product-1748,651,67.85
MA,product-1749,905,56.80
NG,product-1750,495,10.64
GH,product-1751,481,13.56
KE,product-1752,531,19.27
ZA,product-1753,123,63.22
MA,product-1754,158,74.26
NG,product-1755,218,81.62
GH,product-1756,313,41.39
KE,product-1757,747,54.54
ZA,product-1758,601,98.06
MA,product-1759,242,22.18
NG,product-1760,99,81.09
GH,product-1761,912,31.19
KE,product-1762,789,67.99
ZA,product-1763,180,39.85
MA,product-1764,694,3.90
NG,product-1765,849,26.59
GH,product-1766,258,89.20
KE,product-1767,500,86.14
ZA,product-1768,154,27.49
MA,product-1769,776,81.18
NG,product-1770,908,34.21
GH,product-1771,700,36.89
KE,product-1772,653,55.01
ZA,product-1773,163,25.40
MA,product-1774,823,99.92
NG,product-1775,72,78.79
GH,product-1776,950,71.55
KE,product-1777,6,62.66
ZA,product-1778,150,60.76
MA,product-1779,177,1.97
NG,product-1780,759,61.79
GH,product-1781,266,54.92
KE,product-1782,642,20.55
ZA,product-1783,892,61.36
MA,product-1784,795,97.43
NG,product-1785,62,0.06
GH,product-1786,540,51.57
KE,product-1787,754,28.02
ZA,product-1788,171,86.35
MA,product-1789,639,37.18
NG,product-1790,982,74.89
GH,product-1791,663,53.06
KE,product-1792,273,98.91
ZA,product-1793,874,2.91
MA,product-1794,537,9.29
NG,product-1795,491,30.39
GH,product-1796,674,25.21
KE,product-1797,370,79.66
ZA,product-1798,787,58.49
MA,product-1799,205,73.32
NG,product-1800,237,27.62
GH,product-1801,13,58.99
KE,product-1802,944,23.06
ZA,product-1803,437,90.34
MA,product-1804,667,71.11
NG,product-1805,456,32.48
GH,product-1806,812,80.26
KE,product-1807,798,64.19
ZA,product-1808,365,71.55
MA,product-1809,224,39.11
NG,product-1810,297,16.53
GH,product-1811,337,35.68
KE,product-1812,362,94.22
ZA,product-1813,932,70.05
MA,product-1814,613,29.97
NG,product-1815,174,24.51
GH,product-1816,427,14.68
KE,product-1817,423,43.78
ZA,product-1818,382,0.53
MA,product-1819,425,25.02
NG,product-1820,784,94.91
GH,product-1821,478,53.26
KE,product-1822,501,45.94
ZA,product-1823,75,26.12
MA,product-1824,235,0.51
NG,product-1825,683,17.46
GH,product-1826,951,95.05
KE,product-1827,916,46.28
ZA,product-1828,13,71.38
MA,product-1829,817,38.29
NG,product-1830,796,81.07
GH,product-1831,270,3.13
KE,product-1832,97,68.48
ZA,product-1833,78,42.57
MA,product-1834,435,56.59
NG,product-1835,853,0.54
GH,product-1836,748,40.44
KE,product-1837,314,69.43
ZA,product-1838,83,26.97
MA,product-1839,940,26.69
NG,product-1840,895,8.79
GH,product-1841,232,61.88
KE,product-1842,438,94.16
ZA,product-1843,883,2.85
MA,product-1844,603,26.74
NG,product-1845,722,50.23
GH,product-1846,534,9.82
KE,product-1847,522,59.94
ZA,product-1848,216,95.83
MA,product-1849,166,63.71
NG,product-1850,6,3.99
GH,product-1851,755,45.20
KE,product-1852,436,44.65
ZA,product-1853,588,88.33
MA,product-1854,460,90.03
NG,product-1855,599,74.54
GH,product-1856,573,40.22
KE,product-1857,158,54.64
ZA,product-1858,542,78.39
MA,product-1859,638,50.69
NG,product-1860,349,50.41
GH,product-1861,718,9.47
KE,product-1862,246,13.17
ZA,product-1863,313,74.76
MA,product-1864,902,3.60
NG,product-1865,48,39.68
GH,product-1866,714,82.82
KE,product-1867,489,27.33
ZA,product-1868,200,87.83
MA,product-1869,682,34.30
NG,product-1870,198,15.78
GH,product-1871,509,60.80
KE,product-1872,181,80.63
ZA,product-1873,849,73.73
MA,product-1874,362,51.62
NG,product-1875,916,17.08
GH,product-1876,821,24.89
KE,product-1877,198,39.53
ZA,product-1878,379,88.17
MA,product-1879,410,7.29
NG,product-1880,371,61.79
GH,product-1881,256,80.94
KE,product-1882,546,55.91
ZA,product-1883,663,96.29
MA,product-1884,860,2.91
NG,product-1885,914,32.96
GH,product-1886,248,9.22
KE,product-1887,890,26.82
ZA,product-1888,532,42.08
MA,product-1889,656,60.24
NG,product-1890,212,50.44
GH,product-1891,367,3.61
KE,product-1892,297,7.13
ZA,product-1893,964,8.91
MA,product-1894,394,97.73
NG,product-1895,530,75.03
GH,product-1896,762,18.52
KE,product-1897,661,95.99
ZA,product-1898,364,30.73
MA,product-1899,231,78.88
NG,product-1900,769,49.64
GH,product-1901,586,90.14
KE,product-1902,385,19.49
ZA,product-1903,636,42.42
MA,product-1904,194,84.94
NG,product-1905,859,0.94
GH,product-1906,572,33.80
KE,product-1907,597,76.73
ZA,product-1908,180,98.93
MA,product-1909,575,78.32
NG,product-1910,399,59.63
GH,product-1911,496,87.56
KE,product-1912,11,47.93
ZA,product-1913,743,64.19
MA,product-1914,194,19.61
NG,product-1915,340,93.68
GH,product-1916,760,7.37
KE,product-1917,722,73.06
ZA,product-1918,361,28.30
MA,product-1919,627,62.89
NG,product-1920,253,88.84
GH,product-1921,926,28.03
KE,product-1922,509,49.84
ZA,product-1923,837,90.31
MA,product-1924,50,13.28
NG,product-1925,278,1.90
GH,product-1926,62,8.26
KE,product-1927,265,11.10
ZA,product-1928,125,41.15
MA,product-1929,618,43.87
NG,product-1930,965,55.04
GH,product-1931,493,38.60
KE,product-1932,431,0.71
ZA,product-1933,744,79.97
MA,product-1934,196,87.53
NG,product-1935,403,78.58
GH,product-1936,941,1.30
KE,product-1937,591,41.31
ZA,product-1938,169,81.63
MA,product-1939,37,52.35
NG,product-1940,128,60.72
GH,product-1941,772,26.04
KE,product-1942,646,18.57
ZA,product-1943,172,45.49
MA,product-1944,738,33.79
NG,product-1945,994,38.89
GH,product-1946,538,81.71
KE,product-1947,728,57.04
ZA,product-1948,539,0.63
MA,product-1949,86,23.73
NG,product-1950,217,65.30
GH,product-1951,636,51.67
KE,product-1952,871,19.35
ZA,product-1953,256,89.92
MA,product-1954,12,23.32
NG,product-1955,344,54.86
GH,product-1956,284,11.47
KE,product-1957,7,2.78
ZA,product-1958,794,11.20
MA,product-1959,147,83.87
NG,product-1960,907,44.94
GH,product-1961,143,23.07
KE,product-1962,164,60.80
ZA,product-1963,225,38.46
MA,product-1964,695,75.22
NG,product-1965,76,88.35
GH,product-1966,744,48.34
KE,product-1967,462,14.23
ZA,product-1968,248,70.94
MA,product-1969,64,85.80
NG,product-1970,337,97.03
GH,product-1971,842,41.19
KE,product-1972,955,3.01
ZA,product-1973,856,9.70
MA,product-1974,448,40.09
NG,product-1975,928,72.34
GH,product-1976,859,50.60
KE,product-1977,677,2.27
ZA,product-1978,207,63.54
MA,product-1979,141,38.82
NG,product-1980,675,19.85
GH,product-1981,192,84.08
KE,product-1982,409,45.53
ZA,product-1983,404,69.85
MA,product-1984,22,74.84
NG,product-1985,922,91.17
GH,product-1986,980,80.34
KE,product-1987,864,49.70
ZA,product-1988,261,39.16
MA,product-1989,615,22.09
NG,product-1990,877,51.17
GH,product-1991,540,46.65
KE,product-1992,281,59.21
ZA,product-1993,34,96.19
MA,product-1994,259,59.71
NG,product-1995,650,32.92
GH,product-1996,600,45.99
KE,product-1997,850,45.79
ZA,product-1998,80,99.05
MA,product-1999,59,60.11
NG,product-2000,903,66.71
GH,product-2001,854,63.87
KE,product-2002,257,46.32
ZA,product-2003,296,82.01
MA,product-2004,237,87.28
NG,product-2005,368,93.56
GH,product-2006,59,88.17
KE,product-2007,909,26.52
ZA,product-2008,148,88.37
MA,product-2009,310,98.80
NG,product-2010,160,93.20
GH,product-2011,164,85.76
KE,product-2012,917,96.39
ZA,product-2013,432,66.08
MA,product-2014,240,15.37
NG,product-2015,475,13.23
GH,product-2016,711,14.07
KE,product-2017,991,56.62
ZA,product-2018,90,26.31
MA,product-2019,934,53.77
NG,product-2020,654,98.56
GH,product-2021,898,21.99
KE,product-2022,630,77.14
ZA,product-2023,716,51.95
MA,product-2024,611,1.90
NG,product-2025,819,85.71
GH,product-2026,499,4.18
KE,product-2027,508,24.49
ZA,product-2028,374,61.83
MA,product-2029,292,2.69
NG,product-2030,2,76.85
GH,product-2031,943,38.11
KE,product-2032,610,44.16
ZA,product-2033,703,34.42
MA,product-2034,187,39.14
NG,product-2035,908,49.77
GH,product-2036,213,22.08
KE,product-2037,516,19.57
ZA,product-2038,689,65.36
MA,product-2039,223,53.37
NG,product-2040,986,87.73
GH,product-2041,157,63.83
KE,product-2042,699,75.88
ZA,product-2043,329,24.96
MA,product-2044,37,27.83
NG,product-2045,322,15.28
GH,product-2046,73,91.70
KE,product-2047,174,78.73
ZA,product-2048,414,94.30
MA,product-2049,813,99.45
NG,product-2050,787,61.66
GH,product-2051,510,57.84
KE,product-2052,504,37.45
ZA,product-2053,962,14.34
MA,product-2054,55,48.43
NG,product-2055,330,55.75
GH,product-2056,685,22.55
KE,product-2057,220,26.85
ZA,product-2058,443,82.58
MA,product-2059,422,15.81
NG,product-2060,53,42.88
GH,product-2061,674,30.64
KE,product-2062,649,47.78
ZA,product-2063,640,9.58
MA,product-2064,2,1.25
NG,product-2065,320,92.64
GH,product-2066,351,12.82
KE,product-2067,34,32.98
ZA,product-2068,452,53.05
MA,product-2069,467,41.58
NG,product-2070,471,38.61
GH,product-2071,82,76.40
KE,product-2072,537,6.79
ZA,product-2073,81,46.28
MA,product-2074,508,28.17
NG,product-2075,303,35.96
GH,product-2076,199,32.96
KE,product-2077,400,24.33
ZA,product-2078,274,13.82
MA,product-2079,281,35.41
NG,product-2080,174,94.31
GH,product-2081,365,89.50
KE,product-2082,800,8.99
ZA,product-2083,166,12.31
MA,product-2084,241,43.43
NG,product-2085,553,10.32
GH,product-2086,694,37.81
KE,product-2087,959,62.65
ZA,product-2088,478,61.40
MA,product-2089,237,7.80
NG,product-2090,801,40.18
GH,product-2091,998,70.11
KE,product-2092,150,64.04
ZA,product-2093,683,16.85
MA,product-2094,898,66.72
NG,product-2095,771,40.61
GH,product-2096,15,56.58
KE,product-2097,45,65.64
ZA,product-2098,170,28.62
MA,product-2099,671,51.06
NG,product-2100,837,85.07
GH,product-2101,320,22.34
KE,product-2102,713,30.67
ZA,product-2103,191,43.88
MA,product-2104,628,66.84
NG,product-2105,590,57.77
GH,product-2106,628,88.11
KE,product-2107,956,77.93
ZA,product-2108,760,46.90
MA,product-2109,39,68.99
NG,product-2110,935,63.23
GH,product-2111,939,53.42
KE,product-2112,647,5.83
ZA,product-2113,441,37.81
MA,product-2114,169,35.85
NG,product-2115,854,52.68
GH,product-2116,918,72.59
KE,product-2117,97,53.72
ZA,product-2118,526,41.33
MA,product-2119,530,96.60
NG,product-2120,692,71.69
GH,product-2121,787,90.07
KE,product-2122,632,23.31
ZA,product-2123,416,0.30
MA,product-2124,301,76.23
NG,product-2125,25,14.70
GH,product-2126,1,72.05
KE,product-2127,318,7.95
ZA,product-2128,312,59.76
MA,product-2129,651,20.93
NG,product-2130,642,36.33
GH,product-2131,38,78.52
KE,product-2132,620,62.34
ZA,product-2133,599,53.61
MA,product-2134,94,87.40
NG,product-2135,307,9.25
GH,product-2136,298,63.99
KE,product-2137,507,65.66
ZA,product-2138,804,91.84
MA,product-2139,389,96.78
NG,product-2140,848,57.62
GH,product-2141,704,30.53
KE,product-2142,132,31.70
ZA,product-2143,121,8.81
MA,product-2144,968,96.71
NG,product-2145,967,0.46
GH,product-2146,122,98.91
KE,product-2147,639,71.58
ZA,product-2148,156,41.55
MA,product-2149,622,98.96
NG,product-2150,441,59.84
GH,product-2151,440,77.00
KE,product-2152,12,91.52
ZA,product-2153,964,43.89
MA,product-2154,916,24.23
NG,product-2155,831,64.68
GH,product-2156,422,65.87
KE,product-2157,907,35.09
ZA,product-2158,550,82.45
MA,product-2159,872,70.13
NG,product-2160,365,52.18
GH,product-2161,255,29.53
KE,product-2162,744,94.96
ZA,product-2163,495,27.80
MA,product-2164,187,65.25
NG,product-2165,417,8.80
GH,product-2166,162,22.89
KE,product-2167,585,95.54
ZA,product-2168,887,26.84
MA,product-2169,699,39.85
NG,product-2170,584,13.54
GH,product-2171,533,52.28
KE,product-2172,880,16.14
ZA,product-2173,255,30.36
MA,product-2174,244,35.39
NG,product-2175,522,60.93
GH,product-2176,752,33.40
KE,product-2177,491,2.77
ZA,product-2178,98,0.45
MA,product-2179,558,50.93
NG,product-2180,411,54.59
GH,product-2181,699,79.68
KE,product-2182,307,56.43
ZA,product-2183,449,95.08
MA,product-2184,503,65.35
NG,product-2185,864,32.25
GH,product-2186,605,77.41
KE,product-2187,741,86.18
ZA,product-2188,391,8.17
MA,product-2189,301,24.93
NG,product-2190,583,68.03
GH,product-2191,339,38.92
KE,product-2192,558,73.02
ZA,product-2193,160,96.37
MA,product-2194,21,76.99
NG,product-2195,939,3.91
GH,product-2196,826,24.46
KE,product-2197,71,4.29
ZA,product-2198,901,63.42
MA,product-2199,351,50.30
NG,product-2200,111,80.99
GH,product-2201,533,15.01
KE,product-2202,776,9.68
ZA,product-2203,273,23.18
MA,product-2204,605,45.54
NG,product-2205,865,82.53
GH,product-2206,477,87.59
KE,product-2207,218,27.31
ZA,product-2208,308,38.27
MA,product-2209,173,5.15
NG,product-2210,856,79.49
GH,product-2211,424,71.99
KE,product-2212,941,85.55
ZA,product-2213,507,79.78
MA,product-2214,421,70.64
NG,product-2215,684,36.64
GH,product-2216,107,33.28
KE,product-2217,639,22.99
ZA,product-2218,772,46.93
MA,product-2219,358,33.52
NG,product-2220,469,81.50
GH,product-2221,609,23.51
KE,product-2222,753,56.88
ZA,product-2223,578,55.34
MA,product-2224,918,47.01
NG,product-2225,382,50.08
GH,product-2226,861,84.88
KE,product-2227,520,46.78
ZA,product-2228,552,38.82
MA,product-2229,194,21.99
NG,product-2230,221,19.14
GH,product-2231,881,34.55
KE,product-2232,989,53.34
ZA,product-2233,912,10.90
MA,product-2234,227,14.39
NG,product-2235,153,5.45
GH,product-2236,373,44.61
KE,product-2237,750,47.78
ZA,product-2238,152,12.76
MA,product-2239,18,36.19
NG,product-2240,783,62.58
GH,product-2241,109,48.57
KE,product-2242,49,87.14
ZA,product-2243,592,74.52
MA,product-2244,31,47.87
NG,product-2245,792,53.93
GH,product-2246,205,16.24
KE,product-2247,623,68.84
ZA,product-2248,666,31.90
MA,product-2249,551,39.90
NG,product-2250,62,97.63
GH,product-2251,575,44.60
KE,product-2252,754,56.26
ZA,product-2253,767,84.97
MA,product-2254,340,61.46
NG,product-2255,565,73.87
GH,product-2256,216,89.87
KE,product-2257,404,34.30
ZA,product-2258,308,74.78
MA,product-2259,69,14.12
NG,product-2260,881,8.55
GH,product-2261,964,0.61
KE,product-2262,170,94.47
ZA,product-2263,693,71.08
MA,product-2264,526,51.04
NG,product-2265,144,45.74
GH,product-2266,860,19.59
KE,product-2267,904,18.39
ZA,product-2268,422,84.85
MA,product-2269,611,59.39
NG,product-2270,373,82.06
GH,product-2271,589,16.28
KE,product-2272,657,75.31
ZA,product-2273,731,58.09
MA,product-2274,656,88.02
NG,product-2275,835,1.39
GH,product-2276,881,73.85
KE,product-2277,564,18.21
ZA,product-2278,43,16.01
MA,product-2279,920,0.60
NG,product-2280,356,8.58
GH,product-2281,9,21.60
KE,product-2282,931,7.31
ZA,product-2283,74,98.04
MA,product-2284,426,66.74
NG,product-2285,258,0.95
GH,product-2286,265,13.87
KE,product-2287,545,36.81
ZA,product-2288,522,30.07
MA,product-2289,765,59.81
NG,product-2290,976,77.53
GH,product-2291,636,13.33
KE,product-2292,292,83.39
ZA,product-2293,693,40.58
MA,product-2294,47,3.76
NG,product-2295,579,42.20
GH,product-2296,342,33.72
KE,product-2297,386,57.80
ZA,product-2298,948,25.03
MA,product-2299,145,62.45
NG,product-2300,919,32.57
GH,product-2301,548,41.20
KE,product-2302,92,97.05
ZA,product-2303,80,40.05
MA,product-2304,563,70.00
NG,product-2305,174,17.42
GH,product-2306,891,64.30
KE,product-2307,859,87.52
ZA,product-2308,457,94.42
MA,product-2309,262,96.54
NG,product-2310,247,21.12
GH,product-2311,875,57.16
KE,product-2312,876,46.77
ZA,product-2313,86,40.49
MA,product-2314,930,97.70
NG,product-2315,352,13.11
GH,product-2316,138,25.34
KE,product-2317,209,31.01
ZA,product-2318,919,36.84
MA,product-2319,232,12.59
NG,product-2320,428,82.97
GH,product-2321,635,22.46
KE,product-2322,957,34.90
ZA,product-2323,902,85.41
MA,product-2324,754,27.06
NG,product-2325,123,77.00
GH,product-2326,680,35.03
KE,product-2327,664,36.47
ZA,product-2328,416,38.20
MA,product-2329,229,87.30
NG,product-2330,237,58.43
GH,product-2331,852,74.36
KE,product-2332,768,93.88
ZA,product-2333,809,75.28
MA,product-2334,869,6.09
NG,product-2335,192,55.70
GH,product-2336,166,50.88
KE,product-2337,872,86.02
ZA,product-2338,559,22.26
MA,product-2339,318,40.81
NG,product-2340,892,44.88
GH,product-2341,264,38.91
KE,product-2342,964,92.98
ZA,product-2343,717,97.66
MA,product-2344,101,58.69
NG,product-2345,778,19.39
GH,product-2346,699,1.87
KE,product-2347,919,51.44
ZA,product-2348,555,93.89
MA,product-2349,253,0.67
NG,product-2350,239,99.25
GH,product-2351,661,42.27
KE,product-2352,417,38.27
ZA,product-2353,655,35.97
MA,product-2354,201,58.41
NG,product-2355,775,35.96
GH,product-2356,441,69.23
KE,product-2357,77,9.58
ZA,product-2358,429,5.25
MA,product-2359,234,94.45
NG,product-2360,417,81.93
GH,product-2361,408,97.64
KE,product-2362,346,1.16
ZA,product-2363,60,29.74
MA,product-2364,204,15.09
NG,product-2365,578,50.08
GH,product-2366,436,68.18
KE,product-2367,715,93.98
ZA,product-2368,483,32.01
MA,product-2369,100,92.73
NG,product-2370,603,72.22
GH,product-2371,74,65.31
KE,product-2372,8,35.52
ZA,product-2373,538,95.22
MA,product-2374,515,10.84
NG,product-2375,259,97.79
GH,product-2376,320,96.38
KE,product-2377,920,65.56
ZA,product-2378,616,16.27
MA,product-2379,431,2.39
NG,product-2380,600,34.83
GH,product-2381,394,56.52
KE,product-2382,775,88.95
ZA,product-2383,185,5.89
MA,product-2384,551,74.67
NG,product-2385,738,35.06
GH,product-2386,949,44.72
KE,product-2387,1,60.51
ZA,product-2388,322,48.75
MA,product-2389,48,81.88
NG,product-2390,665,10.29
GH,product-2391,871,74.61
KE,product-2392,275,90.30
ZA,product-2393,171,86.29
MA,product-2394,416,77.91
NG,product-2395,488,69.56
GH,product-2396,874,0.85
KE,product-2397,712,56.00
ZA,product-2398,904,25.70
MA,product-2399,90,57.76
NG,product-2400,598,81.27
GH,product-2401,904,71.72
KE,product-2402,854,82.33
ZA,product-2403,870,46.56
MA,product-2404,693,33.85
NG,product-2405,490,78.15
GH,product-2406,318,12.78
KE,product-2407,913,74.48
ZA,product-2408,433,54.86
MA,product-2409,229,84.60
NG,product-2410,871,79.48
GH,product-2411,767,15.04
KE,product-2412,448,89.37
ZA,product-2413,462,40.57
MA,product-2414,537,61.76
NG,product-2415,823,91.80
GH,product-2416,966,14.04
KE,product-2417,884,44.79
ZA,product-2418,860,37.59
MA,product-2419,700,34.71
NG,product-2420,482,22.88
GH,product-2421,210,19.03
KE,product-2422,954,8.38
ZA,product-2423,477,75.29
MA,product-2424,641,33.86
NG,product-2425,499,6.17
GH,product-2426,847,2.66
KE,product-2427,301,39.23
ZA,product-2428,281,91.71
MA,product-2429,869,35.46
NG,product-2430,681,56.16
GH,product-2431,445,88.93
KE,product-2432,441,91.00
ZA,product-2433,363,36.16
MA,product-2434,299,47.37
NG,product-2435,532,88.83
GH,product-2436,724,37.59
KE,product-2437,914,7.70
ZA,product-2438,356,38.39
MA,product-2439,59,62.25
NG,product-2440,188,57.78
GH,product-2441,833,80.24
KE,product-2442,22,23.33
ZA,product-2443,177,4.43
MA,product-2444,48,50.67
NG,product-2445,89,37.25
GH,product-2446,791,82.58
KE,product-2447,818,36.17
ZA,product-2448,340,77.34
MA,product-2449,649,65.43
NG,product-2450,877,58.14
GH,product-2451,24,79.50
KE,product-2452,678,36.00
ZA,product-2453,365,71.82
MA,product-2454,168,48.86
NG,product-2455,329,27.79
GH,product-2456,249,28.26
KE,product-2457,908,98.07
ZA,product-2458,160,55.27
MA,product-2459,224,94.86
NG,product-2460,145,71.79
GH,product-2461,484,43.85
KE,product-2462,190,40.57
ZA,product-2463,651,9.78
MA,product-2464,243,82.97
NG,product-2465,820,99.70
GH,product-2466,205,18.69
KE,product-2467,464,0.06
ZA,product-2468,628,40.64
MA,product-2469,405,99.03
NG,product-2470,397,85.24
GH,product-2471,773,55.72
KE,product-2472,165,55.29
ZA,product-2473,921,86.75
MA,product-2474,501,33.13
NG,product-2475,552,7.69
GH,product-2476,626,66.70
KE,product-2477,646,56.89
ZA,product-2478,885,11.94
MA,product-2479,692,0.57
NG,product-2480,826,3.23
GH,product-2481,937,6.82
KE,product-2482,4,84.99
ZA,product-2483,454,58.26
MA,product-2484,373,28.68
NG,product-2485,600,80.82
GH,product-2486,500,77.39
KE,product-2487,701,39.06
ZA,product-2488,844,74.28
MA,product-2489,761,31.58
NG,product-2490,998,98.85
GH,product-2491,37,30.43
KE,product-2492,789,44.25
ZA,product-2493,880,78.05
MA,product-2494,756,66.07
NG,product-2495,795,47.99
GH,product-2496,69,31.27
KE,product-2497,778,17.48
ZA,product-2498,259,54.42
MA,product-2499,156,5.28
NG,product-2500,105,96.29
GH,product-2501,499,99.99
KE,product-2502,104,91.92
ZA,product-2503,118,97.11
MA,product-2504,107,39.47
NG,product-2505,787,25.53
GH,product-2506,786,38.03
KE,product-2507,21,25.23
ZA,product-2508,438,86.05
MA,product-2509,43,15.53
NG,product-2510,510,31.20
GH,product-2511,521,14.96
KE,product-2512,749,24.53
ZA,product-2513,744,58.32
MA,product-2514,637,78.52
NG,product-2515,245,92.60
GH,product-2516,521,97.51
KE,product-2517,979,27.34
ZA,product-2518,914,54.96
MA,product-2519,233,18.42
NG,product-2520,582,30.50
GH,product-2521,615,20.69
KE,product-2522,566,37.44
ZA,product-2523,863,69.75
MA,product-2524,709,24.09
NG,product-2525,330,36.73
GH,product-2526,994,61.48
KE,product-2527,217,88.77
ZA,product-2528,863,31.34
MA,product-2529,213,41.88
NG,product-2530,841,1.75
GH,product-2531,47,17.90
KE,product-2532,148,3.78
ZA,product-2533,414,57.24
MA,product-2534,533,52.44
NG,product-2535,385,93.60
GH,product-2536,548,92.65
KE,product-2537,257,21.00
ZA,product-2538,966,22.71
MA,product-2539,656,5.85
NG,product-2540,903,2.61
GH,product-2541,4,41.39
KE,product-2542,417,46.60
ZA,product-2543,180,23.55
MA,product-2544,337,41.12
NG,product-2545,819,35.97
GH,product-2546,628,89.97
KE,product-2547,415,27.51
ZA,product-2548,219,24.49
MA,product-2549,978,20.04
NG,product-2550,570,69.30
GH,product-2551,105,3.36
KE,product-2552,648,57.55
ZA,product-2553,890,35.73
MA,product-2554,91,14.03
NG,product-2555,608,5.96
GH,product-2556,755,4.66
KE,product-2557,415,75.21
ZA,product-2558,306,45.21
MA,product-2559,377,56.40
NG,product-2560,120,25.94
GH,product-2561,363,0.35
KE,product-2562,821,57.91
ZA,product-2563,716,97.00
MA,product-2564,577,14.40
NG,product-2565,578,22.24
GH,product-2566,766,1.43
KE,product-2567,538,25.88
ZA,product-2568,261,2.98
MA,product-2569,232,67.05
NG,product-2570,716,6.18
GH,product-2571,722,60.89
KE,product-2572,508,85.77
ZA,product-2573,529,47.03
MA,product-2574,546,41.16
NG,product-2575,547,31.75
GH,product-2576,407,55.76
KE,product-2577,257,39.84
ZA,product-2578,899,3.45
MA,product-2579,417,16.15
NG,product-2580,165,72.21
GH,product-2581,883,17.48
KE,product-2582,30,14.48
ZA,product-2583,259,73.24
MA,product-2584,635,14.55
NG,product-2585,162,52.14
GH,product-2586,244,13.65
KE,product-2587,400,61.55
ZA,product-2588,75,51.52
MA,product-2589,276,2.86
NG,product-2590,819,69.94
GH,product-2591,127,60.00
KE,product-2592,625,47.64
ZA,product-2593,967,75.09
MA,product-2594,473,91.50
NG,product-2595,357,63.72
GH,product-2596,866,4.22
KE,product-2597,804,3.52
ZA,product-2598,644,94.77
MA,product-2599,57,37.88
NG,product-2600,104,18.86
GH,product-2601,557,13.10
KE,product-2602,399,80.42
ZA,product-2603,145,84.90
MA,product-2604,548,3.20
NG,product-2605,933,28.22
GH,product-2606,724,96.37
KE,product-2607,498,94.99
ZA,product-2608,390,80.79
MA,product-2609,557,51.61
NG,product-2610,848,69.52
GH,product-2611,397,30.70
KE,product-2612,595,12.54
ZA,product-2613,75,35.09
MA,product-2614,92,85.50
NG,product-2615,29,89.15
GH,product-2616,653,89.24
KE,product-2617,379,41.30
ZA,product-2618,686,98.40
MA,product-2619,485,91.04
NG,product-2620,729,82.03
GH,product-2621,804,91.25
KE,product-2622,444,11.03
ZA,product-2623,783,54.10
MA,product-2624,329,11.92
NG,product-2625,407,74.10
GH,product-2626,825,22.15
KE,product-2627,146,43.67
ZA,product-2628,288,93.51
MA,product-2629,938,66.56
NG,product-2630,742,53.92
GH,product-2631,101,71.93
KE,product-2632,568,29.81
ZA,product-2633,252,46.29
MA,product-2634,381,37.29
NG,product-2635,568,70.65
GH,product-2636,816,51.64
KE,product-2637,10,73.85
ZA,product-2638,956,51.84
MA,product-2639,168,8.41
NG,product-2640,400,75.43
GH,product-2641,86,57.62
KE,product-2642,808,47.85
ZA,product-2643,907,13.10
MA,product-2644,144,76.41
NG,product-2645,316,80.05
GH,product-2646,468,4.54
KE,product-2647,459,9.78
ZA,product-2648,202,40.49
MA,product-2649,512,76.55
NG,product-2650,683,29.10
GH,product-2651,334,9.96
KE,product-2652,846,50.73
ZA,product-2653,5,76.85
MA,product-2654,894,36.73
NG,product-2655,605,25.79
GH,product-2656,797,4.40
KE,product-2657,595,66.07
ZA,product-2658,814,40.38
MA,product-2659,546,3.55
NG,product-2660,519,88.94
GH,product-2661,236,86.62
KE,product-2662,198,53.74
ZA,product-2663,832,90.53
MA,product-2664,494,61.88
NG,product-2665,947,84.97
GH,product-2666,46,18.05
KE,product-2667,98,58.27
ZA,product-2668,415,77.28
MA,product-2669,978,69.86
NG,product-2670,898,36.69
GH,product-2671,93,52.32
KE,product-2672,715,19.52
ZA,product-2673,201,66.85
MA,product-2674,606,76.28
NG,product-2675,845,8.84
GH,product-2676,364,78.00
KE,product-2677,359,8.06
ZA,product-2678,124,86.06
MA,product-2679,153,60.17
NG,product-2680,562,8.94
GH,product-2681,33,33.86
KE,product-2682,142,95.16
ZA,product-2683,170,39.16
MA,product-2684,511,93.76
NG,product-2685,353,4.61
GH,product-2686,890,67.32
KE,product-2687,512,5.39
ZA,product-2688,576,3.88
MA,product-2689,107,6.91
NG,product-2690,406,10.02
GH,product-2691,117,16.51
KE,product-2692,833,79.33
ZA,product-2693,659,94.03
MA,product-2694,351,79.17
NG,product-2695,814,18.56
GH,product-2696,783,55.09
KE,product-2697,157,13.22
ZA,product-2698,165,57.95
MA,product-2699,712,97.63
NG,product-2700,227,48.57
GH,product-2701,247,22.63
KE,product-2702,684,61.46
ZA,product-2703,302,71.73
MA,product-2704,869,36.94
NG,product-2705,347,61.48
GH,product-2706,203,14.31
KE,product-2707,676,64.25
ZA,product-2708,178,35.40
MA,product-2709,96,21.90
NG,product-2710,590,70.58
GH,product-2711,277,59.76
KE,product-2712,669,7.39
ZA,product-2713,130,45.29
MA,product-2714,892,63.08
NG,product-2715,706,4.35
GH,product-2716,435,10.44
KE,product-2717,439,12.19
ZA,product-2718,206,0.20
MA,product-2719,22,75.20
NG,product-2720,585,0.16
GH,product-2721,256,90.01
KE,product-2722,228,22.54
ZA,product-2723,589,63.87
MA,product-2724,916,61.44
NG,product-2725,595,6.86
GH,product-2726,534,20.83
KE,product-2727,149,76.98
ZA,product-2728,875,53.07
MA,product-2729,846,37.07
NG,product-2730,42,53.09
GH,product-2731,814,60.71
KE,product-2732,556,62.13
ZA,product-2733,791,20.07
MA,product-2734,194,1.03
NG,product-2735,170,31.94
GH,product-2736,235,56.96
KE,product-2737,574,41.20
ZA,product-2738,771,21.63
MA,product-2739,931,88.49
NG,product-2740,762,54.74
GH,product-2741,297,52.77
KE,product-2742,785,94.28
ZA,product-2743,561,1.33
MA,product-2744,806,83.47
NG,product-2745,21,28.81
GH,product-2746,249,31.35
KE,product-2747,980,10.13
ZA,product-2748,716,19.56
MA,product-2749,564,79.12
NG,product-2750,495,60.87
GH,product-2751,694,81.13
KE,product-2752,509,74.43
ZA,product-2753,163,39.96
MA,product-2754,112,19.77
NG,product-2755,136,37.30
GH,product-2756,454,97.63
KE,product-2757,175,26.24
ZA,product-2758,211,44.18
MA,product-2759,694,18.98
NG,product-2760,369,39.88
GH,product-2761,278,0.11
KE,product-2762,98,90.03
ZA,product-2763,151,80.68
MA,product-2764,535,45.14
NG,product-2765,750,84.68
GH,product-2766,194,55.39
KE,product-2767,394,9.17
ZA,product-2768,612,16.68
MA,product-2769,855,65.30
NG,product-2770,970,34.86
GH,product-2771,993,24.03
KE,product-2772,972,49.61
ZA,product-2773,595,27.90
MA,product-2774,728,15.39
NG,product-2775,550,37.60
GH,product-2776,988,50.15
KE,product-2777,863,91.97
ZA,product-2778,200,76.22
MA,product-2779,994,60.28
NG,product-2780,76,84.26
GH,product-2781,610,28.11
KE,product-2782,829,19.47
ZA,product-2783,236,71.40
MA,product-2784,537,63.62
NG,product-2785,878,37.48
GH,product-2786,587,66.91
KE,product-2787,197,87.04
ZA,product-2788,155,1.73
MA,product-2789,570,73.64
NG,product-2790,618,64.08
GH,product-2791,61,63.72
KE,product-2792,652,80.53
ZA,product-2793,80,29.86
MA,product-2794,979,48.95
NG,product-2795,481,28.23
GH,product-2796,975,14.98
KE,product-2797,533,82.16
ZA,product-2798,973,7.24
MA,product-2799,825,94.60
NG,product-2800,871,41.81
GH,product-2801,361,32.46
KE,product-2802,366,44.74
ZA,product-2803,548,91.96
MA,product-2804,455,4.27
NG,product-2805,764,21.47
GH,product-2806,783,96.58
KE,product-2807,364,15.55
ZA,product-2808,48,91.39
MA,product-2809,834,84.71
NG,product-2810,574,71.31
GH,product-2811,968,87.73
KE,product-2812,925,98.03
ZA,product-2813,500,47.20
MA,product-2814,384,80.37
NG,product-2815,683,28.95
GH,product-2816,814,76.70
KE,product-2817,710,76.81
ZA,product-2818,252,1.65
MA,product-2819,566,46.53
NG,product-2820,712,6.41
GH,product-2821,212,9.01
KE,product-2822,910,7.09
ZA,product-2823,228,93.39
MA,product-2824,836,30.03
NG,product-2825,431,32.63
GH,product-2826,972,2.67
KE,product-2827,381,6.43
ZA,product-2828,971,95.42
MA,product-2829,132,55.24
NG,product-2830,306,32.99
GH,product-2831,366,22.07
KE,product-2832,796,33.45
ZA,product-2833,754,29.77
MA,product-2834,62,50.75
NG,product-2835,714,37.15
GH,product-2836,601,1.32
KE,product-2837,409,97.09
ZA,product-2838,539,36.45
MA,product-2839,603,79.95
NG,product-2840,10,14.13
GH,product-2841,274,11.68
KE,product-2842,841,11.03
ZA,product-2843,977,73.48
MA,product-2844,18,11.87
NG,product-2845,235,70.93
GH,product-2846,763,95.38
KE,product-2847,882,51.54
ZA,product-2848,369,14.22
MA,product-2849,880,10.19
NG,product-2850,711,15.23
GH,product-2851,967,25.93
KE,product-2852,449,99.72
ZA,product-2853,785,40.13
MA,product-2854,968,57.28
NG,product-2855,34,62.43
GH,product-2856,335,42.53
KE,product-2857,787,97.43
ZA,product-2858,83,82.79
MA,product-2859,400,91.00
NG,product-2860,479,83.40
GH,product-2861,986,49.79
KE,product-2862,731,41.69
ZA,product-2863,495,62.79
MA,product-2864,508,31.11
NG,product-2865,497,54.34
GH,product-2866,547,42.65
KE,product-2867,600,82.28
ZA,product-2868,797,47.91
MA,product-2869,768,25.37
NG,product-2870,309,0.61
GH,product-2871,329,61.60
KE,product-2872,799,50.30
ZA,product-2873,843,49.16
MA,product-2874,139,55.33
NG,product-2875,897,48.02
GH,product-2876,701,50.08
KE,product-2877,467,32.49
ZA,product-2878,676,94.32
MA,product-2879,190,97.03
NG,product-2880,250,51.66
GH,product-2881,752,27.04
KE,product-2882,841,74.62
ZA,product-2883,844,54.49
MA,product-2884,31,76.19
NG,product-2885,811,68.23
GH,product-2886,993,35.23
KE,product-2887,559,44.55
ZA,product-2888,161,81.44
MA,product-2889,617,66.73
NG,product-2890,955,37.42
GH,product-2891,231,76.01
KE,product-2892,503,29.41
ZA,product-2893,243,24.48
MA,product-2894,763,97.68
NG,product-2895,136,57.92
GH,product-2896,87,42.76
KE,product-2897,45,81.61
ZA,product-2898,740,83.82
MA,product-2899,227,59.78
NG,product-2900,683,82.43
GH,product-2901,446,34.41
KE,product-2902,941,47.21
ZA,product-2903,941,88.36
MA,product-2904,315,84.51
NG,product-2905,863,65.25
GH,product-2906,839,5.23
KE,product-2907,889,73.38
ZA,product-2908,663,17.69
MA,product-2909,611,99.08
NG,product-2910,768,67.62
GH,product-2911,406,57.66
KE,product-2912,237,43.78
ZA,product-2913,782,57.08
MA,product-2914,376,99.40
NG,product-2915,609,92.48
GH,product-2916,954,45.56
KE,product-2917,756,34.04
ZA,product-2918,783,11.22
MA,product-2919,31,45.33
NG,product-2920,864,63.11
GH,product-2921,976,37.13
KE,product-2922,634,37.02
ZA,product-2923,451,5.16
MA,product-2924,281,0.74
NG,product-2925,123,0.68
GH,product-2926,236,79.38
KE,product-2927,481,84.08
ZA,product-2928,759,51.07
MA,product-2929,464,27.83
NG,product-2930,420,20.98
GH,product-2931,689,19.83
KE,product-2932,726,82.06
ZA,product-2933,390,52.36
MA,product-2934,925,69.44
NG,product-2935,338,67.15
GH,product-2936,463,8.59
KE,product-2937,937,4.39
ZA,product-2938,252,51.88
MA,product-2939,529,41.97
NG,product-2940,614,73.94
GH,product-2941,602,4.74
KE,product-2942,977,49.75
ZA,product-2943,235,37.11
MA,product-2944,866,34.73
NG,product-2945,798,97.03
GH,product-2946,209,14.67
KE,product-2947,84,47.83
ZA,product-2948,999,75.96
MA,product-2949,873,46.31
NG,product-2950,522,58.36
GH,product-2951,0,1.95
KE,product-2952,749,70.58
ZA,product-2953,673,37.30
MA,product-2954,490,14.36
NG,product-2955,643,29.48
GH,product-2956,697,90.82
KE,product-2957,107,30.66
ZA,product-2958,364,26.66
MA,product-2959,347,11.39
NG,product-2960,830,82.15
GH,product-2961,48,98.83
KE,product-2962,811,44.47
ZA,product-2963,218,96.31
MA,product-2964,670,81.26
NG,product-2965,306,27.37
GH,product-2966,892,98.54
KE,product-2967,417,47.12
ZA,product-2968,542,99.38
MA,product-2969,518,94.69
NG,product-2970,811,77.60
GH,product-2971,952,95.46
KE,product-2972,965,89.01
ZA,product-2973,355,40.24
MA,product-2974,46,29.87
NG,product-2975,441,19.72
GH,product-2976,635,58.68
KE,product-2977,948,59.77
ZA,product-2978,948,39.82
MA,product-2979,823,66.88
NG,product-2980,350,70.60
GH,product-2981,732,42.73
KE,product-2982,339,66.53
ZA,product-2983,630,7.86
MA,product-2984,75,5.76
NG,product-2985,788,67.59
GH,product-2986,432,77.09
KE,product-2987,407,57.47
ZA,product-2988,932,69.09
MA,product-2989,32,17.41
NG,product-2990,427,28.41
GH,product-2991,179,94.48
KE,product-2992,482,72.50
ZA,product-2993,342,34.28
MA,product-2994,717,88.70
NG,product-2995,126,66.42
GH,product-2996,691,94.94
KE,product-2997,983,10.88
ZA,product-2998,110,71.92
MA,product-2999,946,69.68
NG,product-3000,435,67.18
GH,product-3001,250,23.73
KE,product-3002,644,99.14
ZA,product-3003,109,2.88
MA,product-3004,406,92.61
NG,product-3005,666,34.97
GH,product-3006,513,78.39
KE,product-3007,764,75.19
ZA,product-3008,245,16.97
MA,product-3009,413,29.14
NG,product-3010,818,51.78
GH,product-3011,28,56.96
KE,product-3012,502,94.91
ZA,product-3013,148,75.97
MA,product-3014,324,74.81
NG,product-3015,890,0.77
GH,product-3016,428,78.81
KE,product-3017,571,51.95
ZA,product-3018,282,1.83
MA,product-3019,180,17.28
NG,product-3020,175,32.46
GH,product-3021,342,88.01
KE,product-3022,937,33.80
ZA,product-3023,116,13.35
MA,product-3024,219,0.34
NG,product-3025,580,0.75
GH,product-3026,960,71.50
KE,product-3027,582,84.78
ZA,product-3028,920,2.51
MA,product-3029,776,51.41
NG,product-3030,803,98.60
GH,product-3031,481,80.88
KE,product-3032,391,30.71
ZA,product-3033,851,48.80
MA,product-3034,368,14.51
NG,product-3035,117,7.62
GH,product-3036,868,17.23
KE,product-3037,857,27.95
ZA,product-3038,8,21.65
MA,product-3039,231,3.66
NG,product-3040,572,85.20
GH,product-3041,944,30.87
KE,product-3042,144,57.85
ZA,product-3043,599,94.85
MA,product-3044,559,61.07
NG,product-3045,604,68.66
GH,product-3046,634,6.04
KE,product-3047,719,21.75
ZA,product-3048,469,98.57
MA,product-3049,958,54.69
NG,product-3050,694,17.86
GH,product-3051,93,33.25
KE,product-3052,953,1.75
ZA,product-3053,700,17.50
MA,product-3054,317,30.31
NG,product-3055,79,93.33
GH,product-3056,207,97.96
KE,product-3057,974,10.07
ZA,product-3058,262,1.05
MA,product-3059,364,5.10
NG,product-3060,496,3.16
GH,product-3061,882,76.95
KE,product-3062,491,46.52
ZA,product-3063,855,1.09
MA,product-3064,299,86.85
NG,product-3065,127,96.38
GH,product-3066,683,76.56
KE,product-3067,164,44.65
ZA,product-3068,569,25.88
MA,product-3069,770,90.85
NG,product-3070,455,58.57
GH,product-3071,422,35.33
KE,product-3072,261,39.02
ZA,product-3073,648,80.39
MA,product-3074,740,23.37
NG,product-3075,346,5.14
GH,product-3076,140,65.52
KE,product-3077,958,2.93
ZA,product-3078,238,58.94
MA,product-3079,50,14.64
NG,product-3080,601,42.01
GH,product-3081,810,27.45
KE,product-3082,146,95.49
ZA,product-3083,315,80.06
MA,product-3084,664,34.68
NG,product-3085,463,58.47
GH,product-3086,454,80.10
KE,product-3087,44,2.29
ZA,product-3088,621,73.67
MA,product-3089,892,92.71
NG,product-3090,675,25.81
GH,product-3091,285,40.12
KE,product-3092,472,3.15
ZA,product-3093,742,70.23
MA,product-3094,876,66.80
NG,product-3095,792,43.83
GH,product-3096,796,46.67
KE,product-3097,652,37.87
ZA,product-3098,412,11.27
MA,product-3099,864,94.98
NG,product-3100,757,65.56
GH,product-3101,373,83.89
KE,product-3102,18,75.87
ZA,product-3103,241,78.74
MA,product-3104,36,94.34
NG,product-3105,100,62.64
GH,product-3106,53,40.48
KE,product-3107,775,23.55
ZA,product-3108,197,96.92
MA,product-3109,561,27.98
NG,product-3110,359,32.67
GH,product-3111,84,71.23
KE,product-3112,576,0.74
ZA,product-3113,787,12.06
MA,product-3114,843,21.75
NG,product-3115,952,12.07
GH,product-3116,446,28.92
KE,product-3117,835,7.94
ZA,product-3118,552,99.14
MA,product-3119,708,58.74
NG,product-3120,899,17.26
GH,product-3121,91,94.97
KE,product-3122,502,67.42
ZA,product-3123,328,70.49
MA,product-3124,794,60.65
NG,product-3125,248,93.47
GH,product-3126,397,0.58
KE,product-3127,58,93.94
ZA,product-3128,97,68.62
MA,product-3129,418,91.04
NG,product-3130,802,31.32
GH,product-3131,12,73.88
KE,product-3132,256,29.22
ZA,product-3133,234,7.85
MA,product-3134,929,20.76
NG,product-3135,910,26.90
GH,product-3136,628,69.48
KE,product-3137,558,20.03
ZA,product-3138,418,31.87
MA,product-3139,439,14.58
NG,product-3140,296,43.71
GH,product-3141,864,99.77
KE,product-3142,214,44.18
ZA,product-3143,535,14.72
MA,product-3144,322,20.28
NG,product-3145,898,56.05
GH,product-3146,990,96.80
KE,product-3147,959,85.67
ZA,product-3148,452,27.17
MA,product-3149,320,56.29
NG,product-3150,421,18.69
GH,product-3151,26,63.09
KE,product-3152,423,43.68
ZA,product-3153,710,17.76
MA,product-3154,760,23.70
NG,product-3155,53,11.01
GH,product-3156,779,24.89
KE,product-3157,270,81.99
ZA,product-3158,314,23.36
MA,product-3159,181,90.28
NG,product-3160,240,73.29
GH,product-3161,621,72.12
KE,product-3162,464,22.86
ZA,product-3163,405,94.04
MA,product-3164,905,64.65
NG,product-3165,459,82.22
GH,product-3166,728,78.11
KE,product-3167,976,40.42
ZA,product-3168,571,52.22
MA,product-3169,552,74.73
NG,product-3170,240,32.68
GH,product-3171,569,68.35
KE,product-3172,373,77.46
ZA,product-3173,623,16.51
MA,product-3174,735,42.06
NG,product-3175,15,69.75
GH,product-3176,935,29.66
KE,product-3177,429,47.81
ZA,product-3178,104,26.36
MA,product-3179,96,71.31
NG,product-3180,434,59.39
GH,product-3181,630,46.37
KE,product-3182,999,90.87
ZA,product-3183,812,50.18
MA,product-3184,117,79.48
NG,product-3185,266,23.65
GH,product-3186,149,77.74
KE,product-3187,302,38.52
ZA,product-3188,47,26.08
MA,product-3189,925,47.80
NG,product-3190,421,48.01
GH,product-3191,769,47.17
KE,product-3192,358,61.85
ZA,product-3193,312,35.17
MA,product-3194,602,97.56
NG,product-3195,411,43.03
GH,product-3196,824,72.23
KE,product-3197,118,43.77
ZA,product-3198,707,81.87
MA,product-3199,995,31.06
NG,product-3200,390,53.76
GH,product-3201,592,16.18
KE,product-3202,190,52.90
ZA,product-3203,74,26.83
MA,product-3204,569,4.68
NG,product-3205,970,23.09
GH,product-3206,518,11.31
KE,product-3207,973,70.72
ZA,product-3208,923,70.55
MA,product-3209,934,82.08
NG,product-3210,611,77.83
GH,product-3211,504,68.55
KE,product-3212,599,72.45
ZA,product-3213,678,41.37
MA,product-3214,25,83.66
NG,product-3215,911,57.03
GH,product-3216,882,98.90
KE,product-3217,415,7.17
ZA,product-3218,721,36.60
MA,product-3219,425,56.93
NG,product-3220,593,39.98
GH,product-3221,540,64.61
KE,product-3222,578,41.00
ZA,product-3223,773,39.26
MA,product-3224,489,5.18
NG,product-3225,290,50.42
GH,product-3226,631,98.65
KE,product-3227,92,95.42
ZA,product-3228,895,33.64
MA,product-3229,709,84.73
NG,product-3230,522,48.68
GH,product-3231,286,31.64
KE,product-3232,150,34.24
ZA,product-3233,51,66.15
MA,product-3234,515,59.25
NG,product-3235,363,7.87
GH,product-3236,592,62.95
KE,product-3237,446,43.26
ZA,product-3238,249,85.89
MA,product-3239,173,49.98
NG,product-3240,388,9.55
GH,product-3241,804,19.48
KE,product-3242,397,17.32
ZA,product-3243,644,32.28
MA,product-3244,344,26.74
NG,product-3245,991,61.44
GH,product-3246,643,2.14
KE,product-3247,938,93.50
ZA,product-3248,129,92.02
MA,product-3249,506,83.99
NG,product-3250,129,52.11
GH,product-3251,316,59.60
KE,product-3252,79,75.62
ZA,product-3253,543,9.97
MA,product-3254,934,93.71
NG,product-3255,877,1.67
GH,product-3256,199,71.53
KE,product-3257,13,77.81
ZA,product-3258,509,81.73
MA,product-3259,209,88.42
NG,product-3260,406,5.09
GH,product-3261,990,41.06
KE,product-3262,755,13.20
ZA,product-3263,29,48.52
MA,product-3264,885,41.05
NG,product-3265,145,91.79
GH,product-3266,236,47.05
KE,product-3267,210,24.93
ZA,product-3268,224,81.42
MA,product-3269,9,26.43
NG,product-3270,105,41.29
GH,product-3271,852,39.75
KE,product-3272,322,40.03
ZA,product-3273,505,68.64
MA,product-3274,902,28.28
NG,product-3275,382,4.94
GH,product-3276,786,24.75
KE,product-3277,118,67.35
ZA,product-3278,787,35.82
MA,product-3279,612,86.61
NG,product-3280,439,16.02
GH,product-3281,556,68.00
KE,product-3282,847,22.19
ZA,product-3283,38,93.94
MA,product-3284,636,4.42
NG,product-3285,117,86.77
GH,product-3286,74,45.73
KE,product-3287,102,7.57
ZA,product-3288,88,9.39
MA,product-3289,972,84.53
NG,product-3290,123,86.21
GH,product-3291,377,46.79
KE,product-3292,737,30.23
ZA,product-3293,562,51.35
MA,product-3294,627,42.50
NG,product-3295,620,39.79
GH,product-3296,922,26.09
KE,product-3297,451,45.56
ZA,product-3298,305,23.47
MA,product-3299,953,86.69
NG,product-3300,370,9.11
GH,product-3301,660,77.69
KE,product-3302,263,70.36
ZA,product-3303,601,85.50
MA,product-3304,216,69.00
NG,product-3305,498,75.63
GH,product-3306,13,4.51
KE,product-3307,425,68.87
ZA,product-3308,296,66.48
MA,product-3309,584,49.29
NG,product-3310,127,57.10
GH,product-3311,287,35.98
KE,product-3312,113,88.69
ZA,product-3313,938,76.87
MA,product-3314,868,55.34
NG,product-3315,486,90.01
GH,product-3316,541,47.59
KE,product-3317,124,89.83
ZA,product-3318,240,60.39
MA,product-3319,697,43.59
NG,product-3320,246,52.87
GH,product-3321,588,63.44
KE,product-3322,269,15.47
ZA,product-3323,346,64.25
MA,product-3324,769,80.42
NG,product-3325,183,67.99
GH,product-3326,107,61.23
KE,product-3327,189,8.26
ZA,product-3328,290,80.86
MA,product-3329,945,46.12
NG,product-3330,712,83.20
GH,product-3331,853,89.58
KE,product-3332,601,71.64
ZA,product-3333,646,68.36
MA,product-3334,690,60.18
NG,product-3335,8,70.59
GH,product-3336,344,73.32
KE,product-3337,418,46.37
ZA,product-3338,659,3.93
MA,product-3339,808,42.94
NG,product-3340,34,5.16
GH,product-3341,193,38.01
KE,product-3342,654,43.11
ZA,product-3343,458,2.68
MA,product-3344,924,36.45
NG,product-3345,346,44.41
GH,product-3346,632,51.85
KE,product-3347,778,36.04
ZA,product-3348,773,58.15
MA,product-3349,766,50.32
NG,product-3350,962,33.37
GH,product-3351,664,49.51
KE,product-3352,585,81.17
ZA,product-3353,912,39.57
MA,product-3354,783,1.04
NG,product-3355,561,34.71
GH,product-3356,271,32.39
KE,product-3357,246,52.24
ZA,product-3358,541,18.32
MA,product-3359,290,64.78
NG,product-3360,107,41.00
GH,product-3361,994,73.24
KE,product-3362,604,87.75
ZA,product-3363,367,85.78
MA,product-3364,687,55.70
NG,product-3365,824,28.86
GH,product-3366,461,16.05
KE,product-3367,235,61.74
ZA,product-3368,797,59.41
MA,product-3369,750,5.69
NG,product-3370,880,78.91
GH,product-3371,120,19.27
KE,product-3372,618,28.13
ZA,product-3373,337,46.53
MA,product-3374,240,3.94
NG,product-3375,206,77.11
GH,product-3376,291,69.60
KE,product-3377,514,65.94
ZA,product-3378,242,74.80
MA,product-3379,705,40.92
NG,product-3380,93,68.23
GH,product-3381,703,1.32
KE,product-3382,704,83.79
ZA,product-3383,70,33.23
MA,product-3384,392,97.49
NG,product-3385,413,66.37
GH,product-3386,443,16.14
KE,product-3387,73,86.46
ZA,product-3388,2,88.20
MA,product-3389,78,19.88
NG,product-3390,23,46.63
GH,product-3391,885,43.14
KE,product-3392,559,66.64
ZA,product-3393,601,19.42
MA,product-3394,952,48.53
NG,product-3395,719,40.97
GH,product-3396,590,8.80
KE,product-3397,184,72.77
ZA,product-3398,672,26.58
MA,product-3399,793,61.60
NG,product-3400,986,4.86
GH,product-3401,766,25.23
KE,product-3402,383,71.04
ZA,product-3403,828,87.19
MA,product-3404,604,86.10
NG,product-3405,555,5.67
GH,product-3406,10,39.36
KE,product-3407,989,10.60
ZA,product-3408,138,58.66
MA,product-3409,232,35.72
NG,product-3410,914,68.57
GH,product-3411,685,18.31
KE,product-3412,471,26.56
ZA,product-3413,598,2.54
MA,product-3414,84,85.52
NG,product-3415,896,67.38
GH,product-3416,937,93.12
KE,product-3417,718,11.57
ZA,product-3418,119,7.22
MA,product-3419,618,81.15
NG,product-3420,885,85.64
GH,product-3421,274,70.00
KE,product-3422,557,82.42
ZA,product-3423,583,34.04
MA,product-3424,531,81.57
NG,product-3425,391,19.35
GH,product-3426,454,14.69
KE,product-3427,731,73.07
ZA,product-3428,447,11.29
MA,product-3429,592,51.07
NG,product-3430,562,21.95
GH,product-3431,383,9.86
KE,product-3432,179,8.49
ZA,product-3433,91,13.08
MA,product-3434,224,27.12
NG,product-3435,479,14.62
GH,product-3436,261,8.38
KE,product-3437,101,79.73
ZA,product-3438,922,8.62
MA,product-3439,905,32.77
NG,product-3440,562,93.74
GH,product-3441,911,88.96
KE,product-3442,809,87.47
ZA,product-3443,163,99.87
MA,product-3444,747,33.71
NG,product-3445,64,64.29
GH,product-3446,589,3.40
KE,product-3447,978,98.58
ZA,product-3448,172,44.49
MA,product-3449,510,96.15
NG,product-3450,785,88.37
GH,product-3451,344,98.12
KE,product-3452,659,45.76
ZA,product-3453,420,79.57
MA,product-3454,909,15.83
NG,product-3455,531,18.99
GH,product-3456,363,54.19
KE,product-3457,880,33.97
ZA,product-3458,949,29.75
MA,product-3459,268,74.17
NG,product-3460,454,2.07
GH,product-3461,569,66.86
KE,product-3462,598,40.43
ZA,product-3463,452,96.80
MA,product-3464,796,61.57
NG,product-3465,654,75.42
GH,product-3466,845,91.40
KE,product-3467,201,84.33
ZA,product-3468,809,2.03
MA,product-3469,14,13.52
NG,product-3470,29,31.32
GH,product-3471,769,15.91
KE,product-3472,34,0.49
ZA,product-3473,468,36.13
MA,product-3474,312,71.16
NG,product-3475,258,18.26
GH,product-3476,352,62.77
KE,product-3477,580,87.26
ZA,product-3478,70,74.18
MA,product-3479,601,59.44
NG,product-3480,251,79.04
GH,product-3481,358,94.88
KE,product-3482,476,13.84
ZA,product-3483,462,75.91
MA,product-3484,987,17.26
NG,product-3485,702,19.97
GH,product-3486,493,39.88
KE,product-3487,761,66.16
ZA,product-3488,925,33.81
MA,product-3489,532,87.26
NG,product-3490,452,80.47
GH,product-3491,378,94.88
KE,product-3492,929,67.81
ZA,product-3493,543,83.84
MA,product-3494,492,79.88
NG,product-3495,849,22.94
GH,product-3496,118,32.06
KE,product-3497,42,87.96
ZA,product-3498,473,3.73
MA,product-3499,455,61.17
NG,product-3500,773,44.43
GH,product-3501,492,28.31
KE,product-3502,340,25.19
ZA,product-3503,201,61.28
MA,product-3504,883,19.25
NG,product-3505,732,10.75
GH,product-3506,840,26.79
KE,product-3507,344,76.03
ZA,product-3508,207,67.32
MA,product-3509,514,21.88
NG,product-3510,625,83.25
GH,product-3511,841,9.50
KE,product-3512,475,86.94
ZA,product-3513,752,73.16
MA,product-3514,948,89.87
NG,product-3515,320,31.59
GH,product-3516,819,6.27
KE,product-3517,702,95.63
ZA,product-3518,696,59.14
MA,product-3519,33,81.37
NG,product-3520,318,18.01
GH,product-3521,873,0.15
KE,product-3522,385,55.48
ZA,product-3523,729,67.62
MA,product-3524,95,46.71
NG,product-3525,51,81.89
GH,product-3526,37,20.79
KE,product-3527,474,22.78
ZA,product-3528,32,71.74
MA,product-3529,517,78.63
NG,product-3530,12,47.30
GH,product-3531,867,87.84
KE,product-3532,142,80.71
ZA,product-3533,952,96.94
MA,product-3534,826,84.27
NG,product-3535,164,0.31
GH,product-3536,222,27.58
KE,product-3537,500,0.73
ZA,product-3538,684,43.65
MA,product-3539,248,42.58
NG,product-3540,322,31.93
GH,product-3541,763,57.88
KE,product-3542,611,42.18
ZA,product-3543,9,95.23
MA,product-3544,438,5.78
NG,product-3545,80,64.24
GH,product-3546,402,47.98
KE,product-3547,798,95.80
ZA,product-3548,469,20.02
MA,product-3549,896,74.38
NG,product-3550,131,53.73
GH,product-3551,689,65.04
KE,product-3552,748,5.79
ZA,product-3553,134,59.97
MA,product-3554,735,9.34
NG,product-3555,225,55.97
GH,product-3556,401,96.36
KE,product-3557,363,34.13
ZA,product-3558,572,87.52
MA,product-3559,532,9.98
NG,product-3560,618,63.76
GH,product-3561,494,25.42
KE,product-3562,259,3.85
ZA,product-3563,397,53.46
MA,product-3564,875,40.81
NG,product-3565,162,37.59
GH,product-3566,765,20.60
KE,product-3567,591,86.22
ZA,product-3568,837,14.89
MA,product-3569,341,63.39
NG,product-3570,322,40.33
GH,product-3571,566,25.95
KE,product-3572,100,17.16
ZA,product-3573,319,66.72
MA,product-3574,319,59.83
NG,product-3575,121,8.82
GH,product-3576,351,51.00
KE,product-3577,121,51.26
ZA,product-3578,206,62.82
MA,product-3579,618,60.77
NG,product-3580,5,73.85
GH,product-3581,343,34.70
KE,product-3582,456,18.34
ZA,product-3583,586,64.37
MA,product-3584,887,99.26
NG,product-3585,377,2.22
GH,product-3586,354,35.88
KE,product-3587,993,65.96
ZA,product-3588,86,7.82
MA,product-3589,90,92.08
NG,product-3590,50,59.84
GH,product-3591,640,2.23
KE,product-3592,844,18.77
ZA,product-3593,841,94.17
MA,product-3594,149,30.57
NG,product-3595,331,37.74
GH,product-3596,480,68.62
KE,product-3597,757,56.47
ZA,product-3598,81,19.16
MA,product-3599,789,84.11
NG,product-3600,441,89.75
GH,product-3601,981,92.38
KE,product-3602,468,85.61
ZA,product-3603,586,42.45
MA,product-3604,270,91.53
NG,product-3605,83,2.69
GH,product-3606,800,79.07
KE,product-3607,451,57.45
ZA,product-3608,526,75.58
MA,product-3609,27,97.61
NG,product-3610,226,1.76
GH,product-3611,303,63.31
KE,product-3612,880,42.44
ZA,product-3613,783,50.72
MA,product-3614,734,56.47
NG,product-3615,556,57.48
GH,product-3616,822,70.00
KE,product-3617,233,86.54
ZA,product-3618,384,9.90
MA,product-3619,649,77.40
NG,product-3620,174,78.42
GH,product-3621,644,81.61
KE,product-3622,371,70.61
ZA,product-3623,694,77.97
MA,product-3624,840,1.31
NG,product-3625,787,18.95
GH,product-3626,877,54.01
KE,product-3627,332,65.28
ZA,product-3628,819,9.46
MA,product-3629,381,65.83
NG,product-3630,220,83.37
GH,product-3631,90,36.15
KE,product-3632,45,30.18
ZA,product-3633,727,14.27
MA,product-3634,756,58.67
NG,product-3635,89,13.62
GH,product-3636,833,28.39
KE,product-3637,989,50.88
ZA,product-3638,227,88.70
MA,product-3639,523,55.21
NG,product-3640,254,55.89
GH,product-3641,58,24.52
KE,product-3642,259,59.51
ZA,product-3643,104,15.11
MA,product-3644,751,11.28
NG,product-3645,602,32.93
GH,product-3646,998,86.20
KE,product-3647,449,1.72
ZA,product-3648,183,90.06
MA,product-3649,295,99.94
NG,product-3650,335,28.97
GH,product-3651,427,5.00
KE,product-3652,668,87.82
ZA,product-3653,963,79.97
MA,product-3654,614,56.30
NG,product-3655,245,22.94
GH,product-3656,544,87.70
KE,product-3657,798,19.38
ZA,product-3658,948,66.43
MA,product-3659,123,44.10
NG,product-3660,620,16.94
GH,product-3661,926,52.61
KE,product-3662,285,76.34
ZA,product-3663,130,97.76
MA,product-3664,235,82.70
NG,product-3665,589,14.81
GH,product-3666,7,98.82
KE,product-3667,696,87.58
ZA,product-3668,258,84.82
MA,product-3669,371,53.20
NG,product-3670,72,12.39
GH,product-3671,434,27.22
KE,product-3672,311,7.69
ZA,product-3673,133,32.75
MA,product-3674,997,56.04
NG,product-3675,39,6.03
GH,product-3676,604,55.95
KE,product-3677,56,88.07
ZA,product-3678,803,16.51
MA,product-3679,824,11.33
NG,product-3680,222,0.13
GH,product-3681,687,96.82
KE,product-3682,825,68.64
ZA,product-3683,896,54.95
MA,product-3684,84,38.76
NG,product-3685,450,16.71
GH,product-3686,447,46.35
KE,product-3687,44,52.49
ZA,product-3688,965,24.65
MA,product-3689,666,90.13
NG,product-3690,896,21.29
GH,product-3691,965,88.72
KE,product-3692,915,88.91
ZA,product-3693,147,19.22
MA,product-3694,152,52.54
NG,product-3695,445,55.72
GH,product-3696,353,4.12
KE,product-3697,751,14.63
ZA,product-3698,620,37.99
MA,product-3699,351,61.41
NG,product-3700,580,95.19
GH,product-3701,476,95.95
KE,product-3702,422,6.88
ZA,product-3703,670,96.89
MA,product-3704,568,6.61
NG,product-3705,718,65.64
GH,product-3706,199,71.28
KE,product-3707,951,21.65
ZA,product-3708,596,20.46
MA,product-3709,918,34.37
NG,product-3710,679,20.68
GH,product-3711,284,14.92
KE,product-3712,151,35.15
ZA,product-3713,856,42.59
MA,product-3714,213,52.25
NG,product-3715,793,72.35
GH,product-3716,77,67.17
KE,product-3717,486,46.10
ZA,product-3718,629,4.65
MA,product-3719,273,33.41
NG,product-3720,333,14.49
GH,product-3721,540,28.17
KE,product-3722,32,94.87
ZA,product-3723,321,71.73
MA,product-3724,36,64.70
NG,product-3725,852,9.83
GH,product-3726,932,81.77
KE,product-3727,846,43.43
ZA,product-3728,762,39.91
MA,product-3729,717,64.51
NG,product-3730,559,79.39
GH,product-3731,157,62.74
KE,product-3732,102,75.64
ZA,product-3733,73,38.47
MA,product-3734,528,27.40
NG,product-3735,834,83.51
GH,product-3736,284,11.82
KE,product-3737,6,54.39
ZA,product-3738,123,12.95
MA,product-3739,952,59.56
NG,product-3740,241,84.66
GH,product-3741,471,62.88
KE,product-3742,102,68.71
ZA,product-3743,336,86.24
MA,product-3744,90,61.60
NG,product-3745,792,72.65
GH,product-3746,180,69.41
KE,product-3747,71,88.84
ZA,product-3748,416,76.50
MA,product-3749,464,98.85
NG,product-3750,484,96.02
GH,product-3751,493,63.74
KE,product-3752,279,74.27
ZA,product-3753,98,85.72
MA,product-3754,579,90.48
NG,product-3755,754,88.01
GH,product-3756,400,68.09
KE,product-3757,685,13.44
ZA,product-3758,675,11.29
MA,product-3759,254,0.31
NG,product-3760,653,55.34
GH,product-3761,683,31.88
KE,product-3762,339,25.97
ZA,product-3763,184,73.73
MA,product-3764,1,78.17
NG,product-3765,696,69.06
GH,product-3766,945,35.83
KE,product-3767,68,48.32
ZA,product-3768,431,61.06
MA,product-3769,565,87.16
NG,product-3770,921,16.94
GH,product-3771,978,37.39
KE,product-3772,282,2.92
ZA,product-3773,229,91.53
MA,product-3774,353,65.11
NG,product-3775,964,85.28
GH,product-3776,676,91.84
KE,product-3777,9,58.74
ZA,product-3778,270,30.69
MA,product-3779,428,12.29
NG,product-3780,313,11.95
GH,product-3781,466,29.73
KE,product-3782,529,15.57
ZA,product-3783,396,63.05
MA,product-3784,560,80.83
NG,product-3785,471,13.61
GH,product-3786,777,50.20
KE,product-3787,723,62.32
ZA,product-3788,375,34.32
MA,product-3789,8,82.91
NG,product-3790,651,35.94
GH,product-3791,397,97.82
KE,product-3792,898,71.84
ZA,product-3793,934,48.93
MA,product-3794,162,76.66
NG,product-3795,288,41.52
GH,product-3796,239,91.62
KE,product-3797,679,1.68
ZA,product-3798,294,12.52
MA,product-3799,649,14.68
NG,product-3800,835,73.11
GH,product-3801,484,23.86
KE,product-3802,47,6.20
ZA,product-3803,408,83.62
MA,product-3804,663,62.88
NG,product-3805,936,36.98
GH,product-3806,722,99.05
KE,product-3807,188,59.28
ZA,product-3808,185,65.95
MA,product-3809,992,17.10
NG,product-3810,526,52.27
GH,product-3811,386,66.45
KE,product-3812,107,67.49
ZA,product-3813,569,81.52
MA,product-3814,725,98.39
NG,product-3815,622,60.04
GH,product-3816,829,42.72
KE,product-3817,177,0.32
ZA,product-3818,495,98.93
MA,product-3819,429,47.47
NG,product-3820,270,3.57
GH,product-3821,890,20.35
KE,product-3822,256,63.88
ZA,product-3823,166,57.85
MA,product-3824,520,89.32
NG,product-3825,651,2.92
GH,product-3826,41,17.05
KE,product-3827,495,89.21
ZA,product-3828,411,21.10
MA,product-3829,707,8.05
NG,product-3830,761,99.90
GH,product-3831,180,62.27
KE,product-3832,316,24.72
ZA,product-3833,287,95.12
MA,product-3834,943,80.03
NG,product-3835,166,32.48
GH,product-3836,238,41.71
KE,product-3837,673,97.36
ZA,product-3838,48,64.73
MA,product-3839,966,7.70
NG,product-3840,348,61.94
GH,product-3841,331,44.60
KE,product-3842,520,18.01
ZA,product-3843,823,71.01
MA,product-3844,785,53.20
NG,product-3845,217,58.50
GH,product-3846,93,3.43
KE,product-3847,963,40.61
ZA,product-3848,385,18.33
MA,product-3849,411,44.39
NG,product-3850,406,67.42
GH,product-3851,669,3.43
KE,product-3852,799,26.18
ZA,product-3853,719,66.41
MA,product-3854,533,60.63
NG,product-3855,797,90.76
GH,product-3856,535,83.65
KE,product-3857,324,19.04
ZA,product-3858,411,66.52
MA,product-3859,496,10.43
NG,product-3860,748,2.98
GH,product-3861,593,72.28
KE,product-3862,910,19.13
ZA,product-3863,55,30.95
MA,product-3864,256,49.24
NG,product-3865,760,82.36
GH,product-3866,523,54.30
KE,product-3867,778,30.21
ZA,product-3868,103,95.58
MA,product-3869,43,73.12
NG,product-3870,447,13.90
GH,product-3871,344,36.69
KE,product-3872,542,28.15
ZA,product-3873,61,31.10
MA,product-3874,716,82.13
NG,product-3875,364,82.55
GH,product-3876,109,34.23
KE,product-3877,716,9.04
ZA,product-3878,559,39.70
MA,product-3879,804,44.75
NG,product-3880,782,3.33
GH,product-3881,447,53.53
KE,product-3882,135,88.19
ZA,product-3883,135,71.88
MA,product-3884,204,4.97
NG,product-3885,229,15.10
GH,product-3886,883,52.31
KE,product-3887,573,21.57
ZA,product-3888,960,55.05
MA,product-3889,365,77.46
NG,product-3890,220,14.32
GH,product-3891,496,58.38
KE,product-3892,48,63.78
ZA,product-3893,752,70.81
MA,product-3894,718,4.64
NG,product-3895,389,74.70
GH,product-3896,635,74.57
KE,product-3897,144,60.80
ZA,product-3898,735,23.87
MA,product-3899,722,65.76
NG,product-3900,755,39.16
GH,product-3901,456,58.75
KE,product-3902,566,3.69
ZA,product-3903,738,63.25
MA,product-3904,65,6.99
NG,product-3905,654,37.51
GH,product-3906,654,57.53
KE,product-3907,684,1.24
ZA,product-3908,217,91.81
MA,product-3909,414,48.44
NG,product-3910,364,54.51
GH,product-3911,365,79.53
KE,product-3912,743,75.48
ZA,product-3913,824,10.67
MA,product-3914,789,71.87
NG,product-3915,990,8.04
GH,product-3916,524,34.17
KE,product-3917,47,15.03
ZA,product-3918,215,58.78
MA,product-3919,32,73.23
NG,product-3920,997,77.33
GH,product-3921,364,91.25
KE,product-3922,2,46.06
ZA,product-3923,263,1.65
MA,product-3924,249,37.95
NG,product-3925,40,79.17
GH,product-3926,801,89.54
KE,product-3927,905,42.21
ZA,product-3928,205,53.34
MA,product-3929,477,67.14
NG,product-3930,676,64.47
GH,product-3931,39,95.08
KE,product-3932,364,64.11
ZA,product-3933,585,21.30
MA,product-3934,385,28.54
NG,product-3935,805,29.22
GH,product-3936,511,30.98
KE,product-3937,257,54.04
ZA,product-3938,196,95.04
MA,product-3939,936,64.15
NG,product-3940,951,16.63
GH,product-3941,714,83.54
KE,product-3942,964,8.85
ZA,product-3943,999,34.41
MA,product-3944,424,60.21
NG,product-3945,18,68.75
GH,product-3946,901,54.47
KE,product-3947,4,8.88
ZA,product-3948,879,95.22
MA,product-3949,30,88.48
NG,product-3950,723,47.97
GH,product-3951,793,25.47
KE,product-3952,982,42.59
ZA,product-3953,932,1.72
MA,product-3954,445,7.78
NG,product-3955,544,48.47
GH,product-3956,490,49.87
KE,product-3957,642,71.93
ZA,product-3958,256,66.63
MA,product-3959,972,83.74
NG,product-3960,648,23.13
GH,product-3961,558,74.23
KE,product-3962,189,49.69
ZA,product-3963,403,53.45
MA,product-3964,181,30.00
NG,product-3965,103,96.46
GH,product-3966,29,4.21
KE,product-3967,755,89.11
ZA,product-3968,77,48.22
MA,product-3969,580,17.68
NG,product-3970,286,4.85
GH,product-3971,284,90.57
KE,product-3972,353,10.78
ZA,product-3973,602,15.92
MA,product-3974,32,92.40
NG,product-3975,390,95.47
GH,product-3976,270,30.05
KE,product-3977,372,94.74
ZA,product-3978,433,75.88
MA,product-3979,639,93.90
NG,product-3980,875,78.20
GH,product-3981,354,51.58
KE,product-3982,571,31.10
ZA,product-3983,154,61.17
MA,product-3984,304,79.78
NG,product-3985,72,85.42
GH,product-3986,233,98.41
KE,product-3987,298,49.28
ZA,product-3988,838,32.87
MA,product-3989,464,21.01
NG,product-3990,518,58.39
GH,product-3991,437,89.73
KE,product-3992,671,79.09
ZA,product-3993,870,33.20
MA,product-3994,621,50.25
NG,product-3995,978,69.86
GH,product-3996,772,44.10
KE,product-3997,244,65.58
ZA,product-3998,299,24.03
MA,product-3999,347,10.38
NG,product-4000,962,32.93
GH,product-4001,416,3.93
KE,product-4002,865,97.80
ZA,product-4003,446,97.81
MA,product-4004,39,42.73
NG,product-4005,102,8.20
GH,product-4006,790,30.07
KE,product-4007,740,10.18
ZA,product-4008,715,86.70
MA,product-4009,956,57.09
NG,product-4010,895,39.99
GH,product-4011,898,68.26
KE,product-4012,631,64.83
ZA,product-4013,372,2.71
MA,product-4014,907,42.80
NG,product-4015,778,47.26
GH,product-4016,281,46.78
KE,product-4017,673,41.69
ZA,product-4018,811,76.27
MA,product-4019,694,52.69
NG,product-4020,98,11.86
GH,product-4021,706,2.32
KE,product-4022,160,49.35
ZA,product-4023,558,98.02
MA,product-4024,250,3.97
NG,product-4025,828,36.11
GH,product-4026,692,84.09
KE,product-4027,154,61.23
ZA,product-4028,880,30.76
MA,product-4029,869,98.22
NG,product-4030,904,94.67
GH,product-4031,406,81.07
KE,product-4032,33,61.02
ZA,product-4033,629,22.08
MA,product-4034,831,40.29
NG,product-4035,16,37.06
GH,product-4036,264,7.14
KE,product-4037,126,27.35
ZA,product-4038,55,20.30
MA,product-4039,891,43.06
NG,product-4040,724,24.41
GH,product-4041,375,65.13
KE,product-4042,941,53.23
ZA,product-4043,876,94.95
MA,product-4044,431,89.72
NG,product-4045,716,17.67
GH,product-4046,427,5.66
KE,product-4047,104,28.30
ZA,product-4048,194,28.18
MA,product-4049,249,57.37
NG,product-4050,992,19.83
GH,product-4051,998,18.72
KE,product-4052,14,73.00
ZA,product-4053,445,68.06
MA,product-4054,981,99.61
NG,product-4055,51,96.94
GH,product-4056,662,26.21
KE,product-4057,356,68.93
ZA,product-4058,918,80.06
MA,product-4059,151,22.93
NG,product-4060,760,42.84
GH,product-4061,434,48.07
KE,product-4062,24,81.01
ZA,product-4063,199,65.21
MA,product-4064,540,48.77
NG,product-4065,148,63.42
GH,product-4066,869,25.12
KE,product-4067,843,78.85
ZA,product-4068,391,39.67
MA,product-4069,580,2.50
NG,product-4070,175,41.44
GH,product-4071,512,3.43
KE,product-4072,867,87.72
ZA,product-4073,207,84.87
MA,product-4074,731,46.60
NG,product-4075,94,91.61
GH,product-4076,422,66.97
KE,product-4077,301,9.67
ZA,product-4078,176,24.93
MA,product-4079,986,97.18
NG,product-4080,911,87.26
GH,product-4081,415,93.38
KE,product-4082,353,98.66
ZA,product-4083,379,42.81
MA,product-4084,825,87.21
NG,product-4085,995,3.40
GH,product-4086,504,23.52
KE,product-4087,741,96.26
ZA,product-4088,896,73.69
MA,product-4089,167,19.66
NG,product-4090,149,68.94
GH,product-4091,89,69.85
KE,product-4092,690,70.99
ZA,product-4093,119,25.42
MA,product-4094,791,42.53
NG,product-4095,9,5.53
GH,product-4096,263,20.70
KE,product-4097,929,19.82
ZA,product-4098,517,1.45
MA,product-4099,505,66.16
NG,product-4100,28,1.26
GH,product-4101,215,54.20
KE,product-4102,193,56.89
ZA,product-4103,465,49.50
MA,product-4104,393,21.24
NG,product-4105,986,71.45
GH,product-4106,947,58.75
KE,product-4107,915,36.14
ZA,product-4108,427,29.16
MA,product-4109,567,91.20
NG,product-4110,280,48.67
GH,product-4111,398,26.07
KE,product-4112,529,24.81
ZA,product-4113,644,71.57
MA,product-4114,916,81.90
NG,product-4115,517,64.76
GH,product-4116,291,93.68
KE,product-4117,606,31.98
ZA,product-4118,781,99.50
MA,product-4119,145,20.36
NG,product-4120,114,24.54
GH,product-4121,340,77.51
KE,product-4122,37,19.86
ZA,product-4123,447,72.75
MA,product-4124,500,47.62
NG,product-4125,647,45.60
GH,product-4126,867,48.95
KE,product-4127,449,13.60
ZA,product-4128,482,45.49
MA,product-4129,670,32.80
NG,product-4130,615,68.60
GH,product-4131,864,61.10
KE,product-4132,325,4.53
ZA,product-4133,604,26.01
MA,product-4134,404,21.84
NG,product-4135,520,81.38
GH,product-4136,429,59.05
KE,product-4137,505,49.03
ZA,product-4138,158,73.14
MA,product-4139,356,98.68
NG,product-4140,669,71.20
GH,product-4141,195,9.43
KE,product-4142,344,72.31
ZA,product-4143,343,16.40
MA,product-4144,499,42.11
NG,product-4145,817,43.69
GH,product-4146,441,50.30
KE,product-4147,942,27.25
ZA,product-4148,108,91.17
MA,product-4149,381,81.39
NG,product-4150,26,36.81
GH,product-4151,605,13.96
KE,product-4152,476,99.16
ZA,product-4153,508,75.53
MA,product-4154,285,61.39
NG,product-4155,616,74.52
GH,product-4156,885,88.72
KE,product-4157,224,93.47
ZA,product-4158,103,1.46
MA,product-4159,825,3.81
NG,product-4160,163,89.33
GH,product-4161,544,15.63
KE,product-4162,498,37.95
ZA,product-4163,555,93.79
MA,product-4164,399,12.19
NG,product-4165,821,20.82
GH,product-4166,876,81.72
KE,product-4167,248,14.56
ZA,product-4168,374,73.71
MA,product-4169,215,29.54
NG,product-4170,953,11.91
GH,product-4171,429,21.88
KE,product-4172,389,60.48
ZA,product-4173,742,29.34
MA,product-4174,59,48.70
NG,product-4175,449,1.49
GH,product-4176,858,91.50
KE,product-4177,496,1.90
ZA,product-4178,858,94.42
MA,product-4179,839,92.12
NG,product-4180,295,97.51
GH,product-4181,706,1.06
KE,product-4182,992,28.17
ZA,product-4183,84,71.97
MA,product-4184,507,13.28
NG,product-4185,843,76.33
GH,product-4186,955,64.26
KE,product-4187,229,67.06
ZA,product-4188,1,1.99
MA,product-4189,466,87.83
NG,product-4190,923,41.15
GH,product-4191,954,8.95
KE,product-4192,581,78.57
ZA,product-4193,941,7.85
MA,product-4194,641,46.94
NG,product-4195,528,75.12
GH,product-4196,105,7.34
KE,product-4197,227,37.37
ZA,product-4198,118,72.73
MA,product-4199,101,65.51
NG,product-4200,439,70.01
GH,product-4201,924,86.76
KE,product-4202,474,12.44
ZA,product-4203,643,1.02
MA,product-4204,486,30.12
NG,product-4205,305,88.73
GH,product-4206,575,87.15
KE,product-4207,523,33.87
ZA,product-4208,779,50.01
MA,product-4209,104,22.02
NG,product-4210,912,6.10
GH,product-4211,539,78.14
KE,product-4212,357,77.57
ZA,product-4213,315,46.91
MA,product-4214,45,2.96
NG,product-4215,597,45.22
GH,product-4216,804,24.97
KE,product-4217,623,47.06
ZA,product-4218,673,50.06
MA,product-4219,250,14.58
NG,product-4220,20,51.69
GH,product-4221,977,19.06
KE,product-4222,921,18.08
ZA,product-4223,737,13.65
MA,product-4224,857,98.18
NG,product-4225,305,79.51
GH,product-4226,799,83.62
KE,product-4227,205,11.85
ZA,product-4228,194,78.71
MA,product-4229,95,37.55
NG,product-4230,11,46.50
GH,product-4231,793,34.22
KE,product-4232,245,86.12
ZA,product-4233,169,60.93
MA,product-4234,866,86.91
NG,product-4235,218,77.41
GH,product-4236,36,51.76
KE,product-4237,928,21.36
ZA,product-4238,960,41.59
MA,product-4239,750,22.52
NG,product-4240,310,12.06
GH,product-4241,246,22.18
KE,product-4242,951,46.62
ZA,product-4243,293,79.94
MA,product-4244,448,99.27
NG,product-4245,489,53.79
GH,product-4246,904,69.83
KE,product-4247,20,75.25
ZA,product-4248,823,98.27
MA,product-4249,443,73.14
NG,product-4250,552,15.18
GH,product-4251,707,76.33
KE,product-4252,766,87.58
ZA,product-4253,793,59.29
MA,product-4254,160,61.83
NG,product-4255,622,10.08
GH,product-4256,79,85.46
KE,product-4257,313,47.26
ZA,product-4258,169,40.21
MA,product-4259,887,25.80
NG,product-4260,745,83.41
GH,product-4261,361,97.88
KE,product-4262,207,68.41
ZA,product-4263,699,6.79
MA,product-4264,40,86.19
NG,product-4265,612,13.87
GH,product-4266,653,70.52
KE,product-4267,429,17.96
ZA,product-4268,693,1.49
MA,product-4269,456,86.15
NG,product-4270,787,13.64
GH,product-4271,60,25.61
KE,product-4272,941,79.06
ZA,product-4273,418,75.46
MA,product-4274,266,25.20
NG,product-4275,42,99.01
GH,product-4276,21,57.79
KE,product-4277,787,68.28
ZA,product-4278,324,98.05
MA,product-4279,33,84.24
NG,product-4280,458,13.20
GH,product-4281,531,12.56
KE,product-4282,964,8.17
ZA,product-4283,644,48.88
MA,product-4284,231,88.57
NG,product-4285,598,79.24
GH,product-4286,386,77.84
KE,product-4287,889,93.01
ZA,product-4288,692,56.99
MA,product-4289,853,49.54
NG,product-4290,440,54.18
GH,product-4291,282,99.37
KE,product-4292,164,87.19
ZA,product-4293,908,11.29
MA,product-4294,92,76.86
NG,product-4295,110,74.19
GH,product-4296,155,88.73
KE,product-4297,678,32.19
ZA,product-4298,462,97.01
MA,product-4299,524,86.74
NG,product-4300,928,1.29
GH,product-4301,363,48.34
KE,product-4302,404,45.90
ZA,product-4303,204,64.61
MA,product-4304,948,13.54
NG,product-4305,609,21.30
GH,product-4306,274,99.28
KE,product-4307,984,49.61
ZA,product-4308,907,93.93
MA,product-4309,636,37.91
NG,product-4310,229,1.33
GH,product-4311,792,36.92
KE,product-4312,240,37.01
ZA,product-4313,382,81.44
MA,product-4314,989,95.62
NG,product-4315,729,96.49
GH,product-4316,119,36.32
KE,product-4317,171,81.59
ZA,product-4318,23,92.58
MA,product-4319,183,75.80
NG,product-4320,882,72.11
GH,product-4321,274,57.50
KE,product-4322,275,87.13
ZA,product-4323,621,83.60
MA,product-4324,754,11.51
NG,product-4325,946,89.53
GH,product-4326,195,85.77
KE,product-4327,435,41.44
ZA,product-4328,593,54.47
MA,product-4329,698,34.33
NG,product-4330,209,78.78
GH,product-4331,645,75.40
KE,product-4332,319,45.49
ZA,product-4333,490,31.13
MA,product-4334,299,23.76
NG,product-4335,845,98.63
GH,product-4336,531,92.55
KE,product-4337,870,10.55
ZA,product-4338,33,21.85
MA,product-4339,328,64.71
NG,product-4340,84,24.94
GH,product-4341,970,4.87
KE,product-4342,49,42.42
ZA,product-4343,470,12.67
MA,product-4344,474,77.88
NG,product-4345,714,25.58
GH,product-4346,887,34.21
KE,product-4347,10,89.78
ZA,product-4348,927,49.97
MA,product-4349,265,29.88
NG,product-4350,468,87.84
GH,product-4351,81,86.04
KE,product-4352,624,49.68
ZA,product-4353,407,34.58
MA,product-4354,309,38.54
NG,product-4355,495,96.86
GH,product-4356,900,3.17
KE,product-4357,182,13.96
ZA,product-4358,371,44.60
MA,product-4359,852,28.37
NG,product-4360,194,80.96
GH,product-4361,922,80.39
KE,product-4362,515,72.62
ZA,product-4363,739,46.30
MA,product-4364,431,49.29
NG,product-4365,441,22.99
GH,product-4366,280,5.76
KE,product-4367,315,30.02
ZA,product-4368,177,12.71
MA,product-4369,161,66.06
NG,product-4370,971,20.08
GH,product-4371,244,36.71
KE,product-4372,186,6.61
ZA,product-4373,961,88.89
MA,product-4374,776,90.26
NG,product-4375,250,38.33
GH,product-4376,148,84.20
KE,product-4377,887,32.33
ZA,product-4378,735,79.01
MA,product-4379,614,84.55
NG,product-4380,650,13.06
GH,product-4381,724,75.40
KE,product-4382,754,90.10
ZA,product-4383,334,58.69
MA,product-4384,804,12.56
NG,product-4385,183,37.57
GH,product-4386,979,79.39
KE,product-4387,354,4.18
ZA,product-4388,617,13.55
MA,product-4389,730,87.76
NG,product-4390,819,97.74
GH,product-4391,866,31.11
KE,product-4392,350,77.75
ZA,product-4393,82,54.04
MA,product-4394,759,21.38
NG,product-4395,845,31.12
GH,product-4396,739,14.20
KE,product-4397,906,19.49
ZA,product-4398,842,18.66
MA,product-4399,98,70.03
NG,product-4400,369,19.71
GH,product-4401,571,23.27
KE,product-4402,595,93.25
ZA,product-4403,309,40.12
MA,product-4404,857,62.14
NG,product-4405,303,85.55
GH,product-4406,69,75.36
KE,product-4407,54,42.68
ZA,product-4408,521,37.39
MA,product-4409,282,19.92
NG,product-4410,71,84.89
GH,product-4411,910,29.28
KE,product-4412,636,12.95
ZA,product-4413,721,60.83
MA,product-4414,352,29.57
NG,product-4415,264,13.38
GH,product-4416,966,23.95
KE,product-4417,767,32.41
ZA,product-4418,17,36.21
MA,product-4419,682,87.57
NG,product-4420,635,77.69
GH,product-4421,536,46.96
KE,product-4422,25,27.62
ZA,product-4423,301,58.77
MA,product-4424,925,35.54
NG,product-4425,855,84.15
GH,product-4426,624,65.05
KE,product-4427,559,36.67
ZA,product-4428,618,17.81
MA,product-4429,996,22.06
NG,product-4430,381,2.76
GH,product-4431,286,49.18
KE,product-4432,357,45.55
ZA,product-4433,756,68.25
MA,product-4434,707,95.49
NG,product-4435,853,91.98
GH,product-4436,547,65.78
KE,product-4437,134,71.39
ZA,product-4438,792,42.92
MA,product-4439,50,23.73
NG,product-4440,115,40.45
GH,product-4441,960,9.09
KE,product-4442,573,25.58
ZA,product-4443,408,17.07
MA,product-4444,871,71.46
NG,product-4445,379,80.94
GH,product-4446,248,67.06
KE,product-4447,956,35.82
ZA,product-4448,506,41.43
MA,product-4449,655,46.80
NG,product-4450,674,21.48
GH,product-4451,452,73.28
KE,product-4452,695,62.29
ZA,product-4453,456,1.63
MA,product-4454,537,40.07
NG,product-4455,664,94.17
GH,product-4456,944,46.51
KE,product-4457,576,16.33
ZA,product-4458,836,80.88
MA,product-4459,640,6.84
NG,product-4460,691,95.79
GH,product-4461,783,35.53
KE,product-4462,634,3.80
ZA,product-4463,655,34.77
MA,product-4464,31,10.04
NG,product-4465,490,63.97
GH,product-4466,26,92.28
KE,product-4467,260,42.72
ZA,product-4468,501,3.34
MA,product-4469,200,0.12
NG,product-4470,261,2.19
GH,product-4471,539,42.37
KE,product-4472,206,65.40
ZA,product-4473,792,73.58
MA,product-4474,522,24.77
NG,product-4475,113,19.65
GH,product-4476,722,67.40
KE,product-4477,366,12.50
ZA,product-4478,711,30.02
MA,product-4479,201,36.77
NG,product-4480,747,30.60
GH,product-4481,704,3.25
KE,product-4482,46,64.98
ZA,product-4483,851,9.80
MA,product-4484,38,79.55
NG,product-4485,683,71.58
GH,product-4486,587,93.66
KE,product-4487,113,42.32
ZA,product-4488,686,58.18
MA,product-4489,342,4.40
NG,product-4490,306,25.85
GH,product-4491,565,95.92
KE,product-4492,717,56.11
ZA,product-4493,414,37.12
MA,product-4494,438,27.05
NG,product-4495,473,73.98
GH,product-4496,144,9.01
KE,product-4497,745,95.53
ZA,product-4498,344,57.78
MA,product-4499,493,60.55
NG,product-4500,485,47.28
GH,product-4501,785,79.72
KE,product-4502,227,73.75
ZA,product-4503,502,12.73
MA,product-4504,498,59.39
NG,product-4505,186,62.03
GH,product-4506,609,86.99
KE,product-4507,990,69.18
ZA,product-4508,887,99.41
MA,product-4509,620,21.47
NG,product-4510,172,7.32
GH,product-4511,539,78.01
KE,product-4512,827,76.25
ZA,product-4513,659,48.58
MA,product-4514,789,62.06
NG,product-4515,44,74.91
GH,product-4516,752,71.91
KE,product-4517,147,92.19
ZA,product-4518,568,43.86
MA,product-4519,60,13.41
NG,product-4520,175,82.34
GH,product-4521,830,50.79
KE,product-4522,329,15.68
ZA,product-4523,628,15.34
MA,product-4524,156,35.00
NG,product-4525,165,30.45
GH,product-4526,65,44.28
KE,product-4527,541,5.67
ZA,product-4528,376,2.67
MA,product-4529,72,94.45
NG,product-4530,295,90.42
GH,product-4531,496,26.62
KE,product-4532,899,2.32
ZA,product-4533,173,91.43
MA,product-4534,909,97.03
NG,product-4535,824,89.01
GH,product-4536,302,25.99
KE,product-4537,361,97.34
ZA,product-4538,464,84.25
MA,product-4539,347,65.53
NG,product-4540,969,6.04
GH,product-4541,538,19.99
KE,product-4542,520,22.39
ZA,product-4543,750,63.15
MA,product-4544,773,22.70
NG,product-4545,495,50.46
GH,product-4546,701,76.69
KE,product-4547,638,44.26
ZA,product-4548,233,37.48
MA,product-4549,67,88.18
NG,product-4550,850,28.69
GH,product-4551,10,53.50
KE,product-4552,690,46.79
ZA,product-4553,396,94.55
MA,product-4554,707,9.54
NG,product-4555,147,54.90
GH,product-4556,838,82.76
KE,product-4557,383,44.83
ZA,product-4558,593,34.17
MA,product-4559,512,56.79
NG,product-4560,774,50.87
GH,product-4561,696,46.63
KE,product-4562,798,79.55
ZA,product-4563,388,61.33
MA,product-4564,404,11.77
NG,product-4565,280,94.79
GH,product-4566,494,59.80
KE,product-4567,408,44.72
ZA,product-4568,465,95.04
MA,product-4569,657,82.17
NG,product-4570,100,83.04
GH,product-4571,445,6.82
KE,product-4572,850,95.95
ZA,product-4573,83,23.22
MA,product-4574,181,20.08
NG,product-4575,274,79.67
GH,product-4576,448,13.72
KE,product-4577,518,14.08
ZA,product-4578,995,2.00
MA,product-4579,376,71.22
NG,product-4580,656,76.23
GH,product-4581,99,76.39
KE,product-4582,237,60.30
ZA,product-4583,3,28.05
MA,product-4584,235,36.35
NG,product-4585,22,44.07
GH,product-4586,14,96.53
KE,product-4587,763,6.75
ZA,product-4588,866,73.35
MA,product-4589,799,61.49
NG,product-4590,487,71.82
GH,product-4591,531,88.53
KE,product-4592,796,12.07
ZA,product-4593,645,9.31
MA,product-4594,465,51.09
NG,product-4595,169,91.31
GH,product-4596,168,15.71
KE,product-4597,654,77.87
ZA,product-4598,744,36.69
MA,product-4599,4,50.63
NG,product-4600,779,57.52
GH,product-4601,566,22.40
KE,product-4602,562,7.69
ZA,product-4603,494,96.38
MA,product-4604,426,75.76
NG,product-4605,444,27.34
GH,product-4606,431,68.32
KE,product-4607,99,61.52
ZA,product-4608,785,28.11
MA,product-4609,765,8.11
NG,product-4610,322,75.79
GH,product-4611,319,90.14
KE,product-4612,493,10.41
ZA,product-4613,149,60.06
MA,product-4614,359,94.97
NG,product-4615,22,83.00
GH,product-4616,704,5.04
KE,product-4617,523,60.78
ZA,product-4618,130,21.66
MA,product-4619,703,3.04
NG,product-4620,517,80.31
GH,product-4621,949,41.82
KE,product-4622,865,95.18
ZA,product-4623,195,79.25
MA,product-4624,918,25.52
NG,product-4625,583,29.76
GH,product-4626,111,46.97
KE,product-4627,843,1.78
ZA,product-4628,295,32.77
MA,product-4629,210,41.58
NG,product-4630,62,9.46
GH,product-4631,156,35.21
KE,product-4632,314,9.26
ZA,product-4633,725,67.05
MA,product-4634,728,39.23
NG,product-4635,90,11.21
GH,product-4636,46,70.72
KE,product-4637,122,75.71
ZA,product-4638,522,12.01
MA,product-4639,24,93.22
NG,product-4640,778,11.82
GH,product-4641,168,13.31
KE,product-4642,133,68.44
ZA,product-4643,850,2.07
MA,product-4644,210,3.31
NG,product-4645,447,24.60
GH,product-4646,440,8.40
KE,product-4647,203,99.54
ZA,product-4648,19,85.37
MA,product-4649,917,4.04
NG,product-4650,918,44.26
GH,product-4651,406,10.51
KE,product-4652,290,4.49
ZA,product-4653,4,19.04
MA,product-4654,923,28.24
NG,product-4655,576,11.39
GH,product-4656,783,43.44
KE,product-4657,709,23.55
ZA,product-4658,526,31.93
MA,product-4659,789,70.10
NG,product-4660,886,44.65
GH,product-4661,111,26.03
KE,product-4662,720,71.69
ZA,product-4663,732,4.81
MA,product-4664,470,59.15
NG,product-4665,459,36.43
GH,product-4666,465,96.74
KE,product-4667,655,81.02
ZA,product-4668,428,66.47
MA,product-4669,424,18.85
NG,product-4670,268,82.15
GH,product-4671,283,50.90
KE,product-4672,670,24.54
ZA,product-4673,314,88.26
MA,product-4674,291,30.84
NG,product-4675,466,58.03
GH,product-4676,689,69.65
KE,product-4677,237,1.48
ZA,product-4678,470,88.12
MA,product-4679,797,66.33
NG,product-4680,837,12.49
GH,product-4681,367,32.48
KE,product-4682,584,84.96
ZA,product-4683,747,21.45
MA,product-4684,836,31.04
NG,product-4685,799,13.66
GH,product-4686,860,30.68
KE,product-4687,838,53.85
ZA,product-4688,70,3.94
MA,product-4689,736,28.48
NG,product-4690,605,13.83
GH,product-4691,835,37.52
KE,product-4692,312,89.37
ZA,product-4693,159,86.32
MA,product-4694,956,56.73
NG,product-4695,676,66.29
GH,product-4696,792,74.95
KE,product-4697,70,15.92
ZA,product-4698,444,5.87
MA,product-4699,942,47.44
NG,product-4700,877,6.05
GH,product-4701,162,86.22
KE,product-4702,282,10.99
ZA,product-4703,607,48.87
MA,product-4704,982,54.99
NG,product-4705,927,59.43
GH,product-4706,91,85.73
KE,product-4707,946,8.20
ZA,product-4708,348,42.03
MA,product-4709,288,5.30
NG,product-4710,997,16.88
GH,product-4711,286,92.25
KE,product-4712,897,71.99
ZA,product-4713,719,15.46
MA,product-4714,279,75.47
NG,product-4715,914,21.75
GH,product-4716,582,30.86
KE,product-4717,191,49.18
ZA,product-4718,402,29.88
MA,product-4719,532,42.61
NG,product-4720,395,2.79
GH,product-4721,822,50.37
KE,product-4722,414,31.98
ZA,product-4723,688,70.61
MA,product-4724,785,91.09
NG,product-4725,258,43.86
GH,product-4726,360,71.89
KE,product-4727,962,64.51
ZA,product-4728,747,4.22
MA,product-4729,135,0.51
NG,product-4730,973,17.06
GH,product-4731,8,34.19
KE,product-4732,262,74.01
ZA,product-4733,597,24.17
MA,product-4734,629,91.55
NG,product-4735,809,9.44
GH,product-4736,7,16.34
KE,product-4737,556,40.33
ZA,product-4738,770,1.25
MA,product-4739,961,68.01
NG,product-4740,786,18.11
GH,product-4741,456,98.53
KE,product-4742,480,23.86
ZA,product-4743,324,75.17
MA,product-4744,278,56.71
NG,product-4745,472,68.82
GH,product-4746,179,7.11
KE,product-4747,51,24.86
ZA,product-4748,517,27.46
MA,product-4749,652,30.10
NG,product-4750,711,21.20
GH,product-4751,179,34.77
KE,product-4752,382,9.47
ZA,product-4753,967,45.30
MA,product-4754,686,66.93
NG,product-4755,359,40.95
GH,product-4756,961,79.54
KE,product-4757,487,80.39
ZA,product-4758,686,68.39
MA,product-4759,763,77.38
NG,product-4760,302,4.28
GH,product-4761,325,41.76
KE,product-4762,512,64.64
ZA,product-4763,364,75.02
MA,product-4764,995,2.16
NG,product-4765,408,34.87
GH,product-4766,281,20.20
KE,product-4767,591,94.89
ZA,product-4768,875,48.48
MA,product-4769,535,47.78
NG,product-4770,260,50.88
GH,product-4771,284,69.54
KE,product-4772,547,2.86
ZA,product-4773,461,16.03
MA,product-4774,878,29.36
NG,product-4775,43,86.86
GH,product-4776,601,83.06
KE,product-4777,821,85.93
ZA,product-4778,472,78.66
MA,product-4779,94,10.29
NG,product-4780,353,22.67
GH,product-4781,721,63.39
KE,product-4782,582,78.34
ZA,product-4783,839,39.93
MA,product-4784,481,92.12
NG,product-4785,980,38.84
GH,product-4786,463,86.90
KE,product-4787,108,53.30
ZA,product-4788,10,27.76
MA,product-4789,808,59.33
NG,product-4790,913,6.65
GH,product-4791,204,57.62
KE,product-4792,410,97.95
ZA,product-4793,701,5.21
MA,product-4794,600,74.35
NG,product-4795,715,37.07
GH,product-4796,165,55.81
KE,product-4797,411,7.09
ZA,product-4798,829,67.44
MA,product-4799,367,13.27
NG,product-4800,138,55.84
GH,product-4801,103,8.17
KE,product-4802,633,24.79
ZA,product-4803,674,0.50
MA,product-4804,636,96.34
NG,product-4805,27,91.99
GH,product-4806,528,21.76
KE,product-4807,297,73.68
ZA,product-4808,695,81.15
MA,product-4809,350,15.70
NG,product-4810,666,25.68
GH,product-4811,12,27.60
KE,product-4812,344,65.67
ZA,product-4813,254,79.69
MA,product-4814,570,55.47
NG,product-4815,958,3.28
GH,product-4816,865,14.71
KE,product-4817,720,80.09
ZA,product-4818,757,45.12
MA,product-4819,534,97.77
NG,product-4820,994,82.44
GH,product-4821,823,14.90
KE,product-4822,306,69.78
ZA,product-4823,666,62.08
MA,product-4824,124,91.81
NG,product-4825,841,81.98
GH,product-4826,479,5.21
KE,product-4827,639,30.46
ZA,product-4828,908,78.06
MA,product-4829,988,80.28
NG,product-4830,780,32.03
GH,product-4831,16,69.58
KE,product-4832,207,67.98
ZA,product-4833,189,99.70
MA,product-4834,769,4.05
NG,product-4835,717,79.51
GH,product-4836,509,59.97
KE,product-4837,968,90.28
ZA,product-4838,225,48.99
MA,product-4839,227,21.55
NG,product-4840,786,54.77
GH,product-4841,994,85.28
KE,product-4842,194,66.27
ZA,product-4843,416,41.27
MA,product-4844,766,89.37
NG,product-4845,98,17.82
GH,product-4846,382,56.66
KE,product-4847,117,33.64
ZA,product-4848,222,52.62
MA,product-4849,939,86.71
NG,product-4850,588,70.91
GH,product-4851,40,13.11
KE,product-4852,597,75.08
ZA,product-4853,227,78.47
MA,product-4854,941,79.56
NG,product-4855,325,32.68
GH,product-4856,233,16.40
KE,product-4857,519,16.45
ZA,product-4858,998,86.21
MA,product-4859,152,51.27
NG,product-4860,761,19.44
GH,product-4861,458,53.35
KE,product-4862,272,38.71
ZA,product-4863,232,93.01
MA,product-4864,228,39.74
NG,product-4865,531,80.80
GH,product-4866,586,1.04
KE,product-4867,597,93.98
ZA,product-4868,693,69.74
MA,product-4869,13,26.17
NG,product-4870,60,67.41
GH,product-4871,772,12.41
KE,product-4872,723,65.81
ZA,product-4873,431,55.55
MA,product-4874,16,0.05
NG,product-4875,346,62.70
GH,product-4876,797,43.63
KE,product-4877,954,89.67
ZA,product-4878,964,88.08
MA,product-4879,930,0.59
NG,product-4880,576,14.05
GH,product-4881,600,29.84
KE,product-4882,344,15.14
ZA,product-4883,127,46.45
MA,product-4884,902,45.79
NG,product-4885,186,63.37
GH,product-4886,59,37.72
KE,product-4887,315,93.71
ZA,product-4888,151,73.42
MA,product-4889,817,87.45
NG,product-4890,50,0.25
GH,product-4891,292,47.09
KE,product-4892,225,34.16
ZA,product-4893,482,55.90
MA,product-4894,818,70.61
NG,product-4895,977,81.41
GH,product-4896,100,13.28
KE,product-4897,502,72.87
ZA,product-4898,466,20.68
MA,product-4899,908,61.01
NG,product-4900,129,77.78
GH,product-4901,666,87.59
KE,product-4902,339,65.23
ZA,product-4903,546,79.75
MA,product-4904,633,23.16
NG,product-4905,785,27.79
GH,product-4906,597,57.77
KE,product-4907,417,36.93
ZA,product-4908,963,76.46
MA,product-4909,817,49.75
NG,product-4910,167,82.72
GH,product-4911,371,89.98
KE,product-4912,891,82.11
ZA,product-4913,869,79.08
MA,product-4914,269,23.72
NG,product-4915,424,43.95
GH,product-4916,90,79.63
KE,product-4917,608,57.87
ZA,product-4918,718,12.13
MA,product-4919,708,83.99
NG,product-4920,344,41.36
GH,product-4921,449,49.27
KE,product-4922,137,0.83
ZA,product-4923,899,89.05
MA,product-4924,208,53.12
NG,product-4925,235,48.52
GH,product-4926,77,54.55
KE,product-4927,510,98.83
ZA,product-4928,890,25.98
MA,product-4929,950,87.99
NG,product-4930,999,27.34
GH,product-4931,128,4.52
KE,product-4932,522,83.32
ZA,product-4933,122,81.05
MA,product-4934,45,99.91
NG,product-4935,554,14.29
GH,product-4936,774,2.32
KE,product-4937,948,8.49
ZA,product-4938,379,23.76
MA,product-4939,397,86.28
NG,product-4940,635,41.93
GH,product-4941,899,73.05
KE,product-4942,410,10.17
ZA,product-4943,37,38.51
MA,product-4944,619,82.04
NG,product-4945,538,1.95
GH,product-4946,690,84.73
KE,product-4947,144,16.20
ZA,product-4948,619,52.25
MA,product-4949,339,39.71
NG,product-4950,317,34.32
GH,product-4951,995,32.73
KE,product-4952,401,15.10
ZA,product-4953,219,99.70
MA,product-4954,351,24.05
NG,product-4955,140,35.05
GH,product-4956,222,30.24
KE,product-4957,602,79.65
ZA,product-4958,257,13.26
MA,product-4959,126,79.33
NG,product-4960,662,25.16
GH,product-4961,195,24.45
KE,product-4962,967,4.93
ZA,product-4963,736,23.59
MA,product-4964,461,11.79
NG,product-4965,826,81.57
GH,product-4966,364,93.35
KE,product-4967,398,77.16
ZA,product-4968,695,67.93
MA,product-4969,747,32.18
NG,product-4970,186,19.60
GH,product-4971,438,86.44
KE,product-4972,444,67.81
ZA,product-4973,520,37.37
MA,product-4974,739,81.79
NG,product-4975,761,45.54
GH,product-4976,406,50.29
KE,product-4977,663,29.62
ZA,product-4978,291,31.44
MA,product-4979,485,89.09
NG,product-4980,742,61.26
GH,product-4981,811,36.99
KE,product-4982,610,85.29
ZA,product-4983,485,69.11
MA,product-4984,873,24.39
NG,product-4985,608,2.05
GH,product-4986,831,0.39
KE,product-4987,407,88.53
ZA,product-4988,961,43.40
MA,product-4989,277,16.69
NG,product-4990,448,27.88
GH,product-4991,173,15.89
KE,product-4992,178,37.24
ZA,product-4993,101,16.83
MA,product-4994,703,12.25
NG,product-4995,9,29.47
GH,product-4996,44,80.89
KE,product-4997,152,80.75
ZA,product-4998,940,33.58
MA,product-4999,353,97.82
NG,product-5000,997,63.51
GH,product-5001,704,42.21
KE,product-5002,557,96.03
ZA,product-5003,864,17.25
MA,product-5004,621,67.73
NG,product-5005,817,27.10
GH,product-5006,968,25.34
KE,product-5007,401,71.60
ZA,product-5008,41,45.43
MA,product-5009,605,45.16
NG,product-5010,659,36.56
GH,product-5011,610,3.43
KE,product-5012,411,73.69
ZA,product-5013,134,66.98
MA,product-5014,49,55.73
NG,product-5015,530,68.43
GH,product-5016,338,56.01
KE,product-5017,960,74.39
ZA,product-5018,239,38.11
MA,product-5019,757,87.50
NG,product-5020,572,22.74
GH,product-5021,399,66.40
KE,product-5022,984,47.22
ZA,product-5023,679,87.80
MA,product-5024,74,94.29
NG,product-5025,559,79.40
GH,product-5026,104,52.47
KE,product-5027,995,42.97
ZA,product-5028,690,95.58
MA,product-5029,377,67.95
NG,product-5030,408,12.64
GH,product-5031,238,11.88
KE,product-5032,285,42.28
ZA,product-5033,952,11.36
MA,product-5034,194,61.81
NG,product-5035,290,30.81
GH,product-5036,114,93.54
KE,product-5037,213,73.22
ZA,product-5038,105,6.59
MA,product-5039,381,29.32
NG,product-5040,62,86.44
GH,product-5041,218,39.16
KE,product-5042,120,3.62
ZA,product-5043,212,62.38
MA,product-5044,479,16.17
NG,product-5045,615,16.56
GH,product-5046,297,13.95
KE,product-5047,661,79.72
ZA,product-5048,315,27.41
MA,product-5049,766,44.63
NG,product-5050,672,28.90
GH,product-5051,213,23.96
KE,product-5052,56,7.96
ZA,product-5053,421,14.21
MA,product-5054,315,31.21
NG,product-5055,807,26.23
GH,product-5056,960,55.89
KE,product-5057,256,63.67
ZA,product-5058,474,79.65
MA,product-5059,545,86.52
NG,product-5060,642,60.94
GH,product-5061,358,45.43
KE,product-5062,211,79.82
ZA,product-5063,233,84.86
MA,product-5064,905,69.69
NG,product-5065,171,98.75
GH,product-5066,298,49.89
KE,product-5067,376,71.61
ZA,product-5068,520,54.54
MA,product-5069,817,48.92
NG,product-5070,30,47.69
GH,product-5071,84,84.78
KE,product-5072,36,10.24
ZA,product-5073,279,47.35
MA,product-5074,318,26.77
NG,product-5075,640,1.69
GH,product-5076,579,28.82
KE,product-5077,361,96.34
ZA,product-5078,269,57.75
MA,product-5079,638,33.64
NG,product-5080,26,58.93
GH,product-5081,952,12.46
KE,product-5082,746,46.74
ZA,product-5083,568,89.62
MA,product-5084,198,60.19
NG,product-5085,195,7.38
GH,product-5086,372,22.38
KE,product-5087,391,14.52
ZA,product-5088,659,3.72
MA,product-5089,516,95.88
NG,product-5090,416,3.11
GH,product-5091,435,69.86
KE,product-5092,535,79.95
ZA,product-5093,337,35.31
MA,product-5094,939,79.46
NG,product-5095,946,14.62
GH,product-5096,813,7.53
KE,product-5097,163,91.57
ZA,product-5098,269,77.10
MA,product-5099,726,80.47
NG,product-5100,387,36.33
GH,product-5101,830,64.56
KE,product-5102,463,69.16
ZA,product-5103,874,51.58
MA,product-5104,906,22.98
NG,product-5105,523,7.62
GH,product-5106,578,5.38
KE,product-5107,919,71.07
ZA,product-5108,788,10.14
MA,product-5109,715,42.92
NG,product-5110,925,32.99
GH,product-5111,2,96.00
KE,product-5112,573,92.43
ZA,product-5113,525,18.81
MA,product-5114,244,74.70
NG,product-5115,342,59.18
GH,product-5116,600,66.37
KE,product-5117,555,7.18
ZA,product-5118,140,99.50
MA,product-5119,564,67.93
NG,product-5120,226,12.86
GH,product-5121,308,3.40
KE,product-5122,220,80.54
ZA,product-5123,866,73.70
MA,product-5124,499,14.48
NG,product-5125,513,50.83
GH,product-5126,235,54.73
KE,product-5127,768,2.75
ZA,product-5128,519,16.32
MA,product-5129,58,61.51
NG,product-5130,513,54.89
GH,product-5131,194,52.51
KE,product-5132,909,8.57
ZA,product-5133,688,28.27
MA,product-5134,696,46.10
NG,product-5135,530,85.81
GH,product-5136,0,79.71
KE,product-5137,181,66.05
ZA,product-5138,518,19.18
MA,product-5139,179,77.66
NG,product-5140,733,49.12
GH,product-5141,356,91.60
KE,product-5142,171,8.17
ZA,product-5143,601,81.55
MA,product-5144,991,23.19
NG,product-5145,263,98.75
GH,product-5146,697,21.20
KE,product-5147,67,57.40
ZA,product-5148,343,36.85
MA,product-5149,356,72.51
NG,product-5150,47,53.06
GH,product-5151,251,85.84
KE,product-5152,307,77.98
ZA,product-5153,927,11.62
MA,product-5154,179,89.23
NG,product-5155,377,39.37
GH,product-5156,486,38.25
KE,product-5157,267,54.43
ZA,product-5158,354,2.94
MA,product-5159,274,43.02
NG,product-5160,105,83.18
GH,product-5161,473,89.65
KE,product-5162,725,62.37
ZA,product-5163,172,11.09
MA,product-5164,531,67.90
NG,product-5165,11,67.17
GH,product-5166,957,47.87
KE,product-5167,768,19.85
ZA,product-5168,512,76.88
MA,product-5169,960,25.69
NG,product-5170,676,78.66
GH,product-5171,980,74.93
KE,product-5172,808,1.84
ZA,product-5173,654,60.84
MA,product-5174,861,78.66
NG,product-5175,696,38.81
GH,product-5176,262,62.43
KE,product-5177,218,27.43
ZA,product-5178,64,13.69
MA,product-5179,683,15.86
NG,product-5180,327,83.48
GH,product-5181,975,97.89
KE,product-5182,856,40.27
ZA,product-5183,10,94.05
MA,product-5184,875,0.04
NG,product-5185,240,98.37
GH,product-5186,330,81.87
KE,product-5187,400,79.00
ZA,product-5188,728,26.34
MA,product-5189,958,11.82
NG,product-5190,149,59.16
GH,product-5191,634,77.35
KE,product-5192,779,35.15
ZA,product-5193,888,41.04
MA,product-5194,135,58.79
NG,product-5195,825,43.87
GH,product-5196,865,26.00
KE,product-5197,58,69.74
ZA,product-5198,124,36.30
MA,product-5199,821,77.69
NG,product-5200,58,44.64
GH,product-5201,171,84.40
KE,product-5202,54,32.89
ZA,product-5203,667,17.65
MA,product-5204,369,87.31
NG,product-5205,60,76.38
GH,product-5206,584,16.43
KE,product-5207,791,44.65
ZA,product-5208,117,38.64
MA,product-5209,954,86.32
NG,product-5210,216,5.99
GH,product-5211,999,37.95
KE,product-5212,383,13.34
ZA,product-5213,305,69.13
MA,product-5214,462,63.63
NG,product-5215,745,10.82
GH,product-5216,829,39.95
KE,product-5217,965,49.96
ZA,product-5218,681,38.89
MA,product-5219,890,95.61
NG,product-5220,410,73.47
GH,product-5221,776,49.96
KE,product-5222,757,29.93
ZA,product-5223,184,99.78
MA,product-5224,71,30.58
NG,product-5225,984,66.30
GH,product-5226,542,7.49
KE,product-5227,557,37.05
ZA,product-5228,89,5.51
MA,product-5229,657,1.38
NG,product-5230,106,75.00
GH,product-5231,243,31.23
KE,product-5232,341,31.42
ZA,product-5233,77,54.38
MA,product-5234,658,48.74
NG,product-5235,296,53.09
GH,product-5236,814,95.03
KE,product-5237,359,12.33
ZA,product-5238,247,70.86
MA,product-5239,647,42.12
NG,product-5240,517,66.47
GH,product-5241,79,49.20
KE,product-5242,130,95.20
ZA,product-5243,410,1.44
MA,product-5244,826,48.79
NG,product-5245,68,62.06
GH,product-5246,164,65.04
KE,product-5247,344,89.88
ZA,product-5248,244,25.64
MA,product-5249,298,34.03
NG,product-5250,615,68.30
GH,product-5251,213,98.60
KE,product-5252,961,45.79
ZA,product-5253,372,80.54
MA,product-5254,563,46.01
NG,product-5255,773,55.05
GH,product-5256,897,86.42
KE,product-5257,839,49.70
ZA,product-5258,136,12.48
MA,product-5259,385,56.21
NG,product-5260,253,35.01
GH,product-5261,619,79.13
KE,product-5262,603,30.63
ZA,product-5263,827,23.34
MA,product-5264,599,54.28
NG,product-5265,87,67.80
GH,product-5266,881,10.71
KE,product-5267,868,85.67
ZA,product-5268,597,97.67
MA,product-5269,152,34.19
NG,product-5270,681,40.71
GH,product-5271,770,31.77
KE,product-5272,799,37.49
ZA,product-5273,514,6.95
MA,product-5274,206,13.44
NG,product-5275,998,97.65
GH,product-5276,317,80.95
KE,product-5277,520,63.50
ZA,product-5278,2,55.15
MA,product-5279,657,1.47
NG,product-5280,92,67.09
GH,product-5281,731,6.81
KE,product-5282,72,85.72
ZA,product-5283,658,46.41
MA,product-5284,51,85.58
NG,product-5285,330,63.74
GH,product-5286,268,87.58
KE,product-5287,941,51.96
ZA,product-5288,557,65.65
MA,product-5289,627,12.12
NG,product-5290,538,97.72
GH,product-5291,952,91.66
KE,product-5292,331,82.51
ZA,product-5293,368,14.59
MA,product-5294,587,34.46
NG,product-5295,869,47.42
GH,product-5296,103,32.41
KE,product-5297,460,8.92
ZA,product-5298,714,17.50
MA,product-5299,600,55.98
NG,product-5300,853,96.22
GH,product-5301,789,59.60
KE,product-5302,416,48.21
ZA,product-5303,119,52.43
MA,product-5304,145,31.59
NG,product-5305,53,61.23
GH,product-5306,996,14.53
KE,product-5307,842,76.72
ZA,product-5308,349,75.26
MA,product-5309,663,62.92
NG,product-5310,882,60.36
GH,product-5311,186,76.84
KE,product-5312,959,20.54
ZA,product-5313,488,54.89
MA,product-5314,936,25.11
NG,product-5315,854,15.46
GH,product-5316,148,32.75
KE,product-5317,440,18.42
ZA,product-5318,635,8.39
MA,product-5319,815,92.33
NG,product-5320,628,48.12
GH,product-5321,418,16.59
KE,product-5322,791,88.63
ZA,product-5323,273,44.03
MA,product-5324,228,26.66
NG,product-5325,566,93.32
GH,product-5326,932,99.22
KE,product-5327,531,63.27
ZA,product-5328,913,71.83
MA,product-5329,460,2.61
NG,product-5330,134,81.13
GH,product-5331,67,39.79
KE,product-5332,312,31.12
ZA,product-5333,772,58.54
MA,product-5334,182,94.54
NG,product-5335,402,64.85
GH,product-5336,187,10.14
KE,product-5337,744,14.79
ZA,product-5338,463,98.97
MA,product-5339,969,48.00
NG,product-5340,259,27.13
GH,product-5341,920,68.28
KE,product-5342,485,50.90
ZA,product-5343,446,46.46
MA,product-5344,307,94.62
NG,product-5345,700,33.37
GH,product-5346,160,5.46
KE,product-5347,292,30.51
ZA,product-5348,278,6.21
MA,product-5349,867,50.46
NG,product-5350,160,42.67
GH,product-5351,256,96.93
KE,product-5352,288,20.18
ZA,product-5353,453,20.63
MA,product-5354,624,27.68
NG,product-5355,239,7.08
GH,product-5356,99,4.50
KE,product-5357,276,29.06
ZA,product-5358,123,65.88
MA,product-5359,149,78.96
NG,product-5360,370,61.19
GH,product-5361,149,19.28
KE,product-5362,390,45.03
ZA,product-5363,70,40.56
MA,product-5364,719,79.43
NG,product-5365,44,37.21
GH,product-5366,213,47.77
KE,product-5367,771,30.72
ZA,product-5368,615,17.02
MA,product-5369,920,42.81
NG,product-5370,846,39.89
GH,product-5371,928,19.02
KE,product-5372,23,93.20
ZA,product-5373,799,65.95
MA,product-5374,619,97.27
NG,product-5375,321,72.27
GH,product-5376,368,86.26
KE,product-5377,631,60.49
ZA,product-5378,830,19.32
MA,product-5379,713,46.51
NG,product-5380,240,45.64
GH,product-5381,552,63.71
KE,product-5382,231,33.35
ZA,product-5383,249,98.41
MA,product-5384,746,79.86
NG,product-5385,268,71.34
GH,product-5386,85,0.16
KE,product-5387,289,94.36
ZA,product-5388,959,18.18
MA,product-5389,544,98.13
NG,product-5390,727,15.83
GH,product-5391,703,44.22
KE,product-5392,618,63.50
ZA,product-5393,810,30.70
MA,product-5394,372,72.05
NG,product-5395,645,47.12
GH,product-5396,883,47.98
KE,product-5397,915,42.25
ZA,product-5398,552,69.66
MA,product-5399,946,66.15
NG,product-5400,326,59.96
GH,product-5401,157,38.20
KE,product-5402,218,25.66
ZA,product-5403,915,95.85
MA,product-5404,370,13.12
NG,product-5405,96,57.38
GH,product-5406,299,65.40
KE,product-5407,934,87.13
ZA,product-5408,762,1.76
MA,product-5409,827,19.62
NG,product-5410,645,55.92
GH,product-5411,227,9.45
KE,product-5412,640,59.49
ZA,product-5413,863,29.86
MA,product-5414,801,99.47
NG,product-5415,764,71.94
GH,product-5416,909,64.70
KE,product-5417,305,38.47
ZA,product-5418,33,60.71
MA,product-5419,543,79.78
NG,product-5420,695,10.40
GH,product-5421,795,31.78
KE,product-5422,67,7.31
ZA,product-5423,984,18.78
MA,product-5424,711,92.47
NG,product-5425,708,7.14
GH,product-5426,161,39.24
KE,product-5427,975,21.41
ZA,product-5428,124,76.21
MA,product-5429,129,13.55
NG,product-5430,281,47.34
GH,product-5431,966,50.91
KE,product-5432,387,38.22
ZA,product-5433,313,40.05
MA,product-5434,289,80.08
NG,product-5435,326,51.73
GH,product-5436,332,56.78
KE,product-5437,659,60.29
ZA,product-5438,1,4.99
MA,product-5439,636,62.49
NG,product-5440,804,58.59
GH,product-5441,719,4.49
KE,product-5442,464,90.18
ZA,product-5443,443,77.34
MA,product-5444,131,35.13
NG,product-5445,548,64.60
GH,product-5446,882,22.38
KE,product-5447,302,64.66
ZA,product-5448,123,97.06
MA,product-5449,566,35.09
NG,product-5450,354,92.57
GH,product-5451,295,54.60
KE,product-5452,19,6.97
ZA,product-5453,313,47.78
MA,product-5454,733,54.78
NG,product-5455,506,39.99
GH,product-5456,602,9.11
KE,product-5457,512,9.70
ZA,product-5458,640,7.40
MA,product-5459,511,68.01
NG,product-5460,349,73.68
GH,product-5461,824,87.75
KE,product-5462,352,11.62
ZA,product-5463,710,91.87
MA,product-5464,468,61.70
NG,product-5465,850,61.94
GH,product-5466,995,68.86
KE,product-5467,690,23.55
ZA,product-5468,628,49.01
MA,product-5469,947,42.97
NG,product-5470,191,41.24
GH,product-5471,139,30.72
KE,product-5472,689,96.22
ZA,product-5473,963,34.89
MA,product-5474,254,20.17
NG,product-5475,126,97.31
GH,product-5476,408,82.96
KE,product-5477,722,73.30
ZA,product-5478,760,88.67
MA,product-5479,456,13.92
NG,product-5480,112,91.67
GH,product-5481,247,25.59
KE,product-5482,811,71.76
ZA,product-5483,798,57.33
MA,product-5484,848,19.61
NG,product-5485,902,80.70
GH,product-5486,976,0.76
KE,product-5487,519,67.15
ZA,product-5488,432,27.54
MA,product-5489,930,56.63
NG,product-5490,526,46.51
GH,product-5491,919,53.79
KE,product-5492,96,95.07
ZA,product-5493,874,71.54
MA,product-5494,415,76.59
NG,product-5495,930,53.64
GH,product-5496,326,15.02
KE,product-5497,116,49.80
ZA,product-5498,554,33.59
MA,product-5499,746,71.04
NG,product-5500,894,84.53
GH,product-5501,632,81.68
KE,product-5502,781,67.17
ZA,product-5503,790,36.14
MA,product-5504,272,33.81
NG,product-5505,31,43.97
GH,product-5506,647,19.14
KE,product-5507,835,13.75
ZA,product-5508,839,94.24
MA,product-5509,167,45.61
NG,product-5510,505,38.25
GH,product-5511,18,23.63
KE,product-5512,226,7.20
ZA,product-5513,831,84.57
MA,product-5514,244,83.50
NG,product-5515,392,84.28
GH,product-5516,986,0.75
KE,product-5517,536,54.12
ZA,product-5518,111,75.56
MA,product-5519,728,91.72
NG,product-5520,95,46.64
GH,product-5521,312,62.16
KE,product-5522,882,91.50
ZA,product-5523,509,7.38
MA,product-5524,422,57.26
NG,product-5525,911,85.74
GH,product-5526,314,50.40
KE,product-5527,507,8.07
ZA,product-5528,190,2.58
MA,product-5529,466,68.04
NG,product-5530,536,23.02
GH,product-5531,224,35.33
KE,product-5532,586,83.48
ZA,product-5533,418,5.23
MA,product-5534,225,46.53
NG,product-5535,298,48.06
GH,product-5536,603,24.11
KE,product-5537,660,76.96
ZA,product-5538,782,12.34
MA,product-5539,649,37.16
NG,product-5540,658,71.52
GH,product-5541,879,10.05
KE,product-5542,557,86.77
ZA,product-5543,529,77.34
MA,product-5544,577,99.84
NG,product-5545,48,14.20
GH,product-5546,338,79.75
KE,product-5547,337,41.47
ZA,product-5548,913,81.87
MA,product-5549,500,72.82
NG,product-5550,976,71.57
GH,product-5551,819,44.25
KE,product-5552,544,28.25
ZA,product-5553,630,49.24
MA,product-5554,92,72.86
NG,product-5555,37,16.06
GH,product-5556,689,15.55
KE,product-5557,547,14.85
ZA,product-5558,611,22.76
MA,product-5559,374,45.16
NG,product-5560,63,30.10
GH,product-5561,242,74.22
KE,product-5562,590,47.04
ZA,product-5563,905,26.98
MA,product-5564,475,1.61
NG,product-5565,871,33.51
GH,product-5566,884,3.17
KE,product-5567,465,59.41
ZA,product-5568,627,4.68
MA,product-5569,358,81.94
NG,product-5570,420,41.25
GH,product-5571,659,24.06
KE,product-5572,714,77.85
ZA,product-5573,156,97.05
MA,product-5574,321,50.21
NG,product-5575,456,15.11
GH,product-5576,489,42.74
KE,product-5577,402,19.62
ZA,product-5578,647,48.97
MA,product-5579,776,54.08
NG,product-5580,99,98.13
GH,product-5581,341,70.66
KE,product-5582,57,55.59
ZA,product-5583,136,12.40
MA,product-5584,446,80.53
NG,product-5585,333,5.44
GH,product-5586,189,2.49
KE,product-5587,157,73.28
ZA,product-5588,995,62.23
MA,product-5589,629,38.93
NG,product-5590,986,56.13
GH,product-5591,38,2.78
KE,product-5592,843,46.55
ZA,product-5593,295,51.41
MA,product-5594,672,19.03
NG,product-5595,477,83.38
GH,product-5596,461,2.83
KE,product-5597,143,7.01
ZA,product-5598,471,5.63
MA,product-5599,795,2.38
NG,product-5600,11,46.61
GH,product-5601,423,68.82
KE,product-5602,639,13.18
ZA,product-5603,598,71.36
MA,product-5604,41,78.71
NG,product-5605,88,75.98
GH,product-5606,35,30.59
KE,product-5607,439,56.36
ZA,product-5608,293,93.32
MA,product-5609,289,8.08
NG,product-5610,574,4.42
GH,product-5611,905,56.13
KE,product-5612,397,23.46
ZA,product-5613,617,33.59
MA,product-5614,671,97.93
NG,product-5615,248,38.05
GH,product-5616,703,91.57
KE,product-5617,506,28.69
ZA,product-5618,411,21.05
MA,product-5619,369,10.23
NG,product-5620,127,18.87
GH,product-5621,892,66.00
KE,product-5622,724,41.06
ZA,product-5623,468,42.23
MA,product-5624,719,12.42
NG,product-5625,150,58.06
GH,product-5626,169,65.43
KE,product-5627,53,55.94
ZA,product-5628,497,49.43
MA,product-5629,126,53.46
NG,product-5630,669,21.97
GH,product-5631,928,30.46
KE,product-5632,484,3.59
ZA,product-5633,336,5.38
MA,product-5634,449,55.84
NG,product-5635,932,89.74
GH,product-5636,542,47.96
KE,product-5637,149,3.95
ZA,product-5638,738,92.68
MA,product-5639,608,6.08
NG,product-5640,81,46.42
GH,product-5641,664,43.76
KE,product-5642,900,83.25
ZA,product-5643,668,73.90
MA,product-5644,331,24.54
NG,product-5645,192,30.44
GH,product-5646,206,85.23
KE,product-5647,925,23.58
ZA,product-5648,365,74.01
MA,product-5649,367,25.24
NG,product-5650,356,90.79
GH,product-5651,27,16.64
KE,product-5652,691,69.66
ZA,product-5653,474,41.23
MA,product-5654,476,99.75
NG,product-5655,732,83.66
GH,product-5656,165,68.31
KE,product-5657,681,63.83
ZA,product-5658,125,26.03
MA,product-5659,340,18.11
NG,product-5660,664,66.96
GH,product-5661,588,38.65
KE,product-5662,359,99.02
ZA,product-5663,207,72.10
MA,product-5664,568,17.37
NG,product-5665,815,46.77
GH,product-5666,924,50.47
KE,product-5667,618,11.11
ZA,product-5668,47,88.32
MA,product-5669,305,90.63
NG,product-5670,407,97.14
GH,product-5671,87,75.07
KE,product-5672,459,71.07
ZA,product-5673,364,58.36
MA,product-5674,596,42.72
NG,product-5675,937,40.49
GH,product-5676,228,48.73
KE,product-5677,286,67.82
ZA,product-5678,250,1.91
MA,product-5679,716,11.95
NG,product-5680,923,79.40
GH,product-5681,569,9.80
KE,product-5682,111,66.79
ZA,product-5683,105,53.60
MA,product-5684,624,49.40
NG,product-5685,697,36.20
GH,product-5686,266,5.84
KE,product-5687,245,62.45
ZA,product-5688,336,85.07
MA,product-5689,82,29.79
NG,product-5690,758,5.18
GH,product-5691,611,88.15
KE,product-5692,499,38.28
ZA,product-5693,178,14.28
MA,product-5694,167,71.91
NG,product-5695,138,92.10
GH,product-5696,573,90.96
KE,product-5697,391,60.19
ZA,product-5698,370,41.16
MA,product-5699,969,9.47
NG,product-5700,666,65.08
GH,product-5701,244,73.06
KE,product-5702,166,65.46
ZA,product-5703,849,64.75
MA,product-5704,124,32.51
NG,product-5705,947,99.09
GH,product-5706,415,33.43
KE,product-5707,74,83.65
ZA,product-5708,444,32.85
MA,product-5709,603,25.83
NG,product-5710,852,94.85
GH,product-5711,164,24.33
KE,product-5712,678,94.89
ZA,product-5713,308,77.26
MA,product-5714,374,85.79
NG,product-5715,368,47.31
GH,product-5716,12,21.58
KE,product-5717,710,74.65
ZA,product-5718,919,43.36
MA,product-5719,360,44.21
NG,product-5720,716,19.95
GH,product-5721,950,59.89
KE,product-5722,588,58.08
ZA,product-5723,56,77.52
MA,product-5724,313,0.42
NG,product-5725,609,82.47
GH,product-5726,451,92.94
KE,product-5727,957,34.17
ZA,product-5728,38,0.05
MA,product-5729,607,12.25
NG,product-5730,283,28.91
GH,product-5731,93,98.97
KE,product-5732,515,29.26
ZA,product-5733,959,89.01
MA,product-5734,583,9.56
NG,product-5735,759,5.69
GH,product-5736,188,55.85
KE,product-5737,81,11.03
ZA,product-5738,354,97.84
MA,product-5739,656,15.79
NG,product-5740,33,99.06
GH,product-5741,905,37.88
KE,product-5742,861,20.21
ZA,product-5743,404,67.35
MA,product-5744,511,27.18
NG,product-5745,229,7.43
GH,product-5746,141,24.60
KE,product-5747,354,74.73
ZA,product-5748,635,43.08
MA,product-5749,666,59.18
NG,product-5750,17,73.59
GH,product-5751,30,45.19
KE,product-5752,754,31.59
ZA,product-5753,410,67.95
MA,product-5754,36,3.13
NG,product-5755,73,37.82
GH,product-5756,74,11.94
KE,product-5757,162,1.09
ZA,product-5758,706,60.16
MA,product-5759,184,44.69
NG,product-5760,616,27.07
GH,product-5761,170,73.15
KE,product-5762,310,0.05
ZA,product-5763,367,55.46
MA,product-5764,672,27.20
NG,product-5765,821,59.75
GH,product-5766,823,56.40
KE,product-5767,144,20.39
ZA,product-5768,895,35.48
MA,product-5769,610,84.79
NG,product-5770,857,69.90
GH,product-5771,53,96.50
KE,product-5772,452,13.38
ZA,product-5773,934,50.02
MA,product-5774,541,55.03
NG,product-5775,988,39.36
GH,product-5776,315,2.45
KE,product-5777,814,18.90
ZA,product-5778,434,45.02
MA,product-5779,241,32.41
NG,product-5780,107,73.71
GH,product-5781,452,21.93
KE,product-5782,651,40.97
ZA,product-5783,587,20.82
MA,product-5784,765,63.90
NG,product-5785,978,89.85
GH,product-5786,798,96.86
KE,product-5787,376,90.55
ZA,product-5788,830,27.37
MA,product-5789,185,33.55
NG,product-5790,41,90.85
GH,product-5791,994,74.16
KE,product-5792,321,75.57
ZA,product-5793,121,16.45
MA,product-5794,617,79.88
NG,product-5795,788,64.48
GH,product-5796,430,1.85
KE,product-5797,290,81.84
ZA,product-5798,759,42.87
MA,product-5799,861,37.87
NG,product-5800,773,84.32
GH,product-5801,94,27.28
KE,product-5802,652,97.55
ZA,product-5803,512,18.21
MA,product-5804,506,95.56
NG,product-5805,476,83.27
GH,product-5806,438,99.53
KE,product-5807,16,42.11
ZA,product-5808,161,92.92
MA,product-5809,307,89.43
NG,product-5810,873,20.89
GH,product-5811,708,14.07
KE,product-5812,448,4.98
ZA,product-5813,385,5.70
MA,product-5814,297,73.50
NG,product-5815,500,68.63
GH,product-5816,719,64.35
KE,product-5817,810,76.60
ZA,product-5818,532,39.44
MA,product-5819,650,14.02
NG,product-5820,741,70.19
GH,product-5821,510,5.37
KE,product-5822,138,48.90
ZA,product-5823,741,36.85
MA,product-5824,947,49.51
NG,product-5825,670,20.26
GH,product-5826,795,79.63
KE,product-5827,242,45.98
ZA,product-5828,613,29.40
MA,product-5829,236,67.59
NG,product-5830,96,27.47
GH,product-5831,585,71.77
KE,product-5832,1,98.14
ZA,product-5833,142,70.09
MA,product-5834,916,8.87
NG,product-5835,599,33.22
GH,product-5836,179,17.60
KE,product-5837,315,3.61
ZA,product-5838,196,54.60
MA,product-5839,843,46.52
NG,product-5840,335,26.72
GH,product-5841,949,80.32
KE,product-5842,391,46.22
ZA,product-5843,43,64.10
MA,product-5844,243,29.83
NG,product-5845,569,77.12
GH,product-5846,161,80.66
KE,product-5847,549,23.38
ZA,product-5848,647,70.86
MA,product-5849,620,76.69
NG,product-5850,7,34.28
GH,product-5851,220,21.75
KE,product-5852,45,95.90
ZA,product-5853,702,60.63
MA,product-5854,871,98.81
NG,product-5855,833,99.93
GH,product-5856,237,52.07
KE,product-5857,700,73.84
ZA,product-5858,266,99.74
MA,product-5859,50,29.59
NG,product-5860,224,46.58
GH,product-5861,611,91.78
KE,product-5862,74,52.26
ZA,product-5863,251,80.37
MA,product-5864,478,66.34
NG,product-5865,836,91.85
GH,product-5866,544,61.17
KE,product-5867,533,2.11
ZA,product-5868,654,17.19
MA,product-5869,164,39.74
NG,product-5870,987,2.06
GH,product-5871,931,98.66
KE,product-5872,670,35.18
ZA,product-5873,526,82.12
MA,product-5874,771,6.78
NG,product-5875,79,20.78
GH,product-5876,163,80.82
KE,product-5877,782,81.25
ZA,product-5878,296,82.89
MA,product-5879,953,65.69
NG,product-5880,37,79.70
GH,product-5881,841,90.62
KE,product-5882,708,10.07
ZA,product-5883,575,75.86
MA,product-5884,639,76.06
NG,product-5885,760,56.14
GH,product-5886,98,64.71
KE,product-5887,481,33.63
ZA,product-5888,526,23.21
MA,product-5889,481,76.45
NG,product-5890,531,88.10
GH,product-5891,886,37.67
KE,product-5892,536,71.45
ZA,product-5893,85,37.70
MA,product-5894,423,81.50
NG,product-5895,660,49.99
GH,product-5896,114,20.20
KE,product-5897,105,30.88
ZA,product-5898,833,75.09
MA,product-5899,36,47.34
NG,product-5900,692,97.67
GH,product-5901,349,62.65
KE,product-5902,644,63.55
ZA,product-5903,383,86.73
MA,product-5904,404,58.40
NG,product-5905,705,91.54
GH,product-5906,342,85.19
KE,product-5907,66,86.53
ZA,product-5908,479,45.48
MA,product-5909,955,15.43
NG,product-5910,442,53.98
GH,product-5911,879,75.80
KE,product-5912,232,50.64
ZA,product-5913,308,49.78
MA,product-5914,144,52.07
NG,product-5915,852,18.07
GH,product-5916,63,0.70
KE,product-5917,907,56.75
ZA,product-5918,907,74.23
MA,product-5919,308,49.53
NG,product-5920,46,99.36
GH,product-5921,47,67.47
KE,product-5922,852,30.76
ZA,product-5923,7,67.74
MA,product-5924,940,54.42
NG,product-5925,535,18.23
GH,product-5926,110,79.02
KE,product-5927,75,9.63
ZA,product-5928,972,22.24
MA,product-5929,409,48.27
NG,product-5930,858,19.14
GH,product-5931,482,31.48
KE,product-5932,533,12.32
ZA,product-5933,930,25.29
MA,product-5934,12,65.36
NG,product-5935,207,68.49
GH,product-5936,731,67.22
KE,product-5937,531,84.38
ZA,product-5938,423,77.00
MA,product-5939,796,17.38
NG,product-5940,477,19.80
GH,product-5941,701,40.48
KE,product-5942,141,34.18
ZA,product-5943,731,45.93
MA,product-5944,670,42.89
NG,product-5945,342,68.89
GH,product-5946,126,32.79
KE,product-5947,204,80.63
ZA,product-5948,198,24.05
MA,product-5949,84,40.93
NG,product-5950,208,57.43
GH,product-5951,797,90.62
KE,product-5952,953,73.30
ZA,product-5953,828,24.52
MA,product-5954,921,15.09
NG,product-5955,312,4.69
GH,product-5956,722,88.03
KE,product-5957,917,8.74
ZA,product-5958,411,20.14
MA,product-5959,663,97.10
NG,product-5960,215,24.12
GH,product-5961,605,16.19
KE,product-5962,231,43.45
ZA,product-5963,725,36.14
MA,product-5964,593,69.07
NG,product-5965,839,34.02
GH,product-5966,60,53.66
KE,product-5967,79,26.02
ZA,product-5968,614,55.38
MA,product-5969,350,2.21
NG,product-5970,131,11.59
GH,product-5971,393,82.96
KE,product-5972,367,54.75
ZA,product-5973,588,98.08
MA,product-5974,37,62.24
NG,product-5975,177,62.66
GH,product-5976,309,62.26
KE,product-5977,48,27.70
ZA,product-5978,484,53.70
MA,product-5979,313,50.88
NG,product-5980,888,54.56
GH,product-5981,748,69.71
KE,product-5982,462,9.31
ZA,product-5983,575,64.37
MA,product-5984,936,54.71
NG,product-5985,629,15.23
GH,product-5986,292,38.48
KE,product-5987,212,36.31
ZA,product-5988,588,6.65
MA,product-5989,319,24.63
NG,product-5990,227,89.35
GH,product-5991,709,22.62
KE,product-5992,337,8.86
ZA,product-5993,459,49.69
MA,product-5994,882,4.06
NG,product-5995,176,41.99
GH,product-5996,301,99.15
KE,product-5997,522,29.09
ZA,product-5998,564,67.41
MA,product-5999,768,76.38
NG,product-6000,827,33.45
GH,product-6001,401,67.69
KE,product-6002,416,44.95
ZA,product-6003,829,37.10
MA,product-6004,537,99.31
NG,product-6005,134,59.19
GH,product-6006,378,59.84
KE,product-6007,528,24.74
ZA,product-6008,880,96.77
MA,product-6009,846,12.68
NG,product-6010,781,35.41
GH,product-6011,192,82.12
KE,product-6012,167,43.95
ZA,product-6013,352,80.41
MA,product-6014,372,21.16
NG,product-6015,699,51.20
GH,product-6016,6,65.58
KE,product-6017,169,11.02
ZA,product-6018,337,0.80
MA,product-6019,475,23.83
NG,product-6020,947,34.92
GH,product-6021,652,33.75
KE,product-6022,423,89.56
ZA,product-6023,165,87.54
MA,product-6024,709,59.83
NG,product-6025,671,93.49
GH,product-6026,803,82.83
KE,product-6027,78,53.56
ZA,product-6028,111,68.13
MA,product-6029,775,84.48
NG,product-6030,428,51.63
GH,product-6031,339,0.77
KE,product-6032,537,38.89
ZA,product-6033,146,32.91
MA,product-6034,298,38.32
NG,product-6035,971,61.80
GH,product-6036,187,82.50
KE,product-6037,372,21.52
ZA,product-6038,348,3.54
MA,product-6039,7,62.15
NG,product-6040,827,78.39
GH,product-6041,456,25.53
KE,product-6042,343,57.70
ZA,product-6043,436,41.15
MA,product-6044,793,94.05
NG,product-6045,788,67.42
GH,product-6046,233,10.45
KE,product-6047,904,63.34
ZA,product-6048,558,86.61
MA,product-6049,711,61.22
NG,product-6050,857,44.37
GH,product-6051,286,22.30
KE,product-6052,589,88.81
ZA,product-6053,271,86.94
MA,product-6054,590,75.96
NG,product-6055,824,39.68
GH,product-6056,528,15.41
KE,product-6057,328,51.39
ZA,product-6058,734,70.84
MA,product-6059,459,33.01
NG,product-6060,82,31.40
GH,product-6061,971,25.28
KE,product-6062,85,67.13
ZA,product-6063,235,73.64
MA,product-6064,380,25.50
NG,product-6065,74,36.73
GH,product-6066,48,89.76
KE,product-6067,130,3.87
ZA,product-6068,74,53.42
MA,product-6069,831,5.95
NG,product-6070,999,41.07
GH,product-6071,782,14.98
KE,product-6072,369,73.96
ZA,product-6073,0,1.14
MA,product-6074,54,3.82
NG,product-6075,747,86.12
GH,product-6076,152,8.99
KE,product-6077,941,46.56
ZA,product-6078,493,49.38
MA,product-6079,834,91.17
NG,product-6080,567,75.90
GH,product-6081,74,96.61
KE,product-6082,120,13.51
ZA,product-6083,585,55.80
MA,product-6084,152,98.28
NG,product-6085,280,74.75
GH,product-6086,258,72.98
KE,product-6087,96,87.99
ZA,product-6088,375,67.04
MA,product-6089,905,90.55
NG,product-6090,266,6.01
GH,product-6091,347,78.11
KE,product-6092,151,55.18
ZA,product-6093,744,28.12
MA,product-6094,482,4.28
NG,product-6095,925,25.55
GH,product-6096,904,47.49
KE,product-6097,270,16.01
ZA,product-6098,293,20.28
MA,product-6099,611,3.47
NG,product-6100,364,27.27
GH,product-6101,792,16.95
KE,product-6102,10,97.42
ZA,product-6103,228,5.70
MA,product-6104,191,63.48
NG,product-6105,679,72.81
GH,product-6106,527,18.83
KE,product-6107,875,47.83
ZA,product-6108,685,59.58
MA,product-6109,122,58.03
NG,product-6110,170,60.94
GH,product-6111,725,92.53
KE,product-6112,239,46.26
ZA,product-6113,80,65.75
MA,product-6114,846,58.60
NG,product-6115,293,3.16
GH,product-6116,327,9.39
KE,product-6117,978,77.50
ZA,product-6118,615,21.92
MA,product-6119,785,16.14
NG,product-6120,447,75.88
GH,product-6121,494,52.26
KE,product-6122,143,15.60
ZA,product-6123,908,69.47
MA,product-6124,12,84.74
NG,product-6125,341,1.89
GH,product-6126,959,49.35
KE,product-6127,139,28.68
ZA,product-6128,337,61.12
MA,product-6129,540,31.66
NG,product-6130,130,87.50
GH,product-6131,794,48.30
KE,product-6132,374,60.50
ZA,product-6133,267,98.66
MA,product-6134,682,4.68
NG,product-6135,950,38.67
GH,product-6136,968,29.04
KE,product-6137,6,29.38
ZA,product-6138,531,50.12
MA,product-6139,508,67.66
NG,product-6140,926,38.52
GH,product-6141,990,42.65
KE,product-6142,537,5.71
ZA,product-6143,409,84.07
MA,product-6144,18,82.31
NG,product-6145,112,87.79
GH,product-6146,20,5.34
KE,product-6147,754,69.21
ZA,product-6148,715,13.39
MA,product-6149,239,48.45
NG,product-6150,58,49.85
GH,product-6151,680,59.10
KE,product-6152,781,78.71
ZA,product-6153,948,46.36
MA,product-6154,624,59.19
NG,product-6155,482,30.98
GH,product-6156,888,47.89
KE,product-6157,811,51.68
ZA,product-6158,955,31.70
MA,product-6159,112,41.95
NG,product-6160,459,69.06
GH,product-6161,409,22.92
KE,product-6162,990,20.49
ZA,product-6163,113,76.73
MA,product-6164,305,64.17
NG,product-6165,864,4.11
GH,product-6166,634,69.03
KE,product-6167,953,72.80
ZA,product-6168,357,48.12
MA,product-6169,118,38.35
NG,product-6170,53,91.96
GH,product-6171,52,32.21
KE,product-6172,482,75.79
ZA,product-6173,588,26.31
MA,product-6174,427,38.84
NG,product-6175,242,2.97
GH,product-6176,270,74.78
KE,product-6177,990,49.35
ZA,product-6178,699,38.70
MA,product-6179,695,16.48
NG,product-6180,114,65.69
GH,product-6181,270,77.29
KE,product-6182,888,30.83
ZA,product-6183,162,17.03
MA,product-6184,473,68.91
NG,product-6185,487,50.24
GH,product-6186,207,59.11
KE,product-6187,321,50.05
ZA,product-6188,787,19.89
MA,product-6189,684,73.52
NG,product-6190,410,48.23
GH,product-6191,944,98.29
KE,product-6192,781,4.81
ZA,product-6193,104,4.60
MA,product-6194,248,74.70
NG,product-6195,975,19.60
GH,product-6196,262,26.21
KE,product-6197,597,14.58
ZA,product-6198,764,77.41
MA,product-6199,120,98.86
NG,product-6200,351,13.21
GH,product-6201,86,9.64
KE,product-6202,59,55.06
ZA,product-6203,907,58.00
MA,product-6204,820,96.43
NG,product-6205,802,78.77
GH,product-6206,194,17.42
KE,product-6207,235,99.99
ZA,product-6208,981,49.35
MA,product-6209,199,59.27
NG,product-6210,525,29.09
GH,product-6211,690,53.41
KE,product-6212,650,59.37
ZA,product-6213,116,40.28
MA,product-6214,558,29.12
NG,product-6215,680,3.43
GH,product-6216,932,21.77
KE,product-6217,951,5.77
ZA,product-6218,644,37.76
MA,product-6219,944,62.21
NG,product-6220,822,81.59
GH,product-6221,623,54.99
KE,product-6222,26,70.97
ZA,product-6223,696,83.47
MA,product-6224,78,83.95
NG,product-6225,391,69.27
GH,product-6226,638,33.22
KE,product-6227,376,22.67
ZA,product-6228,644,31.25
MA,product-6229,699,10.35
NG,product-6230,140,74.67
GH,product-6231,68,34.88
KE,product-6232,362,2.91
ZA,product-6233,7,58.81
MA,product-6234,147,0.79
NG,product-6235,422,58.84
GH,product-6236,300,76.56
KE,product-6237,159,30.81
ZA,product-6238,244,37.68
MA,product-6239,853,8.86
NG,product-6240,527,82.89
GH,product-6241,832,2.73
KE,product-6242,664,29.26
ZA,product-6243,400,86.71
MA,product-6244,249,19.43
NG,product-6245,592,47.43
GH,product-6246,18,11.60
KE,product-6247,118,84.22
ZA,product-6248,765,26.05
MA,product-6249,482,16.04
NG,product-6250,877,30.87
GH,product-6251,752,15.64
KE,product-6252,291,53.76
ZA,product-6253,716,29.26
MA,product-6254,383,42.35
NG,product-6255,448,7.33
GH,product-6256,583,55.74
KE,product-6257,441,83.10
ZA,product-6258,255,64.78
MA,product-6259,575,25.10
NG,product-6260,268,49.46
GH,product-6261,890,61.94
KE,product-6262,108,33.29
ZA,product-6263,205,88.39
MA,product-6264,104,17.41
NG,product-6265,92,53.95
GH,product-6266,374,60.27
KE,product-6267,453,83.36
ZA,product-6268,948,53.73
MA,product-6269,134,10.84
NG,product-6270,12,25.43
GH,product-6271,1,50.36
KE,product-6272,669,81.51
ZA,product-6273,615,86.49
MA,product-6274,673,59.35
NG,product-6275,941,77.30
GH,product-6276,24,57.57
KE,product-6277,699,32.40
ZA,product-6278,716,11.17
MA,product-6279,566,77.87
NG,product-6280,802,86.25
GH,product-6281,24,70.53
KE,product-6282,11,90.40
ZA,product-6283,356,26.61
MA,product-6284,597,1.99
NG,product-6285,666,43.47
GH,product-6286,827,75.55
KE,product-6287,905,24.55
ZA,product-6288,729,96.86
MA,product-6289,924,86.08
NG,product-6290,69,78.64
GH,product-6291,534,58.14
KE,product-6292,334,65.40
ZA,product-6293,548,44.11
MA,product-6294,237,41.53
NG,product-6295,400,50.34
GH,product-6296,337,63.54
KE,product-6297,684,89.17
ZA,product-6298,640,82.62
MA,product-6299,340,31.70
NG,product-6300,796,80.35
GH,product-6301,444,97.71
KE,product-6302,677,47.98
ZA,product-6303,882,32.67
MA,product-6304,0,24.81
NG,product-6305,748,20.15
GH,product-6306,803,12.52
KE,product-6307,75,72.43
ZA,product-6308,686,49.34
MA,product-6309,916,47.87
NG,product-6310,879,53.17
GH,product-6311,62,85.08
KE,product-6312,773,33.05
ZA,product-6313,262,27.13
MA,product-6314,901,22.11
NG,product-6315,634,73.97
GH,product-6316,469,71.74
KE,product-6317,469,35.26
ZA,product-6318,869,78.30
MA,product-6319,128,71.98
NG,product-6320,1,49.92
GH,product-6321,869,63.47
KE,product-6322,932,41.68
ZA,product-6323,988,98.29
MA,product-6324,139,94.30
NG,product-6325,72,10.17
GH,product-6326,19,88.39
KE,product-6327,849,94.88
ZA,product-6328,849,49.37
MA,product-6329,401,20.96
NG,product-6330,287,54.46
GH,product-6331,170,97.48
KE,product-6332,666,65.65
ZA,product-6333,308,6.59
MA,product-6334,409,84.06
NG,product-6335,252,25.14
GH,product-6336,961,53.44
KE,product-6337,141,52.79
ZA,product-6338,677,48.42
MA,product-6339,387,51.15
NG,product-6340,227,50.30
GH,product-6341,126,66.72
KE,product-6342,430,91.56
ZA,product-6343,548,19.71
MA,product-6344,48,15.37
NG,product-6345,174,16.41
GH,product-6346,149,41.26
KE,product-6347,256,83.09
ZA,product-6348,59,54.80
MA,product-6349,909,20.30
NG,product-6350,57,96.38
GH,product-6351,264,28.13
KE,product-6352,861,69.76
ZA,product-6353,90,64.34
MA,product-6354,328,40.05
NG,product-6355,452,75.52
GH,product-6356,998,45.12
KE,product-6357,627,23.70
ZA,product-6358,921,38.90
MA,product-6359,144,94.64
NG,product-6360,745,53.41
GH,product-6361,421,97.80
KE,product-6362,707,55.96
ZA,product-6363,293,34.65
MA,product-6364,90,20.50
NG,product-6365,651,93.14
GH,product-6366,416,59.58
KE,product-6367,560,34.71
ZA,product-6368,823,67.32
MA,product-6369,538,7.84
NG,product-6370,417,49.56
GH,product-6371,447,25.32
KE,product-6372,862,38.93
ZA,product-6373,164,16.76
MA,product-6374,956,79.26
NG,product-6375,463,39.73
GH,product-6376,929,17.68
KE,product-6377,961,64.15
ZA,product-6378,670,60.96
MA,product-6379,187,44.50
NG,product-6380,307,70.41
GH,product-6381,276,11.42
KE,product-6382,416,59.19
ZA,product-6383,969,5.75
MA,product-6384,297,25.82
NG,product-6385,108,28.89
GH,product-6386,264,23.33
KE,product-6387,290,11.88
ZA,product-6388,42,32.44
MA,product-6389,367,0.07
NG,product-6390,632,32.21
GH,product-6391,26,61.26
KE,product-6392,154,89.56
ZA,product-6393,23,55.61
MA,product-6394,293,48.55
NG,product-6395,345,69.41
GH,product-6396,932,44.16
KE,product-6397,282,17.58
ZA,product-6398,151,52.78
MA,product-6399,851,44.28
NG,product-6400,76,72.35
GH,product-6401,459,88.56
KE,product-6402,567,7.82
ZA,product-6403,558,57.28
MA,product-6404,456,77.34
NG,product-6405,145,30.00
GH,product-6406,585,24.18
KE,product-6407,896,60.95
ZA,product-6408,514,31.30
MA,product-6409,724,49.28
NG,product-6410,434,58.20
GH,product-6411,617,79.97
KE,product-6412,241,88.93
ZA,product-6413,387,70.01
MA,product-6414,496,56.94
NG,product-6415,23,42.19
GH,product-6416,281,49.12
KE,product-6417,875,67.46
ZA,product-6418,29,78.89
MA,product-6419,162,28.49
NG,product-6420,264,90.41
GH,product-6421,974,17.57
KE,product-6422,896,26.91
ZA,product-6423,188,60.69
MA,product-6424,512,37.61
NG,product-6425,271,31.90
GH,product-6426,495,11.20
KE,product-6427,694,72.25
ZA,product-6428,913,19.10
MA,product-6429,23,27.95
NG,product-6430,795,96.12
GH,product-6431,567,14.37
KE,product-6432,656,82.65
ZA,product-6433,241,58.49
MA,product-6434,117,32.93
NG,product-6435,743,78.03
GH,product-6436,931,30.70
KE,product-6437,442,29.49
ZA,product-6438,53,76.32
MA,product-6439,693,20.64
NG,product-6440,7,28.39
GH,product-6441,352,77.96
KE,product-6442,149,80.87
ZA,product-6443,796,6.49
MA,product-6444,142,24.55
NG,product-6445,250,40.04
GH,product-6446,54,26.69
KE,product-6447,232,61.25
ZA,product-6448,677,91.86
MA,product-6449,943,5.00
NG,product-6450,21,74.92
GH,product-6451,673,28.46
KE,product-6452,251,10.47
ZA,product-6453,426,69.58
MA,product-6454,890,18.85
NG,product-6455,869,55.47
GH,product-6456,791,7.23
KE,product-6457,224,56.36
ZA,product-6458,936,8.25
MA,product-6459,78,39.91
NG,product-6460,754,55.59
GH,product-6461,703,41.99
KE,product-6462,64,92.29
ZA,product-6463,130,89.83
MA,product-6464,542,89.84
NG,product-6465,126,81.79
GH,product-6466,213,3.59
KE,product-6467,475,43.33
ZA,product-6468,170,48.88
MA,product-6469,188,98.90
NG,product-6470,915,88.41
GH,product-6471,524,27.82
KE,product-6472,631,55.49
ZA,product-6473,197,75.18
MA,product-6474,787,53.24
NG,product-6475,758,17.88
GH,product-6476,961,1.38
KE,product-6477,539,51.73
ZA,product-6478,483,45.85
MA,product-6479,527,43.92
NG,product-6480,550,37.47
GH,product-6481,782,53.91
KE,product-6482,169,14.15
ZA,product-6483,558,51.34
MA,product-6484,971,28.42
NG,product-6485,764,28.10
GH,product-6486,253,43.81
KE,product-6487,887,9.10
ZA,product-6488,743,28.05
MA,product-6489,338,2.40
NG,product-6490,468,91.57
GH,product-6491,354,61.52
KE,product-6492,312,57.65
ZA,product-6493,673,15.54
MA,product-6494,938,72.07
NG,product-6495,748,47.79
GH,product-6496,378,59.39
KE,product-6497,487,16.04
ZA,product-6498,475,77.95
MA,product-6499,97,35.75
NG,product-6500,683,34.10
GH,product-6501,519,50.01
KE,product-6502,561,18.85
ZA,product-6503,566,48.19
MA,product-6504,758,60.60
NG,product-6505,273,26.43
GH,product-6506,427,6.76
KE,product-6507,841,84.76
ZA,product-6508,102,29.78
MA,product-6509,580,34.09
NG,product-6510,12,66.90
GH,product-6511,347,44.63
KE,product-6512,441,5.01
ZA,product-6513,566,44.76
MA,product-6514,978,69.41
NG,product-6515,883,88.45
GH,product-6516,403,84.67
KE,product-6517,275,88.28
ZA,product-6518,304,89.44
MA,product-6519,406,87.91
NG,product-6520,400,10.22
GH,product-6521,363,96.74
KE,product-6522,937,22.30
ZA,product-6523,131,87.78
MA,product-6524,795,99.11
NG,product-6525,32,30.88
GH,product-6526,578,22.09
KE,product-6527,509,35.83
ZA,product-6528,973,65.76
MA,product-6529,502,55.58
NG,product-6530,44,58.79
GH,product-6531,848,49.87
KE,product-6532,954,38.23
ZA,product-6533,352,77.32
MA,product-6534,163,19.79
NG,product-6535,506,13.96
GH,product-6536,632,81.21
KE,product-6537,395,39.80
ZA,product-6538,987,31.76
MA,product-6539,723,49.57
NG,product-6540,900,67.46
GH,product-6541,825,66.57
KE,product-6542,16,44.68
ZA,product-6543,318,60.38
MA,product-6544,379,26.39
NG,product-6545,30,44.63
GH,product-6546,977,15.43
KE,product-6547,155,27.82
ZA,product-6548,863,68.14
MA,product-6549,308,54.01
NG,product-6550,66,56.38
GH,product-6551,328,97.58
KE,product-6552,901,56.29
ZA,product-6553,621,3.91
MA,product-6554,964,24.05
NG,product-6555,921,38.88
GH,product-6556,219,7.94
KE,product-6557,828,60.89
ZA,product-6558,526,42.42
MA,product-6559,242,76.22
NG,product-6560,277,73.95
GH,product-6561,566,10.39
KE,product-6562,145,40.53
ZA,product-6563,680,61.53
MA,product-6564,198,11.16
NG,product-6565,598,5.27
GH,product-6566,815,74.16
KE,product-6567,722,80.87
ZA,product-6568,69,73.90
MA,product-6569,948,20.45
NG,product-6570,271,31.49
GH,product-6571,624,57.45
KE,product-6572,102,92.39
ZA,product-6573,896,28.91
MA,product-6574,470,14.28
NG,product-6575,999,9.56
GH,product-6576,657,17.31
KE,product-6577,333,77.65
ZA,product-6578,433,91.24
MA,product-6579,596,97.16
NG,product-6580,874,50.71
GH,product-6581,393,72.34
KE,product-6582,677,99.76
ZA,product-6583,212,27.19
MA,product-6584,61,42.72
NG,product-6585,154,45.50
GH,product-6586,990,90.01
KE,product-6587,451,16.90
ZA,product-6588,730,25.79
MA,product-6589,163,41.58
NG,product-6590,608,64.00
GH,product-6591,521,53.42
KE,product-6592,493,70.59
ZA,product-6593,670,60.79
MA,product-6594,778,54.95
NG,product-6595,93,38.43
GH,product-6596,985,40.77
KE,product-6597,958,74.50
ZA,product-6598,149,44.74
MA,product-6599,375,42.69
NG,product-6600,351,22.47
GH,product-6601,979,46.78
KE,product-6602,771,35.16
ZA,product-6603,622,8.02
MA,product-6604,369,80.19
NG,product-6605,113,93.65
GH,product-6606,178,48.44
KE,product-6607,324,50.99
ZA,product-6608,617,32.19
MA,product-6609,957,70.53
NG,product-6610,201,81.11
GH,product-6611,810,57.40
KE,product-6612,280,24.34
ZA,product-6613,723,43.08
MA,product-6614,85,57.63
NG,product-6615,895,22.13
GH,product-6616,918,47.48
KE,product-6617,969,26.77
ZA,product-6618,839,33.25
MA,product-6619,406,40.89
NG,product-6620,637,83.95
GH,product-6621,272,60.42
KE,product-6622,683,59.38
ZA,product-6623,263,16.30
MA,product-6624,612,2.34
NG,product-6625,482,44.08
GH,product-6626,816,77.30
KE,product-6627,560,88.18
ZA,product-6628,45,72.93
MA,product-6629,677,69.94
NG,product-6630,773,38.13
GH,product-6631,546,55.74
KE,product-6632,810,55.24
ZA,product-6633,1,70.86
MA,product-6634,33,76.40
NG,product-6635,368,41.25
GH,product-6636,738,39.09
KE,product-6637,840,24.32
ZA,product-6638,638,35.18
MA,product-6639,278,88.02
NG,product-6640,294,49.90
GH,product-6641,707,77.05
KE,product-6642,646,56.23
ZA,product-6643,606,37.15
MA,product-6644,618,71.56
NG,product-6645,320,81.53
GH,product-6646,900,73.78
KE,product-6647,660,13.79
ZA,product-6648,847,77.12
MA,product-6649,646,5.45
NG,product-6650,861,28.62
GH,product-6651,947,49.70
KE,product-6652,628,80.42
ZA,product-6653,490,63.79
MA,product-6654,92,67.59
NG,product-6655,390,67.93
GH,product-6656,358,36.34
KE,product-6657,635,17.50
ZA,product-6658,715,48.12
MA,product-6659,722,71.91
NG,product-6660,64,20.08
GH,product-6661,866,96.57
KE,product-6662,199,49.19
ZA,product-6663,212,59.84
MA,product-6664,531,38.88
NG,product-6665,923,53.28
GH,product-6666,502,95.01
KE,product-6667,451,43.35
ZA,product-6668,877,84.43
MA,product-6669,171,48.99
NG,product-6670,278,99.35
GH,product-6671,756,54.50
KE,product-6672,768,28.02
ZA,product-6673,49,36.93
MA,product-6674,591,58.50
NG,product-6675,610,93.38
GH,product-6676,970,74.21
KE,product-6677,819,94.38
ZA,product-6678,6,53.83
MA,product-6679,508,43.51
NG,product-6680,40,20.33
GH,product-6681,272,75.54
KE,product-6682,474,47.77
ZA,product-6683,275,47.42
MA,product-6684,399,39.05
NG,product-6685,889,58.89
GH,product-6686,9,42.38
KE,product-6687,101,66.12
ZA,product-6688,362,57.65
MA,product-6689,968,65.28
NG,product-6690,270,69.11
GH,product-6691,156,91.53
KE,product-6692,290,65.67
ZA,product-6693,907,97.16
MA,product-6694,306,37.34
NG,product-6695,560,55.28
GH,product-6696,746,67.66
KE,product-6697,340,36.98
ZA,product-6698,676,69.04
MA,product-6699,73,19.06
NG,product-6700,300,55.40
GH,product-6701,924,94.34
KE,product-6702,418,76.86
ZA,product-6703,147,29.14
MA,product-6704,397,15.91
NG,product-6705,532,63.80
GH,product-6706,554,34.84
KE,product-6707,503,19.55
ZA,product-6708,873,81.04
MA,product-6709,136,81.46
NG,product-6710,867,35.59
GH,product-6711,606,83.83
KE,product-6712,248,67.48
ZA,product-6713,217,17.09
MA,product-6714,985,37.34
NG,product-6715,845,63.65
GH,product-6716,696,7.93
KE,product-6717,734,20.84
ZA,product-6718,505,99.73
MA,product-6719,466,21.18
NG,product-6720,913,67.27
GH,product-6721,762,1.76
KE,product-6722,273,39.74
ZA,product-6723,252,27.42
MA,product-6724,149,14.95
NG,product-6725,984,59.62
GH,product-6726,395,61.18
KE,product-6727,176,75.24
ZA,product-6728,250,64.01
MA,product-6729,349,79.74
NG,product-6730,818,45.66
GH,product-6731,228,52.70
KE,product-6732,685,91.85
ZA,product-6733,111,37.28
MA,product-6734,858,1.23
NG,product-6735,89,74.87
GH,product-6736,942,70.27
KE,product-6737,684,75.55
ZA,product-6738,168,26.12
MA,product-6739,103,66.97
NG,product-6740,88,71.99
GH,product-6741,819,11.05
KE,product-6742,237,13.69
ZA,product-6743,605,46.07
MA,product-6744,766,96.49
NG,product-6745,771,46.53
GH,product-6746,282,77.55
KE,product-6747,252,97.47
ZA,product-6748,830,15.22
MA,product-6749,102,95.02
NG,product-6750,209,82.98
GH,product-6751,449,78.07
KE,product-6752,25,36.46
ZA,product-6753,105,95.37
MA,product-6754,359,91.56
NG,product-6755,299,91.59
GH,product-6756,56,21.29
KE,product-6757,914,95.45
ZA,product-6758,589,41.44
MA,product-6759,335,31.48
NG,product-6760,345,45.83
GH,product-6761,407,82.67
KE,product-6762,78,2.33
ZA,product-6763,601,97.35
MA,product-6764,691,53.98
NG,product-6765,135,54.48
GH,product-6766,691,76.95
KE,product-6767,448,65.13
ZA,product-6768,567,76.82
MA,product-6769,757,41.96
NG,product-6770,279,11.76
GH,product-6771,348,3.04
KE,product-6772,259,76.79
ZA,product-6773,241,23.43
MA,product-6774,506,73.39
NG,product-6775,22,25.35
GH,product-6776,607,18.64
KE,product-6777,922,71.60
ZA,product-6778,433,5.94
MA,product-6779,204,39.15
NG,product-6780,243,47.58
GH,product-6781,414,85.80
KE,product-6782,862,87.34
ZA,product-6783,374,48.71
MA,product-6784,232,27.06
NG,product-6785,660,61.57
GH,product-6786,551,38.56
KE,product-6787,278,19.81
ZA,product-6788,939,49.14
MA,product-6789,3,41.35
NG,product-6790,297,57.11
GH,product-6791,95,25.39
KE,product-6792,636,63.06
ZA,product-6793,962,92.29
MA,product-6794,199,88.07
NG,product-6795,89,47.19
GH,product-6796,760,99.02
KE,product-6797,296,79.96
ZA,product-6798,746,59.37
MA,product-6799,45,80.48
NG,product-6800,140,82.94
GH,product-6801,346,60.92
KE,product-6802,228,0.03
ZA,product-6803,64,90.20
MA,product-6804,606,19.51
NG,product-6805,280,40.48
GH,product-6806,492,2.31
KE,product-6807,665,49.44
ZA,product-6808,396,68.58
MA,product-6809,544,40.48
NG,product-6810,784,27.13
GH,product-6811,616,78.18
KE,product-6812,506,63.64
ZA,product-6813,345,93.18
MA,product-6814,465,31.15
NG,product-6815,744,32.83
GH,product-6816,533,67.56
KE,product-6817,258,5.06
ZA,product-6818,616,72.78
MA,product-6819,990,1.90
NG,product-6820,739,38.45
GH,product-6821,776,10.86
KE,product-6822,348,84.92
ZA,product-6823,43,82.56
MA,product-6824,68,29.79
NG,product-6825,839,82.66
GH,product-6826,878,25.18
KE,product-6827,516,49.30
ZA,product-6828,675,75.36
MA,product-6829,267,61.42
NG,product-6830,411,55.29
GH,product-6831,180,0.84
KE,product-6832,756,93.75
ZA,product-6833,530,87.20
MA,product-6834,973,20.43
NG,product-6835,769,74.33
GH,product-6836,360,3.18
KE,product-6837,141,53.66
ZA,product-6838,285,62.15
MA,product-6839,650,0.12
NG,product-6840,728,58.49
GH,product-6841,105,29.40
KE,product-6842,309,87.12
ZA,product-6843,633,13.56
MA,product-6844,576,17.07
NG,product-6845,951,52.74
GH,product-6846,382,44.58
KE,product-6847,789,35.59
ZA,product-6848,432,55.46
MA,product-6849,755,77.76
NG,product-6850,5,99.87
GH,product-6851,416,96.60
KE,product-6852,218,2.98
ZA,product-6853,550,71.94
MA,product-6854,918,0.81
NG,product-6855,176,81.54
GH,product-6856,785,66.84
KE,product-6857,566,51.15
ZA,product-6858,963,68.36
MA,product-6859,862,49.28
NG,product-6860,305,56.53
GH,product-6861,511,78.56
KE,product-6862,200,64.26
ZA,product-6863,138,24.09
MA,product-6864,766,31.20
NG,product-6865,492,25.21
GH,product-6866,239,82.04
KE,product-6867,421,54.35
ZA,product-6868,971,40.57
MA,product-6869,874,9.99
NG,product-6870,137,81.31
GH,product-6871,348,26.06
KE,product-6872,121,84.65
ZA,product-6873,652,62.52
MA,product-6874,800,28.93
NG,product-6875,874,5.87
GH,product-6876,652,80.56
KE,product-6877,75,71.55
ZA,product-6878,143,51.74
MA,product-6879,463,77.40
NG,product-6880,485,48.45
GH,product-6881,934,85.03
KE,product-6882,224,81.40
ZA,product-6883,820,44.74
MA,product-6884,334,88.98
NG,product-6885,352,30.36
GH,product-6886,939,99.67
KE,product-6887,392,42.13
ZA,product-6888,0,35.58
MA,product-6889,239,82.29
NG,product-6890,307,64.82
GH,product-6891,722,63.77
KE,product-6892,431,88.18
ZA,product-6893,197,18.16
MA,product-6894,818,13.52
NG,product-6895,39,1.93
GH,product-6896,605,0.42
KE,product-6897,398,76.02
ZA,product-6898,540,18.42
MA,product-6899,367,57.85
NG,product-6900,799,39.43
GH,product-6901,252,47.66
KE,product-6902,109,84.07
ZA,product-6903,637,41.35
MA,product-6904,12,66.33
NG,product-6905,490,4.56
GH,product-6906,90,85.81
KE,product-6907,31,36.32
ZA,product-6908,729,74.12
MA,product-6909,957,34.68
NG,product-6910,311,59.32
GH,product-6911,438,3.57
KE,product-6912,733,19.95
ZA,product-6913,702,87.47
MA,product-6914,421,2.34
NG,product-6915,681,74.21
GH,product-6916,634,94.70
KE,product-6917,40,36.28
ZA,product-6918,763,59.78
MA,product-6919,602,60.47
NG,product-6920,359,70.19
GH,product-6921,830,23.20
KE,product-6922,459,67.15
ZA,product-6923,633,53.76
MA,product-6924,753,11.91
NG,product-6925,178,5.04
GH,product-6926,492,40.98
KE,product-6927,287,93.12
ZA,product-6928,841,14.32
MA,product-6929,749,4.37
NG,product-6930,14,9.78
GH,product-6931,576,0.31
KE,product-6932,680,81.73
ZA,product-6933,912,97.95
MA,product-6934,934,96.47
NG,product-6935,977,27.51
GH,product-6936,557,69.72
KE,product-6937,505,1.76
ZA,product-6938,246,22.74
MA,product-6939,618,4.24
NG,product-6940,968,63.51
GH,product-6941,909,45.48
KE,product-6942,214,69.43
ZA,product-6943,20,35.09
MA,product-6944,828,98.11
NG,product-6945,986,75.62
GH,product-6946,575,46.19
KE,product-6947,601,69.66
ZA,product-6948,185,15.77
MA,product-6949,839,78.30
NG,product-6950,476,90.52
GH,product-6951,454,63.72
KE,product-6952,278,39.28
ZA,product-6953,819,99.60
MA,product-6954,59,20.65
NG,product-6955,240,35.03
GH,product-6956,535,67.59
KE,product-6957,762,27.70
ZA,product-6958,200,37.99
MA,product-6959,615,6.85
NG,product-6960,720,38.91
GH,product-6961,501,63.65
KE,product-6962,667,97.26
ZA,product-6963,386,21.04
MA,product-6964,540,47.44
NG,product-6965,406,25.27
GH,product-6966,292,14.70
KE,product-6967,270,68.31
ZA,product-6968,995,56.19
MA,product-6969,865,89.64
NG,product-6970,610,81.03
GH,product-6971,451,25.95
KE,product-6972,140,74.82
ZA,product-6973,77,85.94
MA,product-6974,170,88.13
NG,product-6975,123,61.69
GH,product-6976,746,31.05
KE,product-6977,206,97.18
ZA,product-6978,969,48.37
MA,product-6979,189,17.31
NG,product-6980,824,49.71
GH,product-6981,986,13.16
KE,product-6982,905,55.69
ZA,product-6983,751,58.77
MA,product-6984,720,81.86
NG,product-6985,65,25.71
GH,product-6986,652,39.39
KE,product-6987,159,68.75
ZA,product-6988,288,6.22
MA,product-6989,44,4.71
NG,product-6990,222,68.77
GH,product-6991,717,68.25
KE,product-6992,96,92.84
ZA,product-6993,475,11.46
MA,product-6994,12,89.70
NG,product-6995,320,74.76
GH,product-6996,989,11.68
KE,product-6997,607,67.97
ZA,product-6998,958,35.73
MA,product-6999,378,1.00
NG,product-7000,216,41.44
GH,product-7001,460,3.57
KE,product-7002,178,55.53
ZA,product-7003,142,67.66
MA,product-7004,175,64.54
NG,product-7005,846,22.34
GH,product-7006,529,48.84
KE,product-7007,291,20.01
ZA,product-7008,141,58.40
MA,product-7009,398,44.44
NG,product-7010,676,3.66
GH,product-7011,655,44.42
KE,product-7012,592,43.98
ZA,product-7013,330,1.71
MA,product-7014,829,73.40
NG,product-7015,504,56.50
GH,product-7016,403,31.79
KE,product-7017,655,85.74
ZA,product-7018,14,6.22
MA,product-7019,286,21.19
NG,product-7020,889,51.12
GH,product-7021,461,10.62
KE,product-7022,371,32.93
ZA,product-7023,63,46.32
MA,product-7024,819,99.93
NG,product-7025,928,26.65
GH,product-7026,93,88.09
KE,product-7027,165,24.74
ZA,product-7028,549,17.09
MA,product-7029,720,12.46
NG,product-7030,817,53.97
GH,product-7031,110,84.26
KE,product-7032,765,86.16
ZA,product-7033,524,37.67
MA,product-7034,944,51.12
NG,product-7035,200,98.69
GH,product-7036,506,6.94
KE,product-7037,531,56.80
ZA,product-7038,477,46.33
MA,product-7039,532,26.96
NG,product-7040,599,87.05
GH,product-7041,913,48.11
KE,product-7042,113,69.80
ZA,product-7043,889,76.71
MA,product-7044,57,62.37
NG,product-7045,189,66.81
GH,product-7046,558,24.03
KE,product-7047,544,0.41
ZA,product-7048,552,31.21
MA,product-7049,41,14.86
NG,product-7050,598,18.35
GH,product-7051,836,49.99
KE,product-7052,707,57.66
ZA,product-7053,35,87.86
MA,product-7054,644,11.62
NG,product-7055,891,16.62
GH,product-7056,893,54.43
KE,product-7057,470,64.55
ZA,product-7058,193,49.81
MA,product-7059,991,93.15
NG,product-7060,744,60.56
GH,product-7061,559,45.50
KE,product-7062,514,56.37
ZA,product-7063,423,50.45
MA,product-7064,259,98.43
NG,product-7065,762,96.92
GH,product-7066,232,36.91
KE,product-7067,151,67.53
ZA,product-7068,32,31.86
MA,product-7069,793,9.70
NG,product-7070,517,68.79
GH,product-7071,389,9.40
KE,product-7072,886,44.07
ZA,product-7073,861,88.96
MA,product-7074,723,19.77
NG,product-7075,663,43.79
GH,product-7076,27,81.76
KE,product-7077,321,4.58
ZA,product-7078,702,32.68
MA,product-7079,54,31.09
NG,product-7080,463,8.94
GH,product-7081,598,74.37
KE,product-7082,912,32.44
ZA,product-7083,722,11.16
MA,product-7084,728,74.00
NG,product-7085,793,81.91
GH,product-7086,93,61.51
KE,product-7087,20,97.63
ZA,product-7088,783,23.45
MA,product-7089,163,41.00
NG,product-7090,275,80.30
GH,product-7091,796,19.98
KE,product-7092,102,14.26
ZA,product-7093,323,4.15
MA,product-7094,256,2.53
NG,product-7095,738,68.31
GH,product-7096,201,11.73
KE,product-7097,705,83.88
ZA,product-7098,69,37.25
MA,product-7099,586,27.26
NG,product-7100,641,45.09
GH,product-7101,810,65.89
KE,product-7102,657,2.85
ZA,product-7103,283,88.60
MA,product-7104,424,74.17
NG,product-7105,239,87.56
GH,product-7106,390,77.03
KE,product-7107,869,95.09
ZA,product-7108,69,49.23
MA,product-7109,296,18.20
NG,product-7110,799,95.84
GH,product-7111,80,3.34
KE,product-7112,127,56.57
ZA,product-7113,354,43.78
MA,product-7114,888,99.33
NG,product-7115,472,47.34
GH,product-7116,492,83.73
KE,product-7117,159,64.41
ZA,product-7118,61,23.91
MA,product-7119,536,99.33
NG,product-7120,435,14.62
GH,product-7121,31,63.36
KE,product-7122,944,3.17
ZA,product-7123,499,92.12
MA,product-7124,564,87.96
NG,product-7125,246,78.74
GH,product-7126,233,86.49
KE,product-7127,439,63.10
ZA,product-7128,806,61.62
MA,product-7129,629,67.96
NG,product-7130,732,58.21
GH,product-7131,647,80.89
KE,product-7132,518,35.37
ZA,product-7133,86,7.00
MA,product-7134,946,11.63
NG,product-7135,294,47.37
GH,product-7136,566,28.40
KE,product-7137,681,34.31
ZA,product-7138,947,96.39
MA,product-7139,25,1.94
NG,product-7140,649,32.03
GH,product-7141,741,15.40
KE,product-7142,632,42.16
ZA,product-7143,597,24.45
MA,product-7144,867,15.09
NG,product-7145,924,29.82
GH,product-7146,78,44.47
KE,product-7147,627,35.86
ZA,product-7148,910,39.87
MA,product-7149,222,48.24
NG,product-7150,372,56.55
GH,product-7151,258,71.71
KE,product-7152,927,96.30
ZA,product-7153,749,51.89
MA,product-7154,59,17.34
NG,product-7155,31,28.86
GH,product-7156,674,17.08
KE,product-7157,847,78.20
ZA,product-7158,946,67.78
MA,product-7159,505,69.09
NG,product-7160,155,25.66
GH,product-7161,831,23.71
KE,product-7162,754,76.23
ZA,product-7163,56,16.90
MA,product-7164,175,33.34
NG,product-7165,286,13.48
GH,product-7166,79,23.08
KE,product-7167,992,52.20
ZA,product-7168,397,3.73
MA,product-7169,306,17.46
NG,product-7170,691,66.79
GH,product-7171,69,13.57
KE,product-7172,786,0.40
ZA,product-7173,507,9.87
MA,product-7174,873,34.64
NG,product-7175,878,73.49
GH,product-7176,89,77.60
KE,product-7177,383,48.64
ZA,product-7178,564,14.40
MA,product-7179,976,51.23
NG,product-7180,918,99.78
GH,product-7181,377,81.48
KE,product-7182,358,77.85
ZA,product-7183,883,4.98
MA,product-7184,163,82.53
NG,product-7185,273,68.64
GH,product-7186,891,63.73
KE,product-7187,832,76.46
ZA,product-7188,550,95.15
MA,product-7189,506,9.27
NG,product-7190,653,25.80
GH,product-7191,35,37.48
KE,product-7192,886,91.14
ZA,product-7193,795,84.81
MA,product-7194,16,96.89
NG,product-7195,705,12.93
GH,product-7196,182,55.67
KE,product-7197,595,31.48
ZA,product-7198,738,58.62
MA,product-7199,338,67.94
NG,product-7200,841,57.86
GH,product-7201,702,49.77
KE,product-7202,580,9.09
ZA,product-7203,834,96.29
MA,product-7204,193,97.38
NG,product-7205,838,73.42
GH,product-7206,808,40.46
KE,product-7207,827,10.57
ZA,product-7208,7,95.53
MA,product-7209,607,42.45
NG,product-7210,20,1.37
GH,product-7211,357,22.59
KE,product-7212,501,92.53
ZA,product-7213,440,27.13
MA,product-7214,583,29.91
NG,product-7215,258,59.42
GH,product-7216,264,80.59
KE,product-7217,607,64.41
ZA,product-7218,570,73.40
MA,product-7219,724,13.14
NG,product-7220,30,76.47
GH,product-7221,645,21.14
KE,product-7222,514,80.21
ZA,product-7223,469,23.10
MA,product-7224,37,18.44
NG,product-7225,369,43.19
GH,product-7226,77,93.90
KE,product-7227,459,22.31
ZA,product-7228,205,57.05
MA,product-7229,895,62.21
NG,product-7230,848,86.55
GH,product-7231,384,45.11
KE,product-7232,423,86.50
ZA,product-7233,394,81.05
MA,product-7234,24,8.30
NG,product-7235,586,85.13
GH,product-7236,829,83.45
KE,product-7237,332,37.01
ZA,product-7238,708,72.50
MA,product-7239,830,3.84
NG,product-7240,648,1.44
GH,product-7241,928,64.53
KE,product-7242,885,7.95
ZA,product-7243,888,12.65
MA,product-7244,157,10.95
NG,product-7245,825,78.54
GH,product-7246,626,90.30
KE,product-7247,186,6.40
ZA,product-7248,583,29.42
MA,product-7249,105,89.69
NG,product-7250,352,44.82
GH,product-7251,856,81.90
KE,product-7252,218,9.54
ZA,product-7253,676,59.51
MA,product-7254,372,37.26
NG,product-7255,590,83.44
GH,product-7256,678,71.63
KE,product-7257,818,28.89
ZA,product-7258,653,88.02
MA,product-7259,746,28.03
NG,product-7260,831,78.84
GH,product-7261,948,60.07
KE,product-7262,690,15.00
ZA,product-7263,974,19.10
MA,product-7264,997,47.92
NG,product-7265,202,99.29
GH,product-7266,193,99.32
KE,product-7267,70,59.66
ZA,product-7268,123,28.61
MA,product-7269,325,65.08
NG,product-7270,689,51.51
GH,product-7271,17,97.07
KE,product-7272,874,16.93
ZA,product-7273,188,72.87
MA,product-7274,285,82.26
NG,product-7275,950,31.37
GH,product-7276,962,71.21
KE,product-7277,690,48.98
ZA,product-7278,440,5.59
MA,product-7279,336,27.13
NG,product-7280,544,56.63
GH,product-7281,792,38.98
KE,product-7282,291,15.00
ZA,product-7283,978,49.93
MA,product-7284,151,96.35
NG,product-7285,957,2.55
GH,product-7286,850,50.39
KE,product-7287,375,9.02
ZA,product-7288,903,30.57
MA,product-7289,110,64.60
NG,product-7290,625,32.86
GH,product-7291,288,86.24
KE,product-7292,445,68.07
ZA,product-7293,979,59.15
MA,product-7294,615,73.25
NG,product-7295,88,19.65
GH,product-7296,403,97.48
KE,product-7297,681,71.07
ZA,product-7298,635,33.38
MA,product-7299,808,29.43
NG,product-7300,203,82.74
GH,product-7301,863,70.69
KE,product-7302,390,11.66
ZA,product-7303,549,74.66
MA,product-7304,287,41.40
NG,product-7305,945,98.64
GH,product-7306,313,21.37
KE,product-7307,58,97.52
ZA,product-7308,383,2.44
MA,product-7309,753,42.68
NG,product-7310,218,24.94
GH,product-7311,583,56.59
KE,product-7312,615,22.06
ZA,product-7313,970,0.13
MA,product-7314,411,60.21
NG,product-7315,841,81.23
GH,product-7316,478,55.41
KE,product-7317,804,43.83
ZA,product-7318,478,96.73
MA,product-7319,69,54.17
NG,product-7320,60,85.55
GH,product-7321,408,7.43
KE,product-7322,682,23.74
ZA,product-7323,9,81.66
MA,product-7324,24,14.64
NG,product-7325,800,87.96
GH,product-7326,774,60.43
KE,product-7327,505,2.17
ZA,product-7328,314,23.75
MA,product-7329,781,53.02
NG,product-7330,491,68.51
GH,product-7331,229,89.74
KE,product-7332,711,73.53
ZA,product-7333,468,97.33
MA,product-7334,582,17.55
NG,product-7335,730,72.36
GH,product-7336,987,51.08
KE,product-7337,573,44.92
ZA,product-7338,870,34.48
MA,product-7339,320,20.22
NG,product-7340,604,61.70
GH,product-7341,466,26.98
KE,product-7342,280,70.05
ZA,product-7343,202,15.92
MA,product-7344,986,90.40
NG,product-7345,450,93.93
GH,product-7346,700,88.58
KE,product-7347,456,42.72
ZA,product-7348,179,45.05
MA,product-7349,672,72.02
NG,product-7350,588,10.70
GH,product-7351,28,50.39
KE,product-7352,324,24.38
ZA,product-7353,567,24.03
MA,product-7354,591,37.94
NG,product-7355,260,14.53
GH,product-7356,176,98.67
KE,product-7357,872,51.35
ZA,product-7358,98,35.49
MA,product-7359,461,53.65
NG,product-7360,990,37.92
GH,product-7361,693,98.98
KE,product-7362,339,34.76
ZA,product-7363,18,63.21
MA,product-7364,998,83.62
NG,product-7365,923,47.92
GH,product-7366,898,45.25
KE,product-7367,522,53.39
ZA,product-7368,380,25.59
MA,product-7369,769,12.02
NG,product-7370,94,62.18
GH,product-7371,894,43.40
KE,product-7372,177,27.67
ZA,product-7373,166,97.15
MA,product-7374,824,77.42
NG,product-7375,564,5.83
GH,product-7376,902,42.38
KE,product-7377,128,92.97
ZA,product-7378,76,6.82
MA,product-7379,603,37.78
NG,product-7380,489,35.01
GH,product-7381,465,28.29
KE,product-7382,192,38.13
ZA,product-7383,911,95.28
MA,product-7384,837,30.74
NG,product-7385,797,42.60
GH,product-7386,110,95.18
KE,product-7387,520,30.86
ZA,product-7388,973,19.20
MA,product-7389,591,21.27
NG,product-7390,88,25.88
GH,product-7391,657,76.95
KE,product-7392,429,21.73
ZA,product-7393,820,36.70
MA,product-7394,630,24.72
NG,product-7395,766,7.72
GH,product-7396,505,42.87
KE,product-7397,984,71.47
ZA,product-7398,521,2.16
MA,product-7399,333,62.43
NG,product-7400,914,48.56
GH,product-7401,26,5.55
KE,product-7402,193,64.40
ZA,product-7403,195,4.64
MA,product-7404,458,67.76
NG,product-7405,306,40.52
GH,product-7406,949,13.54
KE,product-7407,217,34.67
ZA,product-7408,362,38.48
MA,product-7409,147,30.16
NG,product-7410,941,38.89
GH,product-7411,147,11.91
KE,product-7412,785,24.70
ZA,product-7413,208,8.51
MA,product-7414,17,69.63
NG,product-7415,940,90.11
GH,product-7416,220,30.95
KE,product-7417,966,82.13
ZA,product-7418,167,47.24
MA,product-7419,887,9.41
NG,product-7420,941,45.01
GH,product-7421,625,63.11
KE,product-7422,855,56.21
ZA,product-7423,507,63.01
MA,product-7424,211,98.21
NG,product-7425,383,43.18
GH,product-7426,846,96.91
KE,product-7427,292,6.23
ZA,product-7428,24,51.20
MA,product-7429,11,25.50
NG,product-7430,458,16.62
GH,product-7431,223,13.54
KE,product-7432,834,28.24
ZA,product-7433,935,22.48
MA,product-7434,114,10.12
NG,product-7435,142,31.28
GH,product-7436,954,19.96
KE,product-7437,729,75.19
ZA,product-7438,549,45.56
MA,product-7439,469,86.73
NG,product-7440,314,4.32
GH,product-7441,453,90.69
KE,product-7442,316,8.63
ZA,product-7443,682,95.00
MA,product-7444,36,38.68
NG,product-7445,180,77.71
GH,product-7446,332,44.42
KE,product-7447,903,57.68
ZA,product-7448,186,70.95
MA,product-7449,525,9.10
NG,product-7450,712,37.15
GH,product-7451,335,29.30
KE,product-7452,983,6.67
ZA,product-7453,265,0.86
MA,product-7454,914,79.79
NG,product-7455,951,80.85
GH,product-7456,827,41.77
KE,product-7457,871,22.11
ZA,product-7458,419,95.20
MA,product-7459,388,86.85
NG,product-7460,93,56.10
GH,product-7461,788,31.12
KE,product-7462,263,16.49
ZA,product-7463,589,17.97
MA,product-7464,536,11.18
NG,product-7465,456,74.27
GH,product-7466,939,9.15
KE,product-7467,54,21.22
ZA,product-7468,106,36.53
MA,product-7469,977,9.96
NG,product-7470,555,57.65
GH,product-7471,725,22.57
KE,product-7472,594,66.92
ZA,product-7473,478,30.94
MA,product-7474,413,35.48
NG,product-7475,346,80.99
GH,product-7476,745,14.12
KE,product-7477,422,80.75
ZA,product-7478,531,9.82
MA,product-7479,550,60.61
NG,product-7480,372,50.97
GH,product-7481,13,75.22
KE,product-7482,182,57.88
ZA,product-7483,317,45.22
MA,product-7484,787,27.83
NG,product-7485,848,37.42
GH,product-7486,411,0.85
KE,product-7487,296,21.73
ZA,product-7488,993,13.91
MA,product-7489,36,24.99
NG,product-7490,449,57.19
GH,product-7491,231,43.77
KE,product-7492,790,95.60
ZA,product-7493,875,12.31
MA,product-7494,316,57.09
NG,product-7495,988,97.26
GH,product-7496,194,9.64
KE,product-7497,267,24.74
ZA,product-7498,719,44.24
MA,product-7499,201,36.74
NG,product-7500,57,24.12
GH,product-7501,121,13.37
KE,product-7502,506,93.46
ZA,product-7503,738,12.17
MA,product-7504,378,56.99
NG,product-7505,517,75.52
GH,product-7506,109,21.85
KE,product-7507,123,83.79
ZA,product-7508,761,60.65
MA,product-7509,405,84.98
NG,product-7510,141,74.84
GH,product-7511,302,89.70
KE,product-7512,717,37.87
ZA,product-7513,267,63.21
MA,product-7514,655,44.82
NG,product-7515,74,81.56
GH,product-7516,463,29.08
KE,product-7517,988,22.91
ZA,product-7518,798,46.98
MA,product-7519,908,25.99
NG,product-7520,880,86.92
GH,product-7521,925,46.18
KE,product-7522,330,60.91
ZA,product-7523,305,55.52
MA,product-7524,520,62.24
NG,product-7525,571,65.97
GH,product-7526,202,31.89
KE,product-7527,428,20.16
ZA,product-7528,500,6.95
MA,product-7529,644,62.88
NG,product-7530,741,71.07
GH,product-7531,914,92.98
KE,product-7532,309,52.47
ZA,product-7533,785,21.48
MA,product-7534,849,80.89
NG,product-7535,961,65.40
GH,product-7536,429,44.12
KE,product-7537,975,86.75
ZA,product-7538,232,53.95
MA,product-7539,826,18.65
NG,product-7540,407,88.11
GH,product-7541,953,95.15
KE,product-7542,818,42.40
ZA,product-7543,898,24.37
MA,product-7544,482,11.42
NG,product-7545,322,4.84
GH,product-7546,918,45.51
KE,product-7547,41,50.34
ZA,product-7548,9,72.85
MA,product-7549,183,65.84
NG,product-7550,551,91.21
GH,product-7551,179,99.41
KE,product-7552,364,66.50
ZA,product-7553,594,45.69
MA,product-7554,212,19.98
NG,product-7555,80,1.20
GH,product-7556,608,96.11
KE,product-7557,596,84.94
ZA,product-7558,792,43.86
MA,product-7559,104,72.60
NG,product-7560,808,59.80
GH,product-7561,488,58.70
KE,product-7562,382,91.69
ZA,product-7563,670,80.67
MA,product-7564,53,27.62
NG,product-7565,663,68.88
GH,product-7566,562,33.60
KE,product-7567,718,3.79
ZA,product-7568,569,93.63
MA,product-7569,46,14.30
NG,product-7570,284,38.49
GH,product-7571,647,61.22
KE,product-7572,450,93.31
ZA,product-7573,932,3.26
MA,product-7574,700,61.07
NG,product-7575,313,70.94
GH,product-7576,167,93.43
KE,product-7577,518,36.37
ZA,product-7578,328,90.19
MA,product-7579,997,56.76
NG,product-7580,779,92.57
GH,product-7581,244,12.54
KE,product-7582,185,58.03
ZA,product-7583,19,32.69
MA,product-7584,260,48.13
NG,product-7585,585,16.16
GH,product-7586,339,56.79
KE,product-7587,489,23.70
ZA,product-7588,909,61.67
MA,product-7589,792,66.36
NG,product-7590,642,96.67
GH,product-7591,87,58.88
KE,product-7592,35,76.93
ZA,product-7593,538,47.21
MA,product-7594,459,87.65
NG,product-7595,655,88.94
GH,product-7596,4,86.89
KE,product-7597,958,83.54
ZA,product-7598,448,34.04
MA,product-7599,497,23.93
NG,product-7600,172,46.97
GH,product-7601,934,7.58
KE,product-7602,575,3.81
ZA,product-7603,262,4.18
MA,product-7604,953,89.13
NG,product-7605,59,84.36
GH,product-7606,133,73.06
KE,product-7607,524,19.63
ZA,product-7608,847,67.65
MA,product-7609,232,82.49
NG,product-7610,964,16.30
GH,product-7611,161,71.05
KE,product-7612,168,29.47
ZA,product-7613,918,74.02
MA,product-7614,134,6.64
NG,product-7615,791,61.48
GH,product-7616,790,64.65
KE,product-7617,446,14.05
ZA,product-7618,49,33.57
MA,product-7619,149,19.53
NG,product-7620,964,70.14
GH,product-7621,592,80.98
KE,product-7622,961,70.64
ZA,product-7623,403,74.17
MA,product-7624,390,8.79
NG,product-7625,390,29.39
GH,product-7626,219,48.82
KE,product-7627,160,17.77
ZA,product-7628,278,51.60
MA,product-7629,317,81.18
NG,product-7630,965,25.09
GH,product-7631,385,4.06
KE,product-7632,948,99.43
ZA,product-7633,188,48.64
MA,product-7634,773,42.75
NG,product-7635,448,84.01
GH,product-7636,677,42.46
KE,product-7637,318,22.14
ZA,product-7638,418,30.44
MA,product-7639,70,11.75
NG,product-7640,605,61.20
GH,product-7641,950,40.92
KE,product-7642,945,20.96
ZA,product-7643,537,78.57
MA,product-7644,436,42.78
NG,product-7645,193,78.83
GH,product-7646,481,31.95
KE,product-7647,984,87.69
ZA,product-7648,976,81.03
MA,product-7649,814,96.89
NG,product-7650,16,42.86
GH,product-7651,359,97.72
KE,product-7652,104,55.35
ZA,product-7653,626,66.34
MA,product-7654,373,74.74
NG,product-7655,829,43.01
GH,product-7656,261,20.53
KE,product-7657,235,50.90
ZA,product-7658,412,55.04
MA,product-7659,864,51.73
NG,product-7660,792,21.10
GH,product-7661,185,38.96
KE,product-7662,858,83.05
ZA,product-7663,479,91.46
MA,product-7664,462,29.17
NG,product-7665,54,81.44
GH,product-7666,778,5.87
KE,product-7667,368,39.41
ZA,product-7668,697,31.08
MA,product-7669,819,28.37
NG,product-7670,573,72.37
GH,product-7671,380,23.05
KE,product-7672,945,69.07
ZA,product-7673,206,74.77
MA,product-7674,726,27.98
NG,product-7675,752,64.70
GH,product-7676,264,74.52
KE,product-7677,103,86.00
ZA,product-7678,301,77.64
MA,product-7679,94,23.10
NG,product-7680,799,49.97
GH,product-7681,292,62.93
KE,product-7682,836,3.13
ZA,product-7683,364,20.41
MA,product-7684,165,47.30
NG,product-7685,137,99.07
GH,product-7686,237,70.78
KE,product-7687,245,15.86
ZA,product-7688,773,94.94
MA,product-7689,523,68.80
NG,product-7690,79,41.78
GH,product-7691,810,52.04
KE,product-7692,27,40.16
ZA,product-7693,80,79.13
MA,product-7694,626,39.43
NG,product-7695,617,20.15
GH,product-7696,623,80.30
KE,product-7697,622,55.41
ZA,product-7698,301,91.64
MA,product-7699,653,77.98
NG,product-7700,373,15.40
GH,product-7701,362,10.37
KE,product-7702,145,23.99
ZA,product-7703,551,70.87
MA,product-7704,979,54.34
NG,product-7705,441,72.55
GH,product-7706,790,38.23
KE,product-7707,607,90.09
ZA,product-7708,948,65.46
MA,product-7709,855,98.56
NG,product-7710,254,94.14
GH,product-7711,135,76.32
KE,product-7712,537,6.59
ZA,product-7713,120,3.64
MA,product-7714,640,84.07
NG,product-7715,635,60.57
GH,product-7716,514,63.42
KE,product-7717,217,10.96
ZA,product-7718,792,23.31
MA,product-7719,415,18.69
NG,product-7720,128,24.74
GH,product-7721,476,35.57
KE,product-7722,159,87.63
ZA,product-7723,210,69.04
MA,product-7724,176,49.12
NG,product-7725,815,62.47
GH,product-7726,721,27.61
KE,product-7727,91,64.91
ZA,product-7728,236,86.96
MA,product-7729,597,99.56
NG,product-7730,839,65.75
GH,product-7731,966,74.92
KE,product-7732,294,37.74
ZA,product-7733,917,95.00
MA,product-7734,391,94.15
NG,product-7735,992,72.02
GH,product-7736,729,14.34
KE,product-7737,967,43.82
ZA,product-7738,445,73.63
MA,product-7739,386,36.80
NG,product-7740,425,77.60
GH,product-7741,698,25.05
KE,product-7742,209,69.20
ZA,product-7743,281,85.57
MA,product-7744,422,86.52
NG,product-7745,968,65.73
GH,product-7746,748,66.59
KE,product-7747,172,20.79
ZA,product-7748,391,81.86
MA,product-7749,582,80.24
NG,product-7750,692,72.72
GH,product-7751,498,48.75
KE,product-7752,136,7.10
ZA,product-7753,46,97.81
MA,product-7754,265,77.38
NG,product-7755,767,50.99
GH,product-7756,521,33.38
KE,product-7757,298,95.55
ZA,product-7758,177,36.45
MA,product-7759,250,11.47
NG,product-7760,561,66.60
GH,product-7761,161,29.58
KE,product-7762,473,77.50
ZA,product-7763,362,49.26
MA,product-7764,255,15.07
NG,product-7765,437,3.26
GH,product-7766,183,48.09
KE,product-7767,808,18.39
ZA,product-7768,982,89.18
MA,product-7769,190,70.49
NG,product-7770,351,9.80
GH,product-7771,639,51.48
KE,product-7772,542,60.18
ZA,product-7773,96,33.96
MA,product-7774,10,4.64
NG,product-7775,328,28.39
GH,product-7776,45,0.90
KE,product-7777,694,55.72
ZA,product-7778,309,11.24
MA,product-7779,484,54.56
NG,product-7780,119,8.76
GH,product-7781,268,59.06
KE,product-7782,228,8.78
ZA,product-7783,191,43.21
MA,product-7784,354,75.17
NG,product-7785,616,29.43
GH,product-7786,882,45.27
KE,product-7787,857,65.66
ZA,product-7788,685,88.75
MA,product-7789,751,78.14
NG,product-7790,185,17.66
GH,product-7791,644,60.42
KE,product-7792,499,34.83
ZA,product-7793,144,87.80
MA,product-7794,747,18.76
NG,product-7795,424,57.52
GH,product-7796,43,14.36
KE,product-7797,255,27.26
ZA,product-7798,335,30.55
MA,product-7799,832,9.25
NG,product-7800,632,27.80
GH,product-7801,65,92.99
KE,product-7802,626,20.31
ZA,product-7803,566,57.65
MA,product-7804,588,16.49
NG,product-7805,84,21.19
GH,product-7806,215,56.69
KE,product-7807,688,14.43
ZA,product-7808,967,31.11
MA,product-7809,768,79.69
NG,product-7810,719,89.44
GH,product-7811,23,47.91
KE,product-7812,364,94.19
ZA,product-7813,165,25.93
MA,product-7814,56,46.09
NG,product-7815,968,71.14
GH,product-7816,770,22.34
KE,product-7817,657,93.69
ZA,product-7818,217,32.85
MA,product-7819,991,69.79
NG,product-7820,126,80.16
GH,product-7821,217,45.20
KE,product-7822,870,84.40
ZA,product-7823,899,66.03
MA,product-7824,95,4.03
NG,product-7825,558,3.14
GH,product-7826,756,43.13
KE,product-7827,328,58.75
ZA,product-7828,449,35.10
MA,product-7829,767,53.38
NG,product-7830,637,13.37
GH,product-7831,504,65.15
KE,product-7832,443,96.41
ZA,product-7833,792,35.53
MA,product-7834,454,22.30
NG,product-7835,708,93.36
GH,product-7836,855,16.78
KE,product-7837,305,60.90
ZA,product-7838,323,89.14
MA,product-7839,416,61.09
NG,product-7840,749,28.79
GH,product-7841,904,57.72
KE,product-7842,950,9.62
ZA,product-7843,378,40.83
MA,product-7844,282,76.73
NG,product-7845,854,52.78
GH,product-7846,160,7.15
KE,product-7847,868,53.00
ZA,product-7848,614,65.52
MA,product-7849,543,75.18
NG,product-7850,517,15.21
GH,product-7851,412,16.67
KE,product-7852,152,9.99
ZA,product-7853,123,34.82
MA,product-7854,845,27.31
NG,product-7855,670,44.80
GH,product-7856,17,39.77
KE,product-7857,76,55.17
ZA,product-7858,998,14.93
MA,product-7859,651,48.34
NG,product-7860,696,94.27
GH,product-7861,927,5.62
KE,product-7862,789,70.46
ZA,product-7863,356,87.72
MA,product-7864,161,41.73
NG,product-7865,703,22.62
GH,product-7866,294,59.02
KE,product-7867,891,79.46
ZA,product-7868,774,41.58
MA,product-7869,276,92.43
NG,product-7870,632,23.69
GH,product-7871,132,36.54
KE,product-7872,948,78.72
ZA,product-7873,574,92.32
MA,product-7874,318,56.73
NG,product-7875,98,52.69
GH,product-7876,239,69.66
KE,product-7877,356,0.38
ZA,product-7878,642,81.42
MA,product-7879,911,14.35
NG,product-7880,69,12.50
GH,product-7881,443,73.28
KE,product-7882,16,15.33
ZA,product-7883,974,69.52
MA,product-7884,911,34.78
NG,product-7885,396,82.42
GH,product-7886,548,20.39
KE,product-7887,323,99.60
ZA,product-7888,164,30.05
MA,product-7889,23,42.81
NG,product-7890,970,97.53
GH,product-7891,273,92.42
KE,product-7892,760,13.62
ZA,product-7893,279,5.15
MA,product-7894,10,74.13
NG,product-7895,394,9.92
GH,product-7896,10,55.28
KE,product-7897,427,45.64
ZA,product-7898,683,12.25
MA,product-7899,353,77.97
NG,product-7900,58,82.62
GH,product-7901,998,75.27
KE,product-7902,842,4.64
ZA,product-7903,873,11.25
MA,product-7904,815,75.69
NG,product-7905,726,61.99
GH,product-7906,627,33.68
KE,product-7907,378,55.07
ZA,product-7908,666,88.28
MA,product-7909,117,60.51
NG,product-7910,695,67.87
GH,product-7911,41,57.13
KE,product-7912,287,38.71
ZA,product-7913,527,29.64
MA,product-7914,518,0.18
NG,product-7915,956,55.80
GH,product-7916,37,28.05
KE,product-7917,77,82.13
ZA,product-7918,871,80.53
MA,product-7919,921,51.99
NG,product-7920,278,68.57
GH,product-7921,621,85.59
KE,product-7922,521,62.82
ZA,product-7923,487,86.89
MA,product-7924,210,21.94
NG,product-7925,964,31.49
GH,product-7926,993,58.21
KE,product-7927,86,61.55
ZA,product-7928,659,7.82
MA,product-7929,906,41.49
NG,product-7930,645,25.77
GH,product-7931,552,18.62
KE,product-7932,520,52.32
ZA,product-7933,951,0.28
MA,product-7934,261,50.71
NG,product-7935,513,69.66
GH,product-7936,882,64.27
KE,product-7937,692,44.40
ZA,product-7938,925,41.02
MA,product-7939,369,29.33
NG,product-7940,117,43.82
GH,product-7941,13,24.23
KE,product-7942,684,56.54
ZA,product-7943,120,85.89
MA,product-7944,68,45.52
NG,product-7945,645,47.05
GH,product-7946,362,72.31
KE,product-7947,758,46.57
ZA,product-7948,588,52.03
MA,product-7949,526,62.39
NG,product-7950,177,77.39
GH,product-7951,356,90.70
KE,product-7952,475,17.90
ZA,product-7953,365,4.46
MA,product-7954,73,61.20
NG,product-7955,441,69.68
GH,product-7956,305,57.11
KE,product-7957,854,76.43
ZA,product-7958,459,46.94
MA,product-7959,84,21.86
NG,product-7960,539,21.22
GH,product-7961,963,24.47
KE,product-7962,142,65.61
ZA,product-7963,277,36.29
MA,product-7964,26,74.01
NG,product-7965,823,94.13
GH,product-7966,105,33.54
KE,product-7967,622,21.30
ZA,product-7968,30,58.49
MA,product-7969,182,41.40
NG,product-7970,475,70.52
GH,product-7971,89,81.71
KE,product-7972,831,42.01
ZA,product-7973,308,77.09
MA,product-7974,8,89.17
NG,product-7975,151,53.94
GH,product-7976,224,1.93
KE,product-7977,930,70.31
ZA,product-7978,407,26.29
MA,product-7979,594,12.44
NG,product-7980,355,14.63
GH,product-7981,9,80.34
KE,product-7982,577,26.81
ZA,product-7983,787,13.16
MA,product-7984,200,80.38
NG,product-7985,356,78.24
GH,product-7986,161,74.88
KE,product-7987,899,8.62
ZA,product-7988,368,56.58
MA,product-7989,796,85.84
NG,product-7990,644,14.38
GH,product-7991,615,92.68
KE,product-7992,529,32.58
ZA,product-7993,183,54.97
MA,product-7994,546,1.78
NG,product-7995,477,18.14
GH,product-7996,139,73.05
KE,product-7997,652,24.92
ZA,product-7998,991,57.84
MA,product-7999,637,49.42
NG,product-8000,329,30.54
GH,product-8001,456,41.72
KE,product-8002,970,90.20
ZA,product-8003,215,31.91
MA,product-8004,3,48.89
NG,product-8005,510,59.67
GH,product-8006,533,2.01
KE,product-8007,305,80.99
ZA,product-8008,592,10.07
MA,product-8009,841,94.15
NG,product-8010,903,63.88
GH,product-8011,620,45.99
KE,product-8012,897,41.04
ZA,product-8013,853,95.40
MA,product-8014,93,42.02
NG,product-8015,405,52.76
GH,product-8016,225,43.98
KE,product-8017,302,56.14
ZA,product-8018,398,22.73
MA,product-8019,815,5.21
NG,product-8020,788,21.90
GH,product-8021,67,32.45
KE,product-8022,35,38.70
ZA,product-8023,643,86.91
MA,product-8024,772,81.35
NG,product-8025,406,96.19
GH,product-8026,797,40.42
KE,product-8027,538,3.23
ZA,product-8028,575,62.77
MA,product-8029,408,65.46
NG,product-8030,246,55.06
GH,product-8031,227,77.18
KE,product-8032,141,12.19
ZA,product-8033,117,43.46
MA,product-8034,451,17.74
NG,product-8035,409,81.06
GH,product-8036,985,44.89
KE,product-8037,578,62.09
ZA,product-8038,703,12.77
MA,product-8039,326,46.21
NG,product-8040,517,7.02
GH,product-8041,736,15.59
KE,product-8042,975,97.09
ZA,product-8043,829,62.03
MA,product-8044,640,37.73
NG,product-8045,130,20.00
GH,product-8046,52,22.10
KE,product-8047,946,4.08
ZA,product-8048,709,22.41
MA,product-8049,795,85.00
NG,product-8050,211,60.58
GH,product-8051,589,82.45
KE,product-8052,308,40.04
ZA,product-8053,886,9.29
MA,product-8054,349,77.79
NG,product-8055,149,65.59
GH,product-8056,282,2.74
KE,product-8057,765,73.79
ZA,product-8058,826,8.30
MA,product-8059,313,63.76
NG,product-8060,289,28.95
GH,product-8061,274,26.55
KE,product-8062,997,11.91
ZA,product-8063,97,41.39
MA,product-8064,389,5.62
NG,product-8065,105,23.79
GH,product-8066,452,91.79
KE,product-8067,168,0.47
ZA,product-8068,101,0.04
MA,product-8069,771,6.85
NG,product-8070,645,69.13
GH,product-8071,427,27.12
KE,product-8072,738,84.26
ZA,product-8073,820,62.70
MA,product-8074,726,12.07
NG,product-8075,981,84.01
GH,product-8076,277,9.45
KE,product-8077,244,24.28
ZA,product-8078,755,17.09
MA,product-8079,393,31.61
NG,product-8080,873,98.83
GH,product-8081,192,19.31
KE,product-8082,181,51.59
ZA,product-8083,572,45.53
MA,product-8084,997,47.23
NG,product-8085,773,63.30
GH,product-8086,841,47.98
KE,product-8087,41,62.14
ZA,product-8088,808,3.40
MA,product-8089,263,5.72
NG,product-8090,58,43.90
GH,product-8091,784,97.80
KE,product-8092,89,16.45
ZA,product-8093,685,44.16
MA,product-8094,686,53.28
NG,product-8095,572,2.01
GH,product-8096,82,92.40
KE,product-8097,635,82.55
ZA,product-8098,424,49.01
MA,product-8099,176,45.19
NG,product-8100,265,94.86
GH,product-8101,164,48.44
KE,product-8102,523,41.11
ZA,product-8103,384,82.91
MA,product-8104,948,64.23
NG,product-8105,522,2.13
GH,product-8106,334,56.76
KE,product-8107,784,70.55
ZA,product-8108,968,34.79
MA,product-8109,179,11.71
NG,product-8110,828,53.28
GH,product-8111,228,53.60
KE,product-8112,477,12.91
ZA,product-8113,120,13.57
MA,product-8114,671,67.12
NG,product-8115,246,11.49
GH,product-8116,534,8.71
KE,product-8117,283,9.06
ZA,product-8118,36,36.52
MA,product-8119,297,75.31
NG,product-8120,896,69.61
GH,product-8121,257,95.07
KE,product-8122,63,21.93
ZA,product-8123,299,93.19
MA,product-8124,540,12.92
NG,product-8125,405,71.51
GH,product-8126,682,83.10
KE,product-8127,643,81.79
ZA,product-8128,868,3.14
MA,product-8129,322,38.18
NG,product-8130,886,53.85
GH,product-8131,776,82.72
KE,product-8132,933,35.74
ZA,product-8133,132,64.19
MA,product-8134,641,52.63
NG,product-8135,808,87.47
GH,product-8136,398,45.20
KE,product-8137,186,99.75
ZA,product-8138,544,65.99
MA,product-8139,402,33.01
NG,product-8140,278,57.55
GH,product-8141,248,2.55
KE,product-8142,502,18.09
ZA,product-8143,93,8.15
MA,product-8144,767,91.95
NG,product-8145,588,93.64
GH,product-8146,959,23.02
KE,product-8147,159,79.04
ZA,product-8148,124,93.77
MA,product-8149,102,6.65
NG,product-8150,255,33.71
GH,product-8151,71,1.71
KE,product-8152,594,1.71
ZA,product-8153,379,83.55
MA,product-8154,322,59.91
NG,product-8155,953,52.58
GH,product-8156,281,20.04
KE,product-8157,452,97.47
ZA,product-8158,809,3.72
MA,product-8159,950,63.87
NG,product-8160,38,2.31
GH,product-8161,454,83.43
KE,product-8162,738,24.49
ZA,product-8163,726,15.33
MA,product-8164,32,24.22
NG,product-8165,297,33.87
GH,product-8166,942,15.03
KE,product-8167,696,71.38
ZA,product-8168,451,49.90
MA,product-8169,556,4.99
NG,product-8170,689,59.22
GH,product-8171,225,67.61
KE,product-8172,43,94.20
ZA,product-8173,683,28.32
MA,product-8174,235,42.40
NG,product-8175,578,88.75
GH,product-8176,645,37.88
KE,product-8177,756,93.72
ZA,product-8178,108,99.55
MA,product-8179,182,9.02
NG,product-8180,490,81.69
GH,product-8181,737,35.18
KE,product-8182,366,74.34
ZA,product-8183,171,41.72
MA,product-8184,223,48.23
NG,product-8185,76,95.18
GH,product-8186,353,72.53
KE,product-8187,151,36.82
ZA,product-8188,270,67.94
MA,product-8189,83,43.89
NG,product-8190,507,23.47
GH,product-8191,853,24.88
KE,product-8192,64,78.12
ZA,product-8193,937,33.57
MA,product-8194,617,62.74
NG,product-8195,492,26.18
GH,product-8196,300,75.99
KE,product-8197,132,54.90
ZA,product-8198,674,10.39
MA,product-8199,804,25.58
NG,product-8200,912,87.38
GH,product-8201,442,35.87
KE,product-8202,918,10.35
ZA,product-8203,477,65.34
MA,product-8204,627,11.11
NG,product-8205,31,9.25
GH,product-8206,375,53.65
KE,product-8207,549,98.85
ZA,product-8208,235,75.24
MA,product-8209,428,54.08
NG,product-8210,482,42.10
GH,product-8211,572,19.36
KE,product-8212,698,88.93
ZA,product-8213,354,94.36
MA,product-8214,986,27.40
NG,product-8215,591,77.42
GH,product-8216,921,48.65
KE,product-8217,70,3.37
ZA,product-8218,28,14.31
MA,product-8219,345,1.29
NG,product-8220,814,49.72
GH,product-8221,571,27.30
KE,product-8222,752,34.58
ZA,product-8223,68,62.95
MA,product-8224,412,44.29
NG,product-8225,998,22.58
GH,product-8226,169,78.45
KE,product-8227,623,20.66
ZA,product-8228,867,41.67
MA,product-8229,751,23.94
NG,product-8230,458,10.75
GH,product-8231,634,71.61
KE,product-8232,600,25.20
ZA,product-8233,455,18.15
MA,product-8234,985,15.29
NG,product-8235,588,42.70
GH,product-8236,398,81.52
KE,product-8237,175,62.68
ZA,product-8238,970,3.54
MA,product-8239,218,66.07
NG,product-8240,515,71.09
GH,product-8241,379,21.13
KE,product-8242,116,54.84
ZA,product-8243,470,65.87
MA,product-8244,78,97.75
NG,product-8245,400,26.86
GH,product-8246,869,93.37
KE,product-8247,304,8.19
ZA,product-8248,527,63.55
MA,product-8249,516,41.20
NG,product-8250,986,70.12
GH,product-8251,710,51.11
KE,product-8252,44,71.01
ZA,product-8253,598,75.77
MA,product-8254,894,16.66
NG,product-8255,956,36.29
GH,product-8256,376,28.25
KE,product-8257,109,92.98
ZA,product-8258,795,90.67
MA,product-8259,302,51.17
NG,product-8260,440,62.16
GH,product-8261,747,72.30
KE,product-8262,578,25.31
ZA,product-8263,886,4.12
MA,product-8264,609,46.81
NG,product-8265,598,53.36
GH,product-8266,225,7.91
KE,product-8267,467,19.87
ZA,product-8268,110,43.26
MA,product-8269,75,9.43
NG,product-8270,323,82.76
GH,product-8271,889,51.23
KE,product-8272,57,81.18
ZA,product-8273,29,11.20
MA,product-8274,740,69.62
NG,product-8275,953,95.04
GH,product-8276,319,92.08
KE,product-8277,31,25.92
ZA,product-8278,721,52.26
MA,product-8279,950,42.08
NG,product-8280,844,18.32
GH,product-8281,488,78.99
KE,product-8282,253,72.90
ZA,product-8283,516,48.09
MA,product-8284,172,10.82
NG,product-8285,620,35.57
GH,product-8286,218,75.99
KE,product-8287,414,22.40
ZA,product-8288,278,90.50
MA,product-8289,960,51.05
NG,product-8290,835,68.10
GH,product-8291,23,7.44
KE,product-8292,167,23.44
ZA,product-8293,130,88.49
MA,product-8294,621,21.89
NG,product-8295,207,58.61
GH,product-8296,661,74.50
KE,product-8297,344,78.01
ZA,product-8298,312,94.89
MA,product-8299,327,99.79
NG,product-8300,841,31.30
GH,product-8301,608,67.14
KE,product-8302,89,66.67
ZA,product-8303,174,85.11
MA,product-8304,130,12.94
NG,product-8305,209,82.29
GH,product-8306,110,36.69
KE,product-8307,525,50.97
ZA,product-8308,845,37.69
MA,product-8309,906,1.02
NG,product-8310,772,6.24
GH,product-8311,515,33.13
KE,product-8312,234,42.24
ZA,product-8313,605,22.60
MA,product-8314,98,97.11
NG,product-8315,553,72.76
GH,product-8316,638,46.09
KE,product-8317,469,56.47
ZA,product-8318,10,89.94
MA,product-8319,526,97.95
NG,product-8320,508,67.52
GH,product-8321,575,93.96
KE,product-8322,681,12.83
ZA,product-8323,238,69.89
MA,product-8324,608,91.51
NG,product-8325,210,72.84
GH,product-8326,750,26.04
KE,product-8327,932,92.37
ZA,product-8328,487,40.52
MA,product-8329,201,42.36
NG,product-8330,193,40.09
GH,product-8331,728,13.45
KE,product-8332,515,75.07
ZA,product-8333,511,40.37
MA,product-8334,285,90.15
NG,product-8335,775,75.99
GH,product-8336,772,42.61
KE,product-8337,19,34.22
ZA,product-8338,713,53.01
MA,product-8339,132,91.77
NG,product-8340,707,94.58
GH,product-8341,172,90.28
KE,product-8342,194,74.38
ZA,product-8343,41,61.80
MA,product-8344,931,69.19
NG,product-8345,949,27.25
GH,product-8346,557,1.56
KE,product-8347,841,12.63
ZA,product-8348,86,36.67
MA,product-8349,878,31.09
NG,product-8350,925,85.27
GH,product-8351,693,93.65
KE,product-8352,813,28.52
ZA,product-8353,951,67.84
MA,product-8354,383,70.60
NG,product-8355,646,69.69
GH,product-8356,547,15.79
KE,product-8357,799,54.19
ZA,product-8358,940,58.27
MA,product-8359,718,63.29
NG,product-8360,171,81.52
GH,product-8361,920,40.70
KE,product-8362,696,62.44
ZA,product-8363,669,69.15
MA,product-8364,127,84.18
NG,product-8365,244,30.92
GH,product-8366,782,20.35
KE,product-8367,42,98.08
ZA,product-8368,115,10.24
MA,product-8369,981,37.60
NG,product-8370,292,32.33
GH,product-8371,537,24.23
KE,product-8372,820,33.83
ZA,product-8373,963,68.45
MA,product-8374,330,33.89
NG,product-8375,988,11.11
GH,product-8376,931,76.70
KE,product-8377,972,49.08
ZA,product-8378,360,93.93
MA,product-8379,997,99.62
NG,product-8380,134,12.19
GH,product-8381,95,27.63
KE,product-8382,507,98.62
ZA,product-8383,788,52.99
MA,product-8384,497,36.47
NG,product-8385,275,45.58
GH,product-8386,200,14.64
KE,product-8387,310,91.04
ZA,product-8388,382,47.29
MA,product-8389,711,3.58
NG,product-8390,662,97.33
GH,product-8391,670,22.42
KE,product-8392,635,75.18
ZA,product-8393,896,10.15
MA,product-8394,145,61.55
NG,product-8395,479,82.78
GH,product-8396,601,5.86
KE,product-8397,247,96.18
ZA,product-8398,902,85.81
MA,product-8399,510,80.77
NG,product-8400,322,85.70
GH,product-8401,64,33.19
KE,product-8402,364,45.58
ZA,product-8403,148,13.08
MA,product-8404,601,6.72
NG,product-8405,24,5.62
GH,product-8406,504,51.85
KE,product-8407,521,17.53
ZA,product-8408,630,46.98
MA,product-8409,796,86.70
NG,product-8410,779,97.42
GH,product-8411,735,92.56
KE,product-8412,212,53.23
ZA,product-8413,786,43.92
MA,product-8414,331,99.64
NG,product-8415,997,19.63
GH,product-8416,16,11.10
KE,product-8417,279,24.95
ZA,product-8418,587,56.69
MA,product-8419,273,43.40
NG,product-8420,474,22.78
GH,product-8421,871,66.74
KE,product-8422,84,1.20
ZA,product-8423,772,41.77
MA,product-8424,529,22.69
NG,product-8425,198,90.36
GH,product-8426,416,86.93
KE,product-8427,56,43.96
ZA,product-8428,766,7.56
MA,product-8429,778,20.69
NG,product-8430,941,38.58
GH,product-8431,874,12.30
KE,product-8432,799,13.33
ZA,product-8433,480,49.60
MA,product-8434,957,36.85
NG,product-8435,308,15.32
GH,product-8436,170,93.26
KE,product-8437,59,58.10
ZA,product-8438,415,4.84
MA,product-8439,611,30.28
NG,product-8440,857,5.16
GH,product-8441,66,46.74
KE,product-8442,906,65.02
ZA,product-8443,782,20.00
MA,product-8444,293,63.96
NG,product-8445,431,21.47
GH,product-8446,293,20.40
KE,product-8447,87,30.87
ZA,product-8448,178,91.31
MA,product-8449,234,2.48
NG,product-8450,939,16.58
GH,product-8451,929,53.12
KE,product-8452,486,58.08
ZA,product-8453,52,62.21
MA,product-8454,78,14.79
NG,product-8455,82,17.32
GH,product-8456,785,55.70
KE,product-8457,967,89.79
ZA,product-8458,474,32.88
MA,product-8459,362,40.38
NG,product-8460,61,11.37
GH,product-8461,673,48.13
KE,product-8462,238,45.79
ZA,product-8463,131,94.43
MA,product-8464,974,45.24
NG,product-8465,6,87.53
GH,product-8466,405,67.48
KE,product-8467,76,27.11
ZA,product-8468,115,97.65
MA,product-8469,528,82.98
NG,product-8470,598,89.59
GH,product-8471,153,1.83
KE,product-8472,251,1.91
ZA,product-8473,154,2.56
MA,product-8474,304,76.11
NG,product-8475,924,56.44
GH,product-8476,140,14.99
KE,product-8477,637,24.31
ZA,product-8478,501,83.89
MA,product-8479,606,1.99
NG,product-8480,954,71.11
GH,product-8481,587,9.78
KE,product-8482,390,88.28
ZA,product-8483,770,97.95
MA,product-8484,413,77.54
NG,product-8485,827,35.24
GH,product-8486,838,21.95
KE,product-8487,727,18.22
ZA,product-8488,991,14.10
MA,product-8489,194,13.08
NG,product-8490,179,31.64
GH,product-8491,311,38.76
KE,product-8492,643,74.91
ZA,product-8493,301,69.49
MA,product-8494,41,96.52
NG,product-8495,62,72.85
GH,product-8496,854,11.80
KE,product-8497,617,98.62
ZA,product-8498,323,44.34
MA,product-8499,191,80.27
NG,product-8500,740,3.77
GH,product-8501,542,95.03
KE,product-8502,147,79.16
ZA,product-8503,897,6.23
MA,product-8504,406,25.26
NG,product-8505,537,38.28
GH,product-8506,250,66.94
KE,product-8507,98,71.78
ZA,product-8508,757,20.84
MA,product-8509,320,58.62
NG,product-8510,182,76.12
GH,product-8511,481,85.24
KE,product-8512,764,18.53
ZA,product-8513,299,94.91
MA,product-8514,786,19.60
NG,product-8515,89,5.33
GH,product-8516,726,43.93
KE,product-8517,303,44.99
ZA,product-8518,253,6.91
MA,product-8519,262,12.56
NG,product-8520,889,63.28
GH,product-8521,573,13.40
KE,product-8522,662,77.62
ZA,product-8523,975,90.32
MA,product-8524,858,43.92
NG,product-8525,497,65.15
GH,product-8526,567,33.81
KE,product-8527,21,86.82
ZA,product-8528,814,31.58
MA,product-8529,475,26.11
NG,product-8530,162,50.54
GH,product-8531,736,29.03
KE,product-8532,102,45.31
ZA,product-8533,890,68.33
MA,product-8534,747,48.39
NG,product-8535,185,78.85
GH,product-8536,708,23.81
KE,product-8537,393,42.73
ZA,product-8538,805,81.99
MA,product-8539,831,76.43
NG,product-8540,118,52.49
GH,product-8541,789,52.81
KE,product-8542,186,76.63
ZA,product-8543,753,20.96
MA,product-8544,450,7.58
NG,product-8545,821,36.51
GH,product-8546,934,96.70
KE,product-8547,550,70.79
ZA,product-8548,367,64.79
MA,product-8549,306,84.13
NG,product-8550,609,67.14
GH,product-8551,744,61.16
KE,product-8552,237,96.86
ZA,product-8553,508,92.21
MA,product-8554,223,12.09
NG,product-8555,898,49.87
GH,product-8556,668,56.12
KE,product-8557,252,72.73
ZA,product-8558,410,36.16
MA,product-8559,174,21.60
NG,product-8560,331,76.24
GH,product-8561,472,29.72
KE,product-8562,33,90.55
ZA,product-8563,428,50.87
MA,product-8564,872,28.71
NG,product-8565,942,72.42
GH,product-8566,947,92.98
KE,product-8567,185,79.78
ZA,product-8568,29,87.43
MA,product-8569,630,44.34
NG,product-8570,233,79.52
GH,product-8571,902,72.01
KE,product-8572,287,13.71
ZA,product-8573,678,17.05
MA,product-8574,120,5.24
NG,product-8575,956,94.51
GH,product-8576,327,10.63
KE,product-8577,786,17.37
ZA,product-8578,281,56.64
MA,product-8579,318,40.93
NG,product-8580,450,81.71
GH,product-8581,515,33.37
KE,product-8582,246,48.49
ZA,product-8583,939,75.30
MA,product-8584,198,41.58
NG,product-8585,332,8.46
GH,product-8586,914,49.47
KE,product-8587,319,99.85
ZA,product-8588,325,55.64
MA,product-8589,736,89.32
NG,product-8590,267,41.57
GH,product-8591,387,75.88
KE,product-8592,617,3.86
ZA,product-8593,225,11.52
MA,product-8594,845,74.29
NG,product-8595,361,71.23
GH,product-8596,15,86.69
KE,product-8597,161,49.54
ZA,product-8598,605,50.43
MA,product-8599,388,12.94
NG,product-8600,136,3.32
GH,product-8601,965,91.23
KE,product-8602,31,74.94
ZA,product-8603,934,92.45
MA,product-8604,522,57.11
NG,product-8605,833,71.55
GH,product-8606,755,72.18
KE,product-8607,508,96.35
ZA,product-8608,902,4.67
MA,product-8609,724,9.58
NG,product-8610,993,67.96
GH,product-8611,247,11.40
KE,product-8612,709,31.96
ZA,product-8613,550,72.07
MA,product-8614,542,26.89
NG,product-8615,215,77.35
GH,product-8616,862,7.11
KE,product-8617,111,70.97
ZA,product-8618,674,93.21
MA,product-8619,169,25.73
NG,product-8620,229,22.90
GH,product-8621,966,82.04
KE,product-8622,781,56.69
ZA,product-8623,892,56.68
MA,product-8624,708,7.94
NG,product-8625,232,69.53
GH,product-8626,0,81.31
KE,product-8627,730,37.58
ZA,product-8628,518,87.39
MA,product-8629,176,15.25
NG,product-8630,269,69.74
GH,product-8631,328,59.76
KE,product-8632,930,27.35
ZA,product-8633,863,96.72
MA,product-8634,171,93.10
NG,product-8635,736,91.25
GH,product-8636,611,87.16
KE,product-8637,881,41.24
ZA,product-8638,638,23.91
MA,product-8639,405,91.16
NG,product-8640,250,27.51
GH,product-8641,34,92.72
KE,product-8642,538,42.13
ZA,product-8643,439,55.60
MA,product-8644,258,39.61
NG,product-8645,535,77.46
GH,product-8646,355,39.39
KE,product-8647,685,7.08
ZA,product-8648,772,25.01
MA,product-8649,989,60.91
NG,product-8650,876,21.40
GH,product-8651,616,95.06
KE,product-8652,48,18.47
ZA,product-8653,259,64.62
MA,product-8654,563,58.31
NG,product-8655,425,60.27
GH,product-8656,298,1.10
KE,product-8657,281,82.87
ZA,product-8658,366,21.00
MA,product-8659,569,63.89
NG,product-8660,233,12.23
GH,product-8661,757,85.63
KE,product-8662,635,6.23
ZA,product-8663,877,29.06
MA,product-8664,5,66.96
NG,product-8665,151,30.00
GH,product-8666,330,98.67
KE,product-8667,660,33.16
ZA,product-8668,160,18.86
MA,product-8669,940,70.13
NG,product-8670,623,39.84
GH,product-8671,983,17.94
KE,product-8672,726,49.20
ZA,product-8673,17,41.19
MA,product-8674,839,14.74
NG,product-8675,441,2.36
GH,product-8676,124,26.74
KE,product-8677,322,0.68
ZA,product-8678,34,92.99
MA,product-8679,445,97.21
NG,product-8680,640,78.75
GH,product-8681,970,34.45
KE,product-8682,153,35.96
ZA,product-8683,905,55.40
MA,product-8684,727,35.46
NG,product-8685,43,36.36
GH,product-8686,300,71.15
KE,product-8687,654,64.35
ZA,product-8688,198,95.83
MA,product-8689,513,81.46
NG,product-8690,179,95.75
GH,product-8691,186,73.77
KE,product-8692,206,97.12
ZA,product-8693,131,26.85
MA,product-8694,986,97.52
NG,product-8695,392,12.41
GH,product-8696,976,72.59
KE,product-8697,775,84.38
ZA,product-8698,178,17.92
MA,product-8699,793,67.08
NG,product-8700,322,39.46
GH,product-8701,977,13.14
KE,product-8702,265,48.27
ZA,product-8703,570,38.75
MA,product-8704,326,70.49
NG,product-8705,838,10.86
GH,product-8706,304,81.89
KE,product-8707,112,21.83
ZA,product-8708,624,68.40
MA,product-8709,575,86.25
NG,product-8710,743,12.81
GH,product-8711,791,7.12
KE,product-8712,371,59.24
ZA,product-8713,402,22.51
MA,product-8714,738,61.33
NG,product-8715,579,72.99
GH,product-8716,506,18.01
KE,product-8717,602,48.49
ZA,product-8718,498,82.37
MA,product-8719,427,50.23
NG,product-8720,357,80.12
GH,product-8721,781,29.34
KE,product-8722,772,6.61
ZA,product-8723,636,46.06
MA,product-8724,245,47.97
NG,product-8725,873,76.24
GH,product-8726,949,50.41
KE,product-8727,0,67.54
ZA,product-8728,940,51.64
MA,product-8729,299,77.95
NG,product-8730,812,34.54
GH,product-8731,714,40.80
KE,product-8732,367,98.64
ZA,product-8733,400,86.72
MA,product-8734,976,96.65
NG,product-8735,142,27.49
GH,product-8736,328,33.00
KE,product-8737,978,30.60
ZA,product-8738,974,77.90
MA,product-8739,268,91.43
NG,product-8740,331,41.08
GH,product-8741,489,46.66
KE,product-8742,117,69.82
ZA,product-8743,979,34.30
MA,product-8744,506,79.64
NG,product-8745,935,58.71
GH,product-8746,726,27.00
KE,product-8747,310,52.87
ZA,product-8748,535,85.75
MA,product-8749,54,5.78
NG,product-8750,699,33.35
GH,product-8751,844,14.63
KE,product-8752,899,76.55
ZA,product-8753,763,40.94
MA,product-8754,352,45.88
NG,product-8755,925,17.80
GH,product-8756,561,95.59
KE,product-8757,380,33.73
ZA,product-8758,297,88.00
MA,product-8759,905,9.77
NG,product-8760,345,2.18
GH,product-8761,0,91.56
KE,product-8762,690,78.01
ZA,product-8763,652,88.89
MA,product-8764,70,98.30
NG,product-8765,310,72.80
GH,product-8766,310,18.91
KE,product-8767,271,67.31
ZA,product-8768,978,95.82
MA,product-8769,333,63.22
NG,product-8770,485,78.19
GH,product-8771,790,96.44
KE,product-8772,187,17.28
ZA,product-8773,152,29.07
MA,product-8774,340,41.36
NG,product-8775,608,53.88
GH,product-8776,986,36.91
KE,product-8777,772,45.78
ZA,product-8778,904,97.61
MA,product-8779,67,69.69
NG,product-8780,388,2.08
GH,product-8781,393,94.42
KE,product-8782,799,34.25
ZA,product-8783,53,98.78
MA,product-8784,980,26.80
NG,product-8785,351,9.42
GH,product-8786,918,23.45
KE,product-8787,968,22.17
ZA,product-8788,401,14.94
MA,product-8789,839,4.73
NG,product-8790,374,38.06
GH,product-8791,585,35.68
KE,product-8792,676,50.66
ZA,product-8793,524,99.17
MA,product-8794,438,62.04
NG,product-8795,914,49.43
GH,product-8796,593,65.68
KE,product-8797,573,60.24
ZA,product-8798,259,34.94
MA,product-8799,917,29.82
NG,product-8800,122,67.80
GH,product-8801,383,84.19
KE,product-8802,399,70.80
ZA,product-8803,708,55.65
MA,product-8804,224,1.30
NG,product-8805,694,51.43
GH,product-8806,105,70.87
KE,product-8807,482,33.10
ZA,product-8808,504,66.98
MA,product-8809,525,88.22
NG,product-8810,418,39.78
GH,product-8811,47,83.59
KE,product-8812,699,50.26
ZA,product-8813,737,76.65
MA,product-8814,609,61.43
NG,product-8815,84,79.86
GH,product-8816,467,98.93
KE,product-8817,276,11.73
ZA,product-8818,652,68.18
MA,product-8819,298,2.33
NG,product-8820,644,3.69
GH,product-8821,704,98.89
KE,product-8822,787,8.29
ZA,product-8823,619,9.06
MA,product-8824,497,6.34
NG,product-8825,610,45.94
GH,product-8826,424,31.60
KE,product-8827,84,43.65
ZA,product-8828,41,27.78
MA,product-8829,230,13.88
NG,product-8830,352,20.15
GH,product-8831,310,88.63
KE,product-8832,645,72.84
ZA,product-8833,273,51.93
MA,product-8834,80,97.40
NG,product-8835,607,37.42
GH,product-8836,572,41.21
KE,product-8837,838,31.00
ZA,product-8838,805,88.90
MA,product-8839,745,59.90
NG,product-8840,402,71.62
GH,product-8841,802,21.96
KE,product-8842,174,44.52
ZA,product-8843,487,28.04
MA,product-8844,533,39.69
NG,product-8845,255,50.22
GH,product-8846,254,18.24
KE,product-8847,494,46.78
ZA,product-8848,972,69.79
MA,product-8849,383,4.01
NG,product-8850,300,40.03
GH,product-8851,61,93.66
KE,product-8852,36,64.45
ZA,product-8853,161,47.00
MA,product-8854,218,65.21
NG,product-8855,974,99.88
GH,product-8856,22,72.07
KE,product-8857,185,87.71
ZA,product-8858,327,90.05
MA,product-8859,98,86.89
NG,product-8860,564,55.81
GH,product-8861,565,20.75
KE,product-8862,111,93.76
ZA,product-8863,201,56.77
MA,product-8864,629,47.64
NG,product-8865,489,10.33
GH,product-8866,589,10.57
KE,product-8867,744,37.95
ZA,product-8868,561,37.34
MA,product-8869,112,56.49
NG,product-8870,966,28.26
GH,product-8871,272,8.34
KE,product-8872,508,95.73
ZA,product-8873,151,26.19
MA,product-8874,787,87.31
NG,product-8875,909,97.67
GH,product-8876,217,40.59
KE,product-8877,926,71.90
ZA,product-8878,303,45.31
MA,product-8879,134,27.37
NG,product-8880,678,55.28
GH,product-8881,985,53.05
KE,product-8882,526,89.95
ZA,product-8883,746,75.27
MA,product-8884,716,31.80
NG,product-8885,328,48.30
GH,product-8886,339,76.34
KE,product-8887,714,36.15
ZA,product-8888,853,81.49
MA,product-8889,835,51.96
NG,product-8890,64,33.49
GH,product-8891,326,93.84
KE,product-8892,466,81.01
ZA,product-8893,543,81.80
MA,product-8894,102,34.13
NG,product-8895,707,53.23
GH,product-8896,263,38.49
KE,product-8897,322,64.48
ZA,product-8898,140,57.39
MA,product-8899,255,82.88
NG,product-8900,768,60.69
GH,product-8901,496,97.06
KE,product-8902,922,50.25
ZA,product-8903,738,92.89
MA,product-8904,400,53.81
NG,product-8905,443,42.28
GH,product-8906,193,72.74
KE,product-8907,112,31.82
ZA,product-8908,169,78.43
MA,product-8909,788,35.79
NG,product-8910,452,51.84
GH,product-8911,278,12.94
KE,product-8912,410,49.45
ZA,product-8913,263,38.23
MA,product-8914,923,38.55
NG,product-8915,974,1.52
GH,product-8916,557,23.83
KE,product-8917,600,25.22
ZA,product-8918,245,61.42
MA,product-8919,71,18.33
NG,product-8920,947,33.46
GH,product-8921,433,11.86
KE,product-8922,93,32.40
ZA,product-8923,144,68.74
MA,product-8924,577,95.06
NG,product-8925,383,83.41
GH,product-8926,741,11.45
KE,product-8927,391,41.58
ZA,product-8928,794,26.23
MA,product-8929,639,89.60
NG,product-8930,473,59.85
GH,product-8931,287,24.74
KE,product-8932,42,9.92
ZA,product-8933,460,95.00
MA,product-8934,820,87.92
NG,product-8935,403,86.79
GH,product-8936,228,1.20
KE,product-8937,781,50.74
ZA,product-8938,657,22.19
MA,product-8939,971,74.57
NG,product-8940,345,75.94
GH,product-8941,140,66.82
KE,product-8942,900,62.12
ZA,product-8943,886,41.38
MA,product-8944,73,20.05
NG,product-8945,772,28.76
GH,product-8946,531,6.30
KE,product-8947,580,98.33
ZA,product-8948,538,27.96
MA,product-8949,6,57.65
NG,product-8950,292,68.05
GH,product-8951,943,35.39
KE,product-8952,823,42.05
ZA,product-8953,644,42.78
MA,product-8954,222,20.69
NG,product-8955,40,35.75
GH,product-8956,176,76.44
KE,product-8957,929,16.32
ZA,product-8958,691,49.24
MA,product-8959,476,50.15
NG,product-8960,536,86.02
GH,product-8961,62,31.15
KE,product-8962,952,77.64
ZA,product-8963,162,79.45
MA,product-8964,241,83.63
NG,product-8965,893,54.00
GH,product-8966,416,30.49
KE,product-8967,591,41.09
ZA,product-8968,554,99.79
MA,product-8969,445,77.50
NG,product-8970,198,14.94
GH,product-8971,734,14.90
KE,product-8972,566,28.67
ZA,product-8973,68,32.86
MA,product-8974,602,91.12
NG,product-8975,256,30.95
GH,product-8976,35,18.97
KE,product-8977,560,46.09
ZA,product-8978,965,88.81
MA,product-8979,2,46.00
NG,product-8980,442,33.63
GH,product-8981,47,69.60
KE,product-8982,153,80.81
ZA,product-8983,561,44.91
MA,product-8984,363,32.02
NG,product-8985,34,97.79
GH,product-8986,459,50.25
KE,product-8987,53,73.58
ZA,product-8988,251,59.78
MA,product-8989,45,5.85
NG,product-8990,142,76.96
GH,product-8991,69,5.43
KE,product-8992,340,52.28
ZA,product-8993,23,58.35
MA,product-8994,838,21.82
NG,product-8995,250,92.79
GH,product-8996,565,54.94
KE,product-8997,30,8.49
ZA,product-8998,116,79.22
MA,product-8999,797,19.31
NG,product-9000,656,99.54
GH,product-9001,120,93.97
KE,product-9002,584,68.45
ZA,product-9003,517,71.05
MA,product-9004,46,85.50
NG,product-9005,211,42.53
GH,product-9006,497,82.68
KE,product-9007,902,55.31
ZA,product-9008,490,87.73
MA,product-9009,648,29.67
NG,product-9010,829,75.18
GH,product-9011,860,53.35
KE,product-9012,490,17.25
ZA,product-9013,794,93.06
MA,product-9014,478,2.89
NG,product-9015,815,75.79
GH,product-9016,109,73.99
KE,product-9017,33,0.34
ZA,product-9018,294,0.02
MA,product-9019,622,29.28
NG,product-9020,111,8.64
GH,product-9021,14,33.93
KE,product-9022,779,80.07
ZA,product-9023,997,20.82
MA,product-9024,795,43.99
NG,product-9025,116,33.10
GH,product-9026,50,40.35
KE,product-9027,996,44.19
ZA,product-9028,676,84.48
MA,product-9029,942,11.39
NG,product-9030,13,88.28
GH,product-9031,995,69.55
KE,product-9032,312,98.87
ZA,product-9033,548,41.54
MA,product-9034,913,62.09
NG,product-9035,570,32.26
GH,product-9036,171,16.08
KE,product-9037,350,5.70
ZA,product-9038,784,59.06
MA,product-9039,698,1.73
NG,product-9040,192,35.04
GH,product-9041,254,45.74
KE,product-9042,388,40.42
ZA,product-9043,339,6.48
MA,product-9044,512,73.17
NG,product-9045,443,77.98
GH,product-9046,46,94.46
KE,product-9047,880,93.79
ZA,product-9048,758,1.67
MA,product-9049,962,16.63
NG,product-9050,814,97.13
GH,product-9051,61,13.02
KE,product-9052,851,98.83
ZA,product-9053,195,55.87
MA,product-9054,738,16.68
NG,product-9055,72,12.17
GH,product-9056,703,3.93
KE,product-9057,673,54.12
ZA,product-9058,602,90.55
MA,product-9059,723,23.53
NG,product-9060,597,23.48
GH,product-9061,514,5.38
KE,product-9062,932,62.21
ZA,product-9063,756,93.16
MA,product-9064,831,78.91
NG,product-9065,455,34.05
GH,product-9066,905,59.86
KE,product-9067,881,26.56
ZA,product-9068,962,5.01
MA,product-9069,17,68.50
NG,product-9070,164,25.05
GH,product-9071,58,36.51
KE,product-9072,355,51.95
ZA,product-9073,87,63.14
MA,product-9074,947,84.71
NG,product-9075,654,6.79
GH,product-9076,13,89.55
KE,product-9077,884,28.38
ZA,product-9078,237,69.76
MA,product-9079,396,23.79
NG,product-9080,616,49.37
GH,product-9081,824,86.66
KE,product-9082,96,85.57
ZA,product-9083,470,77.33
MA,product-9084,130,86.67
NG,product-9085,942,83.11
GH,product-9086,991,42.51
KE,product-9087,134,75.51
ZA,product-9088,737,79.92
MA,product-9089,588,89.42
NG,product-9090,639,85.55
GH,product-9091,646,1.62
KE,product-9092,378,88.93
ZA,product-9093,436,23.51
MA,product-9094,600,16.71
NG,product-9095,579,13.20
GH,product-9096,851,49.60
KE,product-9097,887,58.65
ZA,product-9098,29,65.07
MA,product-9099,486,20.94
NG,product-9100,915,96.67
GH,product-9101,442,92.10
KE,product-9102,269,21.60
ZA,product-9103,366,79.63
MA,product-9104,222,48.92
NG,product-9105,392,67.45
GH,product-9106,291,7.34
KE,product-9107,362,4.87
ZA,product-9108,608,60.85
MA,product-9109,270,81.75
NG,product-9110,149,52.08
GH,product-9111,159,38.18
KE,product-9112,834,34.36
ZA,product-9113,644,4.08
MA,product-9114,649,47.80
NG,product-9115,822,28.21
GH,product-9116,96,31.83
KE,product-9117,608,3.44
ZA,product-9118,481,13.21
MA,product-9119,244,48.31
NG,product-9120,488,74.91
GH,product-9121,29,91.57
KE,product-9122,328,55.93
ZA,product-9123,611,41.22
MA,product-9124,599,46.18
NG,product-9125,607,18.33
GH,product-9126,174,20.04
KE,product-9127,225,21.93
ZA,product-9128,680,83.22
MA,product-9129,786,13.17
NG,product-9130,814,65.57
GH,product-9131,298,12.35
KE,product-9132,894,16.60
ZA,product-9133,95,50.77
MA,product-9134,556,64.69
NG,product-9135,806,51.75
GH,product-9136,553,75.25
KE,product-9137,664,99.94
ZA,product-9138,872,1.35
MA,product-9139,262,47.10
NG,product-9140,881,31.49
GH,product-9141,241,24.22
KE,product-9142,662,94.54
ZA,product-9143,375,30.27
MA,product-9144,729,25.25
NG,product-9145,616,23.40
GH,product-9146,738,67.49
KE,product-9147,966,62.81
ZA,product-9148,780,21.74
MA,product-9149,37,51.52
NG,product-9150,344,72.76
GH,product-9151,991,53.31
KE,product-9152,331,95.72
ZA,product-9153,338,34.70
MA,product-9154,580,84.38
NG,product-9155,727,4.50
GH,product-9156,252,76.29
KE,product-9157,685,2.84
ZA,product-9158,144,23.50
MA,product-9159,389,42.38
NG,product-9160,374,61.43
GH,product-9161,232,49.86
KE,product-9162,930,42.21
ZA,product-9163,385,49.44
MA,product-9164,790,15.48
NG,product-9165,202,91.83
GH,product-9166,763,66.95
KE,product-9167,313,66.84
ZA,product-9168,719,36.86
MA,product-9169,627,28.17
NG,product-9170,889,65.76
GH,product-9171,484,50.29
KE,product-9172,141,77.97
ZA,product-9173,245,40.73
MA,product-9174,140,82.68
NG,product-9175,65,75.59
GH,product-9176,774,95.31
KE,product-9177,528,70.40
ZA,product-9178,372,35.18
MA,product-9179,209,36.44
NG,product-9180,550,13.77
GH,product-9181,66,31.48
KE,product-9182,536,43.96
ZA,product-9183,693,84.26
MA,product-9184,535,67.27
NG,product-9185,543,90.93
GH,product-9186,365,16.99
KE,product-9187,973,8.20
ZA,product-9188,705,96.59
MA,product-9189,587,29.92
NG,product-9190,984,51.62
GH,product-9191,223,21.21
KE,product-9192,154,40.94
ZA,product-9193,947,11.00
MA,product-9194,110,78.07
NG,product-9195,846,81.94
GH,product-9196,57,49.17
KE,product-9197,149,55.89
ZA,product-9198,159,43.88
MA,product-9199,850,93.48
NG,product-9200,832,7.22
GH,product-9201,506,37.17
KE,product-9202,928,25.04
ZA,product-9203,662,88.56
MA,product-9204,477,37.16
NG,product-9205,412,9.83
GH,product-9206,443,55.49
KE,product-9207,769,51.64
ZA,product-9208,637,33.89
MA,product-9209,669,65.11
NG,product-9210,668,77.83
GH,product-9211,861,28.29
KE,product-9212,571,39.86
ZA,product-9213,138,54.97
MA,product-9214,338,12.15
NG,product-9215,239,70.21
GH,product-9216,495,80.23
KE,product-9217,788,29.99
ZA,product-9218,256,80.95
MA,product-9219,669,79.51
NG,product-9220,492,10.82
GH,product-9221,420,67.01
KE,product-9222,744,5.13
ZA,product-9223,271,61.09
MA,product-9224,45,35.60
NG,product-9225,285,79.14
GH,product-9226,950,26.25
KE,product-9227,343,30.94
ZA,product-9228,624,72.62
MA,product-9229,774,90.60
NG,product-9230,36,39.23
GH,product-9231,42,45.49
KE,product-9232,567,6.39
ZA,product-9233,692,3.22
MA,product-9234,347,66.63
NG,product-9235,689,81.08
GH,product-9236,716,22.18
KE,product-9237,312,72.73
ZA,product-9238,284,1.30
MA,product-9239,962,54.21
NG,product-9240,707,54.33
GH,product-9241,601,89.57
KE,product-9242,248,55.84
ZA,product-9243,725,46.61
MA,product-9244,280,43.34
NG,product-9245,801,64.32
GH,product-9246,133,64.70
KE,product-9247,534,30.24
ZA,product-9248,694,99.59
MA,product-9249,308,76.96
NG,product-9250,537,72.76
GH,product-9251,610,23.55
KE,product-9252,48,65.55
ZA,product-9253,154,70.17
MA,product-9254,403,21.32
NG,product-9255,425,87.79
GH,product-9256,756,98.74
KE,product-9257,683,66.06
ZA,product-9258,46,10.97
MA,product-9259,652,90.69
NG,product-9260,654,0.49
GH,product-9261,594,48.57
KE,product-9262,6,4.90
ZA,product-9263,114,26.11
MA,product-9264,278,20.05
NG,product-9265,288,36.31
GH,product-9266,235,1.20
KE,product-9267,40,42.07
ZA,product-9268,567,32.96
MA,product-9269,931,13.91
NG,product-9270,904,24.46
GH,product-9271,753,1.87
KE,product-9272,174,23.79
ZA,product-9273,556,91.47
MA,product-9274,632,43.72
NG,product-9275,164,26.20
GH,product-9276,513,88.46
KE,product-9277,768,71.41
ZA,product-9278,155,32.24
MA,product-9279,306,35.52
NG,product-9280,433,56.92
GH,product-9281,819,80.74
KE,product-9282,958,14.60
ZA,product-9283,825,3.75
MA,product-9284,4,78.96
NG,product-9285,434,37.60
GH,product-9286,766,98.23
KE,product-9287,799,83.47
ZA,product-9288,695,40.25
MA,product-9289,571,72.94
NG,product-9290,775,17.45
GH,product-9291,304,5.23
KE,product-9292,992,4.33
ZA,product-9293,394,2.38
MA,product-9294,901,4.69
NG,product-9295,572,38.16
GH,product-9296,357,83.33
KE,product-9297,133,21.28
ZA,product-9298,716,69.34
MA,product-9299,711,94.19
NG,product-9300,285,40.60
GH,product-9301,204,37.73
KE,product-9302,511,7.60
ZA,product-9303,234,54.66
MA,product-9304,728,80.95
NG,product-9305,797,73.06
GH,product-9306,334,2.05
KE,product-9307,981,27.62
ZA,product-9308,299,93.06
MA,product-9309,966,23.23
NG,product-9310,940,16.59
GH,product-9311,453,66.04
KE,product-9312,297,68.68
ZA,product-9313,166,87.84
MA,product-9314,616,16.95
NG,product-9315,600,38.30
GH,product-9316,799,90.20
KE,product-9317,770,28.44
ZA,product-9318,7,97.49
MA,product-9319,658,24.93
NG,product-9320,781,62.72
GH,product-9321,163,36.25
KE,product-9322,332,78.29
ZA,product-9323,977,84.23
MA,product-9324,483,47.65
NG,product-9325,948,1.68
GH,product-9326,767,91.22
KE,product-9327,147,29.48
ZA,product-9328,446,56.79
MA,product-9329,524,20.20
NG,product-9330,710,4.28
GH,product-9331,555,54.21
KE,product-9332,626,18.11
ZA,product-9333,976,18.49
MA,product-9334,249,33.26
NG,product-9335,657,40.36
GH,product-9336,961,1.19
KE,product-9337,413,14.16
ZA,product-9338,440,83.89
MA,product-9339,232,86.18
NG,product-9340,915,38.24
GH,product-9341,62,31.46
KE,product-9342,643,73.68
ZA,product-9343,580,71.94
MA,product-9344,412,77.15
NG,product-9345,265,79.91
GH,product-9346,235,80.25
KE,product-9347,22,8.33
ZA,product-9348,810,40.89
MA,product-9349,497,94.80
NG,product-9350,690,86.74
GH,product-9351,805,32.59
KE,product-9352,770,18.61
ZA,product-9353,455,7.15
MA,product-9354,96,74.72
NG,product-9355,909,66.47
GH,product-9356,499,56.46
KE,product-9357,998,87.69
ZA,product-9358,415,58.50
MA,product-9359,167,32.89
NG,product-9360,317,7.05
GH,product-9361,185,50.42
KE,product-9362,653,13.08
ZA,product-9363,321,91.66
MA,product-9364,243,12.29
NG,product-9365,996,91.44
GH,product-9366,546,45.52
KE,product-9367,811,8.74
ZA,product-9368,939,16.10
MA,product-9369,775,35.77
NG,product-9370,182,60.90
GH,product-9371,937,85.28
KE,product-9372,485,54.79
ZA,product-9373,675,73.65
MA,product-9374,30,44.59
NG,product-9375,175,99.81
GH,product-9376,770,63.46
KE,product-9377,969,46.82
ZA,product-9378,150,40.18
MA,product-9379,222,18.16
NG,product-9380,604,35.03
GH,product-9381,562,86.31
KE,product-9382,760,76.15
ZA,product-9383,119,92.56
MA,product-9384,679,11.12
NG,product-9385,785,81.27
GH,product-9386,37,51.44
KE,product-9387,228,84.97
ZA,product-9388,789,46.78
MA,product-9389,194,34.48
NG,product-9390,533,91.21
GH,product-9391,169,81.83
KE,product-9392,403,36.31
ZA,product-9393,841,2.01
MA,product-9394,887,17.40
NG,product-9395,861,89.48
GH,product-9396,416,68.00
KE,product-9397,337,56.32
ZA,product-9398,489,35.79
MA,product-9399,160,67.06
NG,product-9400,684,15.89
GH,product-9401,161,64.18
KE,product-9402,613,43.01
ZA,product-9403,89,96.17
MA,product-9404,250,67.25
NG,product-9405,984,68.32
GH,product-9406,970,28.50
KE,product-9407,908,94.06
ZA,product-9408,91,36.68
MA,product-9409,547,6.81
NG,product-9410,333,98.13
GH,product-9411,254,3.16
KE,product-9412,18,29.23
ZA,product-9413,601,66.93
MA,product-9414,678,48.40
NG,product-9415,395,12.61
GH,product-9416,85,72.61
KE,product-9417,867,28.26
ZA,product-9418,71,43.69
MA,product-9419,283,61.28
NG,product-9420,433,1.09
GH,product-9421,820,7.44
KE,product-9422,827,85.45
ZA,product-9423,376,5.65
MA,product-9424,171,94.95
NG,product-9425,198,99.73
GH,product-9426,644,49.87
KE,product-9427,449,71.47
ZA,product-9428,117,70.06
MA,product-9429,570,71.31
NG,product-9430,256,5.33
GH,product-9431,106,48.54
KE,product-9432,397,9.93
ZA,product-9433,398,8.24
MA,product-9434,822,21.09
NG,product-9435,799,94.47
GH,product-9436,342,70.45
KE,product-9437,150,9.19
ZA,product-9438,637,89.56
MA,product-9439,811,28.69
NG,product-9440,127,99.80
GH,product-9441,563,47.96
KE,product-9442,50,27.75
ZA,product-9443,973,6.53
MA,product-9444,855,53.81
NG,product-9445,394,36.53
GH,product-9446,595,51.51
KE,product-9447,323,73.02
ZA,product-9448,906,36.60
MA,product-9449,425,87.37
NG,product-9450,436,97.27
GH,product-9451,403,9.56
KE,product-9452,240,22.17
ZA,product-9453,137,53.24
MA,product-9454,336,43.66
NG,product-9455,853,50.52
GH,product-9456,158,10.90
KE,product-9457,190,87.47
ZA,product-9458,210,97.55
MA,product-9459,739,96.69
NG,product-9460,845,94.81
GH,product-9461,774,70.61
KE,product-9462,988,17.27
ZA,product-9463,503,47.97
MA,product-9464,881,60.66
NG,product-9465,886,64.53
GH,product-9466,266,59.12
KE,product-9467,291,29.25
ZA,product-9468,971,42.29
MA,product-9469,946,39.66
NG,product-9470,580,50.12
GH,product-9471,817,10.14
KE,product-9472,82,95.65
ZA,product-9473,891,22.00
MA,product-9474,811,89.96
NG,product-9475,806,31.02
GH,product-9476,848,88.90
KE,product-9477,827,64.20
ZA,product-9478,875,38.53
MA,product-9479,441,12.55
NG,product-9480,576,49.88
GH,product-9481,993,65.86
KE,product-9482,29,36.09
ZA,product-9483,721,59.96
MA,product-9484,115,51.66
NG,product-9485,938,2.77
GH,product-9486,507,19.72
KE,product-9487,417,97.25
ZA,product-9488,539,59.80
MA,product-9489,847,59.42
NG,product-9490,620,79.41
GH,product-9491,6,19.43
KE,product-9492,656,62.14
ZA,product-9493,296,58.00
MA,product-9494,122,39.48
NG,product-9495,526,93.81
GH,product-9496,17,91.81
KE,product-9497,845,15.02
ZA,product-9498,876,98.05
MA,product-9499,40,0.14
NG,product-9500,66,5.18
GH,product-9501,290,25.78
KE,product-9502,21,5.38
ZA,product-9503,57,1.50
MA,product-9504,811,62.01
NG,product-9505,363,92.83
GH,product-9506,533,0.71
KE,product-9507,490,43.26
ZA,product-9508,808,98.33
MA,product-9509,668,47.23
NG,product-9510,238,95.30
GH,product-9511,487,86.65
KE,product-9512,208,16.21
ZA,product-9513,274,3.94
MA,product-9514,525,54.21
NG,product-9515,197,96.44
GH,product-9516,877,20.21
KE,product-9517,62,36.21
ZA,product-9518,811,82.61
MA,product-9519,95,70.30
NG,product-9520,274,99.77
GH,product-9521,304,76.77
KE,product-9522,534,15.78
ZA,product-9523,353,27.63
MA,product-9524,17,43.98
NG,product-9525,323,38.29
GH,product-9526,624,82.80
KE,product-9527,8,77.17
ZA,product-9528,320,46.10
MA,product-9529,289,4.19
NG,product-9530,200,41.88
GH,product-9531,307,98.29
KE,product-9532,575,3.34
ZA,product-9533,158,6.82
MA,product-9534,909,86.80
NG,product-9535,907,22.07
GH,product-9536,649,10.82
KE,product-9537,725,75.18
ZA,product-9538,865,68.32
MA,product-9539,519,72.97
NG,product-9540,745,6.54
GH,product-9541,216,2.16
KE,product-9542,349,4.23
ZA,product-9543,801,71.57
MA,product-9544,161,57.77
NG,product-9545,552,43.42
GH,product-9546,458,16.04
KE,product-9547,710,89.60
ZA,product-9548,4,20.17
MA,product-9549,316,6.52
NG,product-9550,433,45.90
GH,product-9551,410,48.18
KE,product-9552,788,7.46
ZA,product-9553,313,43.03
MA,product-9554,76,43.67
NG,product-9555,310,84.41
GH,product-9556,74,58.12
KE,product-9557,434,30.67
ZA,product-9558,14,95.58
MA,product-9559,861,99.16
NG,product-9560,263,56.29
GH,product-9561,784,6.06
KE,product-9562,926,74.91
ZA,product-9563,563,5.69
MA,product-9564,209,58.20
NG,product-9565,671,16.56
GH,product-9566,54,13.88
KE,product-9567,662,67.01
ZA,product-9568,666,29.49
MA,product-9569,466,36.20
NG,product-9570,9,99.15
GH,product-9571,602,28.81
KE,product-9572,135,73.56
ZA,product-9573,715,55.78
MA,product-9574,562,13.08
NG,product-9575,543,35.87
GH,product-9576,663,74.65
KE,product-9577,289,95.64
ZA,product-9578,411,18.43
MA,product-9579,30,71.24
NG,product-9580,260,77.72
GH,product-9581,58,46.90
KE,product-9582,328,95.94
ZA,product-9583,749,28.38
MA,product-9584,482,68.57
NG,product-9585,799,70.99
GH,product-9586,816,65.06
KE,product-9587,625,33.72
ZA,product-9588,50,12.79
MA,product-9589,383,84.44
NG,product-9590,513,94.69
GH,product-9591,674,9.65
KE,product-9592,79,11.60
ZA,product-9593,353,42.47
MA,product-9594,870,62.56
NG,product-9595,423,94.39
GH,product-9596,475,81.23
KE,product-9597,670,13.06
ZA,product-9598,680,87.82
MA,product-9599,585,75.04
NG,product-9600,806,35.39
GH,product-9601,767,44.54
KE,product-9602,348,90.35
ZA,product-9603,174,60.86
MA,product-9604,655,77.70
NG,product-9605,6,83.05
GH,product-9606,803,0.16
KE,product-9607,636,39.85
ZA,product-9608,212,74.10
MA,product-9609,920,19.35
NG,product-9610,326,24.21
GH,product-9611,289,33.56
KE,product-9612,17,81.33
ZA,product-9613,978,2.28
MA,product-9614,458,91.51
NG,product-9615,901,1.04
GH,product-9616,882,89.05
KE,product-9617,144,87.93
ZA,product-9618,269,1.60
MA,product-9619,856,10.35
NG,product-9620,517,51.69
GH,product-9621,288,38.62
KE,product-9622,476,20.69
ZA,product-9623,114,53.09
MA,product-9624,615,67.86
NG,product-9625,65,17.92
GH,product-9626,645,97.00
KE,product-9627,137,16.05
ZA,product-9628,721,58.21
MA,product-9629,117,68.60
NG,product-9630,311,49.52
GH,product-9631,259,79.74
KE,product-9632,842,53.76
ZA,product-9633,31,31.33
MA,product-9634,825,42.09
NG,product-9635,346,53.24
GH,product-9636,920,20.24
KE,product-9637,730,59.01
ZA,product-9638,453,97.72
MA,product-9639,347,52.17
NG,product-9640,608,66.58
GH,product-9641,953,61.09
KE,product-9642,643,46.16
ZA,product-9643,323,96.05
MA,product-9644,131,36.19
NG,product-9645,490,32.42
GH,product-9646,985,49.93
KE,product-9647,166,25.33
ZA,product-9648,788,11.27
MA,product-9649,436,60.41
NG,product-9650,66,64.88
GH,product-9651,611,1.81
KE,product-9652,36,78.35
ZA,product-9653,809,56.20
MA,product-9654,516,75.40
NG,product-9655,95,31.81
GH,product-9656,886,98.42
KE,product-9657,62,77.83
ZA,product-9658,743,57.97
MA,product-9659,433,97.06
NG,product-9660,389,46.01
GH,product-9661,202,60.04
KE,product-9662,288,57.90
ZA,product-9663,581,86.47
MA,product-9664,475,28.96
NG,product-9665,430,73.96
GH,product-9666,13,33.54
KE,product-9667,528,82.76
ZA,product-9668,436,12.41
MA,product-9669,699,76.13
NG,product-9670,228,22.26
GH,product-9671,254,13.59
KE,product-9672,13,78.45
ZA,product-9673,963,43.32
MA,product-9674,173,14.55
NG,product-9675,667,35.63
GH,product-9676,192,73.75
KE,product-9677,190,95.63
ZA,product-9678,42,91.34
MA,product-9679,92,68.67
NG,product-9680,409,39.86
GH,product-9681,344,93.77
KE,product-9682,301,30.60
ZA,product-9683,130,47.69
MA,product-9684,689,95.42
NG,product-9685,424,75.26
GH,product-9686,187,91.14
KE,product-9687,512,91.93
ZA,product-9688,386,52.69
MA,product-9689,144,11.35
NG,product-9690,78,96.51
GH,product-9691,782,11.52
KE,product-9692,292,12.61
ZA,product-9693,671,6.18
MA,product-9694,506,35.15
NG,product-9695,556,33.30
GH,product-9696,943,24.39
KE,product-9697,290,96.80
ZA,product-9698,172,40.89
MA,product-9699,954,4.20
NG,product-9700,384,16.30
GH,product-9701,128,87.12
KE,product-9702,118,40.27
ZA,product-9703,474,42.87
MA,product-9704,152,48.73
NG,product-9705,548,69.64
GH,product-9706,5,30.91
KE,product-9707,606,77.70
ZA,product-9708,69,57.84
MA,product-9709,505,31.12
NG,product-9710,512,77.63
GH,product-9711,136,7.62
KE,product-9712,888,16.85
ZA,product-9713,750,79.20
MA,product-9714,349,10.94
NG,product-9715,32,63.14
GH,product-9716,217,52.53
KE,product-9717,570,15.94
ZA,product-9718,178,79.37
MA,product-9719,641,48.25
NG,product-9720,634,54.04
GH,product-9721,222,79.57
KE,product-9722,350,28.97
ZA,product-9723,494,67.75
MA,product-9724,41,68.53
NG,product-9725,129,62.88
GH,product-9726,573,60.49
KE,product-9727,180,17.42
ZA,product-9728,900,88.09
MA,product-9729,398,65.25
NG,product-9730,893,42.67
GH,product-9731,130,21.48
KE,product-9732,824,2.77
ZA,product-9733,265,82.01
MA,product-9734,470,74.77
NG,product-9735,113,54.19
GH,product-9736,825,19.30
KE,product-9737,134,10.96
ZA,product-9738,349,79.69
MA,product-9739,759,76.19
NG,product-9740,170,63.72
GH,product-9741,832,72.66
KE,product-9742,838,32.09
ZA,product-9743,106,87.48
MA,product-9744,937,86.66
NG,product-9745,479,70.26
GH,product-9746,826,78.13
KE,product-9747,896,47.35
ZA,product-9748,799,20.01
MA,product-9749,507,74.45
NG,product-9750,611,88.22
GH,product-9751,263,55.43
KE,product-9752,432,55.28
ZA,product-9753,47,62.26
MA,product-9754,612,20.36
NG,product-9755,3,41.41
GH,product-9756,719,35.75
KE,product-9757,373,0.81
ZA,product-9758,293,23.38
MA,product-9759,114,71.26
NG,product-9760,619,17.39
GH,product-9761,649,27.09
KE,product-9762,853,81.60
ZA,product-9763,118,69.56
MA,product-9764,838,20.77
NG,product-9765,515,23.69
GH,product-9766,846,58.76
KE,product-9767,89,8.27
ZA,product-9768,599,70.90
MA,product-9769,221,35.26
NG,product-9770,694,85.31
GH,product-9771,395,85.72
KE,product-9772,455,55.97
ZA,product-9773,388,73.67
MA,product-9774,685,79.86
NG,product-9775,445,54.51
GH,product-9776,118,66.68
KE,product-9777,941,52.75
ZA,product-9778,397,83.12
MA,product-9779,876,88.43
NG,product-9780,819,8.65
GH,product-9781,395,3.04
KE,product-9782,931,60.99
ZA,product-9783,967,70.12
MA,product-9784,786,6.92
NG,product-9785,753,50.38
GH,product-9786,12,83.96
KE,product-9787,688,52.92
ZA,product-9788,988,40.71
MA,product-9789,99,83.00
NG,product-9790,370,40.72
GH,product-9791,483,37.62
KE,product-9792,996,21.87
ZA,product-9793,649,35.37
MA,product-9794,75,58.21
NG,product-9795,191,36.64
GH,product-9796,35,73.80
KE,product-9797,944,66.13
ZA,product-9798,62,90.45
MA,product-9799,322,21.85
NG,product-9800,62,19.31
GH,product-9801,262,44.66
KE,product-9802,647,16.83
ZA,product-9803,525,75.46
MA,product-9804,909,31.62
NG,product-9805,820,17.67
GH,product-9806,235,43.02
KE,product-9807,192,86.68
ZA,product-9808,575,55.54
MA,product-9809,801,25.29
NG,product-9810,648,7.57
GH,product-9811,476,26.19
KE,product-9812,77,47.54
ZA,product-9813,54,69.97
MA,product-9814,235,72.31
NG,product-9815,408,76.84
GH,product-9816,171,55.38
KE,product-9817,657,81.02
ZA,product-9818,949,53.04
MA,product-9819,197,11.15
NG,product-9820,681,98.71
GH,product-9821,453,48.77
KE,product-9822,356,9.24
ZA,product-9823,659,46.98
MA,product-9824,676,14.41
NG,product-9825,935,13.37
GH,product-9826,797,82.78
KE,product-9827,749,74.25
ZA,product-9828,960,80.37
MA,product-9829,928,48.63
NG,product-9830,2,88.24
GH,product-9831,842,50.27
KE,product-9832,122,21.99
ZA,product-9833,24,87.72
MA,product-9834,969,3.67
NG,product-9835,547,70.23
GH,product-9836,844,24.93
KE,product-9837,489,88.96
ZA,product-9838,674,47.48
MA,product-9839,748,16.56
NG,product-9840,653,32.74
GH,product-9841,244,69.16
KE,product-9842,369,50.99
ZA,product-9843,534,77.87
MA,product-9844,786,44.85
NG,product-9845,97,85.17
GH,product-9846,855,39.52
KE,product-9847,734,5.54
ZA,product-9848,638,50.22
MA,product-9849,547,18.48
NG,product-9850,44,29.59
GH,product-9851,400,41.49
KE,product-9852,849,44.67
ZA,product-9853,784,82.59
MA,product-9854,480,57.49
NG,product-9855,483,88.48
GH,product-9856,351,25.00
KE,product-9857,842,74.36
ZA,product-9858,555,43.05
MA,product-9859,748,94.99
NG,product-9860,629,79.84
GH,product-9861,106,95.56
KE,product-9862,126,85.31
ZA,product-9863,806,32.00
MA,product-9864,365,16.79
NG,product-9865,538,42.57
GH,product-9866,66,83.70
KE,product-9867,374,14.80
ZA,product-9868,712,0.16
MA,product-9869,965,44.22
NG,product-9870,383,10.91
GH,product-9871,609,59.22
KE,product-9872,670,29.36
ZA,product-9873,84,42.27
MA,product-9874,406,95.84
NG,product-9875,850,13.19
GH,product-9876,72,25.23
KE,product-9877,70,74.86
ZA,product-9878,892,86.01
MA,product-9879,130,40.37
NG,product-9880,20,85.04
GH,product-9881,614,50.70
KE,product-9882,615,63.26
ZA,product-9883,171,8.15
MA,product-9884,813,73.79
NG,product-9885,327,99.21
GH,product-9886,82,18.31
KE,product-9887,572,44.78
ZA,product-9888,641,83.88
MA,product-9889,431,43.23
NG,product-9890,654,79.89
GH,product-9891,739,54.04
KE,product-9892,973,49.18
ZA,product-9893,425,73.79
MA,product-9894,587,96.78
NG,product-9895,47,28.54
GH,product-9896,357,14.60
KE,product-9897,221,41.36
ZA,product-9898,692,46.86
MA,product-9899,789,3.97
NG,product-9900,617,92.93
GH,product-9901,505,63.81
KE,product-9902,161,43.11
ZA,product-9903,523,94.84
MA,product-9904,669,43.47
NG,product-9905,501,80.28
GH,product-9906,330,25.06
KE,product-9907,433,62.44
ZA,product-9908,7,16.27
MA,product-9909,936,63.55
NG,product-9910,300,0.22
GH,product-9911,59,7.18
KE,product-9912,628,27.10
ZA,product-9913,950,37.18
MA,product-9914,508,29.30
NG,product-9915,309,71.90
GH,product-9916,547,67.15
KE,product-9917,613,63.57
ZA,product-9918,669,70.49
MA,product-9919,864,24.42
NG,product-9920,806,3.66
GH,product-9921,487,41.85
KE,product-9922,873,30.77
ZA,product-9923,352,54.16
MA,product-9924,585,50.76
NG,product-9925,603,28.94
GH,product-9926,665,66.35
KE,product-9927,860,12.62
ZA,product-9928,905,71.65
MA,product-9929,837,29.16
NG,product-9930,899,44.00
GH,product-9931,496,52.37
KE,product-9932,846,36.38
ZA,product-9933,303,89.85
MA,product-9934,192,26.89
NG,product-9935,367,62.59
GH,product-9936,856,10.93
KE,product-9937,795,48.67
ZA,product-9938,474,16.08
MA,product-9939,728,36.86
NG,product-9940,465,39.75
GH,product-9941,947,21.25
KE,product-9942,444,81.44
ZA,product-9943,848,8.99
MA,product-9944,568,74.06
NG,product-9945,553,36.81
GH,product-9946,224,46.59
KE,product-9947,736,3.87
ZA,product-9948,10,78.12
MA,product-9949,762,88.62
NG,product-9950,597,67.25
GH,product-9951,84,22.51
KE,product-9952,285,19.63
ZA,product-9953,450,37.01
MA,product-9954,785,3.35
NG,product-9955,554,88.11
GH,product-9956,808,0.83
KE,product-9957,168,45.17
ZA,product-9958,780,77.48
MA,product-9959,111,28.32
NG,product-9960,868,62.47
GH,product-9961,156,7.99
KE,product-9962,127,66.76
ZA,product-9963,431,32.66
MA,product-9964,202,83.17
NG,product-9965,27,18.36
GH,product-9966,901,86.99
KE,product-9967,481,74.18
ZA,product-9968,991,33.94
MA,product-9969,93,65.49
NG,product-9970,475,69.31
GH,product-9971,518,84.84
KE,product-9972,412,65.18
ZA,product-9973,779,8.97
MA,product-9974,876,10.63
NG,product-9975,109,13.40
GH,product-9976,648,96.75
KE,product-9977,727,70.18
ZA,product-9978,750,37.71
MA,product-9979,655,4.51
NG,product-9980,217,24.79
GH,product-9981,338,0.01
KE,product-9982,987,57.75
ZA,product-9983,198,2.57
MA,product-9984,63,25.75
NG,product-9985,889,42.24
GH,product-9986,521,81.34
KE,product-9987,901,61.00
ZA,product-9988,341,79.32
MA,product-9989,159,32.74
NG,product-9990,622,51.68
GH,product-9991,550,32.67
KE,product-9992,380,41.92
ZA,product-9993,158,78.69
MA,product-9994,438,13.90
NG,product-9995,694,74.27
GH,product-9996,603,48.67
KE,product-9997,13,67.21
ZA,product-9998,104,76.89
MA,product-9999,723,47.90
