countries, product, quantity, price
NG,Product-0,689,77.22
GH,Product-1,465,52.39
KE,Product-2,456,88.41
ZA,Product-3,838,38.87
MA,Product-4,144,22.67
NG,Product-5,441,69.89
GH,Product-6,174,13.94
KE,Product-7,352,93.84
ZA,Product-8,231,90.18
MA,Product-9,348,24.81
NG,Product-10,606,14.11
GH,Product-11,26,79.88
KE,Product-12,506,15.18
ZA,Product-13,900,78.48
MA,Product-14,725,75.10
NG,Product-15,387,98.18
GH,Product-16,517,85.60
KE,Product-17,2,47.45
ZA,Product-18,68,44.93
MA,Product-19,135,74.77
NG,Product-20,789,51.18
GH,Product-21,45,3.18
KE,Product-22,718,7.91
ZA,Product-23,337,18.92
MA,Product-24,342,73.05
NG,Product-25,928,5.87
GH,Product-26,816,96.32
KE,Product-27,813,80.20
ZA,Product-28,315,38.69
MA,Product-29,658,51.97
NG,Product-30,77,46.72
GH,Product-31,333,97.64
KE,Product-32,139,50.40
ZA,Product-33,575,34.62
MA,Product-34,251,39.45
NG,Product-35,319,20.60
GH,Product-36,618,91.29
KE,Product-37,277,93.45
ZA,Product-38,911,26.18
MA,Product-39,474,22.64
NG,Product-40,591,11.77
GH,Product-41,635,79.89
KE,Product-42,791,64.18
ZA,Product-43,778,57.40
MA,Product-44,723,5.68
NG,Product-45,841,52.72
GH,Product-46,495,88.64
KE,Product-47,669,44.18
ZA,Product-48,40,84.95
MA,Product-49,501,40.63
NG,Product-50,679,91.87
GH,Product-51,130,96.74
KE,Product-52,689,49.39
ZA,Product-53,462,97.88
MA,Product-54,202,12.34
NG,Product-55,513,26.73
GH,Product-56,914,53.78
KE,Product-57,321,9.04
ZA,Product-58,405,69.69
MA,Product-59,87,32.62
NG,Product-60,672,40.01
GH,Product-61,108,50.34
KE,Product-62,323,83.09
ZA,Product-63,983,4.66
MA,Product-64,687,4.17
NG,Product-65,827,15.97
GH,Product-66,538,68.86
KE,Product-67,759,83.76
ZA,Product-68,371,8.92
MA,Product-69,419,89.44
NG,Product-70,660,94.15
GH,Product-71,414,2.18
KE,Product-72,905,39.30
ZA,Product-73,212,39.31
MA,Product-74,507,1.80
NG,Product-75,547,38.52
GH,Product-76,335,42.27
KE,Product-77,415,66.92
ZA,Product-78,893,26.75
MA,Product-79,511,72.89
NG,Product-80,268,6.91
GH,Product-81,43,32.75
KE,Product-82,112,39.00
ZA,Product-83,888,50.12
MA,Product-84,246,67.42
NG,Product-85,756,21.12
GH,Product-86,157,84.21
KE,Product-87,712,29.32
ZA,Product-88,4,6.17
MA,Product-89,991,71.08
NG,Product-90,804,69.98
GH,Product-91,151,6.20
KE,Product-92,371,39.83
ZA,Product-93,173,15.73
MA,Product-94,862,38.82
NG,Product-95,110,83.22
GH,Product-96,970,95.65
KE,Product-97,375,43.36
ZA,Product-98,994,58.45
MA,Product-99,429,52.93
NG,Product-100,379,13.41
GH,Product-101,423,77.34
KE,Product-102,976,2.34
ZA,Product-103,966,75.14
MA,Product-104,588,78.67
NG,Product-105,14,89.57
GH,Product-106,54,24.12
KE,Product-107,285,1.71
ZA,Product-108,831,40.49
MA,Product-109,564,17.48
NG,Product-110,207,15.86
GH,Product-111,462,85.88
KE,Product-112,421,81.87
ZA,Product-113,791,12.64
MA,Product-114,896,83.60
NG,Product-115,355,6.86
GH,Product-116,952,32.21
KE,Product-117,357,6.35
ZA,Product-118,804,93.62
MA,Product-119,115,86.92
NG,Product-120,733,63.90
GH,Product-121,745,66.89
KE,Product-122,483,35.78
ZA,Product-123,826,53.55
MA,Product-124,431,64.51
NG,Product-125,60,79.00
GH,Product-126,220,9.06
KE,Product-127,807,58.96
ZA,Product-128,529,52.22
MA,Product-129,463,6.32
NG,Product-130,853,18.30
GH,Product-131,983,17.40
KE,Product-132,129,32.86
ZA,Product-133,945,34.47
MA,Product-134,710,4.45
NG,Product-135,714,48.17
GH,Product-136,508,78.95
KE,Product-137,695,81.64
ZA,Product-138,897,80.73
MA,Product-139,834,80.22
NG,Product-140,686,99.77
GH,Product-141,414,94.12
KE,Product-142,166,86.25
ZA,Product-143,895,42.21
MA,Product-144,847,35.87
NG,Product-145,69,57.15
GH,Product-146,787,21.09
KE,Product-147,515,63.69
ZA,Product-148,699,27.65
MA,Product-149,966,34.70
NG,Product-150,796,3.20
GH,Product-151,254,32.37
KE,Product-152,498,43.23
ZA,Product-153,202,35.22
MA,Product-154,643,34.79
NG,Product-155,668,31.86
GH,Product-156,771,40.26
KE,Product-157,801,15.00
ZA,Product-158,894,20.36
MA,Product-159,221,60.62
NG,Product-160,962,34.99
GH,Product-161,549,55.24
KE,Product-162,262,65.31
ZA,Product-163,206,93.22
MA,Product-164,916,67.25
NG,Product-165,339,12.22
GH,Product-166,747,73.51
KE,Product-167,530,95.65
ZA,Product-168,583,62.16
MA,Product-169,430,89.98
NG,Product-170,493,28.80
GH,Product-171,567,11.56
KE,Product-172,397,25.64
ZA,Product-173,279,9.15
MA,Product-174,314,6.94
NG,Product-175,987,24.63
GH,Product-176,169,78.31
KE,Product-177,437,56.70
ZA,Product-178,621,75.72
MA,Product-179,35,55.45
NG,Product-180,755,46.51
GH,Product-181,54,84.47
KE,Product-182,910,60.74
ZA,Product-183,719,33.77
MA,Product-184,233,63.40
NG,Product-185,374,58.54
GH,Product-186,250,57.65
KE,Product-187,190,65.51
ZA,Product-188,545,43.08
MA,Product-189,451,73.09
NG,Product-190,307,2.70
GH,Product-191,32,47.96
KE,Product-192,33,54.60
ZA,Product-193,225,87.11
MA,Product-194,301,30.33
NG,Product-195,799,13.25
GH,Product-196,710,21.57
KE,Product-197,140,66.13
ZA,Product-198,221,73.31
MA,Product-199,378,13.12
NG,Product-200,909,30.82
GH,Product-201,472,3.06
KE,Product-202,327,5.10
ZA,Product-203,713,8.24
MA,Product-204,238,69.76
NG,Product-205,915,20.21
GH,Product-206,268,71.13
KE,Product-207,943,78.12
ZA,Product-208,235,40.36
MA,Product-209,351,3.62
NG,Product-210,337,10.67
GH,Product-211,48,52.98
KE,Product-212,888,93.07
ZA,Product-213,529,29.86
MA,Product-214,808,46.28
NG,Product-215,851,78.92
GH,Product-216,641,36.72
KE,Product-217,702,0.27
ZA,Product-218,537,72.69
MA,Product-219,521,75.87
NG,Product-220,501,4.75
GH,Product-221,338,85.29
KE,Product-222,781,48.97
ZA,Product-223,299,53.37
MA,Product-224,599,4.46
NG,Product-225,826,64.13
GH,Product-226,91,70.17
KE,Product-227,250,51.20
ZA,Product-228,442,46.11
MA,Product-229,456,49.62
NG,Product-230,427,21.64
GH,Product-231,52,48.32
KE,Product-232,123,63.68
ZA,Product-233,860,76.73
MA,Product-234,388,16.46
NG,Product-235,516,11.37
GH,Product-236,272,24.78
KE,Product-237,115,55.39
ZA,Product-238,869,43.34
MA,Product-239,116,37.11
NG,Product-240,24,24.31
GH,Product-241,755,6.77
KE,Product-242,858,7.53
ZA,Product-243,581,59.99
MA,Product-244,177,91.37
NG,Product-245,365,36.95
GH,Product-246,879,18.97
KE,Product-247,223,55.09
ZA,Product-248,565,72.70
MA,Product-249,716,60.03
NG,Product-250,962,31.33
GH,Product-251,45,25.62
KE,Product-252,40,97.18
ZA,Product-253,617,39.99
MA,Product-254,770,51.16
NG,Product-255,462,83.14
GH,Product-256,369,5.92
KE,Product-257,93,32.79
ZA,Product-258,851,82.93
MA,Product-259,428,35.32
NG,Product-260,145,98.40
GH,Product-261,479,97.10
KE,Product-262,704,11.24
ZA,Product-263,791,63.00
MA,Product-264,442,70.99
NG,Product-265,585,45.17
GH,Product-266,339,94.07
KE,Product-267,499,63.12
ZA,Product-268,637,34.75
MA,Product-269,831,3.46
NG,Product-270,164,45.94
GH,Product-271,725,34.30
KE,Product-272,349,18.01
ZA,Product-273,745,15.90
MA,Product-274,847,66.77
NG,Product-275,481,90.81
GH,Product-276,466,31.33
KE,Product-277,477,96.33
ZA,Product-278,908,39.45
MA,Product-279,304,19.24
NG,Product-280,766,15.07
GH,Product-281,976,15.68
KE,Product-282,646,98.26
ZA,Product-283,326,12.35
MA,Product-284,684,13.72
NG,Product-285,722,23.96
GH,Product-286,146,29.14
KE,Product-287,791,74.69
ZA,Product-288,442,20.60
MA,Product-289,714,18.24
NG,Product-290,942,90.19
GH,Product-291,384,36.02
KE,Product-292,114,14.44
ZA,Product-293,599,33.97
MA,Product-294,52,8.71
NG,Product-295,965,49.79
GH,Product-296,910,1.93
KE,Product-297,488,47.09
ZA,Product-298,254,32.14
MA,Product-299,169,38.00
NG,Product-300,551,2.59
GH,Product-301,322,41.86
KE,Product-302,921,7.36
ZA,Product-303,98,24.31
MA,Product-304,580,79.07
NG,Product-305,531,66.26
GH,Product-306,512,76.27
KE,Product-307,542,51.24
ZA,Product-308,896,49.67
MA,Product-309,451,61.73
NG,Product-310,680,11.11
GH,Product-311,312,46.66
KE,Product-312,90,93.04
ZA,Product-313,619,6.72
MA,Product-314,885,38.71
NG,Product-315,229,74.64
GH,Product-316,132,44.06
KE,Product-317,412,60.77
ZA,Product-318,111,6.62
MA,Product-319,713,80.14
NG,Product-320,723,46.16
GH,Product-321,770,45.18
KE,Product-322,988,2.06
ZA,Product-323,440,86.54
MA,Product-324,45,16.51
NG,Product-325,276,60.15
GH,Product-326,301,84.09
KE,Product-327,339,45.88
ZA,Product-328,747,11.73
MA,Product-329,653,8.03
NG,Product-330,363,32.42
GH,Product-331,428,63.30
KE,Product-332,670,48.71
ZA,Product-333,555,24.63
MA,Product-334,900,61.78
NG,Product-335,805,79.19
GH,Product-336,703,33.22
KE,Product-337,691,20.38
ZA,Product-338,926,70.27
MA,Product-339,494,51.63
NG,Product-340,805,0.64
GH,Product-341,1,79.37
KE,Product-342,365,69.56
ZA,Product-343,19,0.40
MA,Product-344,106,59.32
NG,Product-345,230,13.50
GH,Product-346,115,25.02
KE,Product-347,690,14.60
ZA,Product-348,958,14.31
MA,Product-349,788,62.46
NG,Product-350,720,54.81
GH,Product-351,728,83.91
KE,Product-352,852,29.13
ZA,Product-353,876,46.61
MA,Product-354,123,31.97
NG,Product-355,632,26.67
GH,Product-356,431,94.92
KE,Product-357,198,52.05
ZA,Product-358,966,12.74
MA,Product-359,238,87.08
NG,Product-360,581,94.28
GH,Product-361,899,90.48
KE,Product-362,66,77.88
ZA,Product-363,947,86.02
MA,Product-364,991,98.12
NG,Product-365,296,61.29
GH,Product-366,907,68.44
KE,Product-367,762,24.54
ZA,Product-368,451,18.36
MA,Product-369,984,16.24
NG,Product-370,377,35.68
GH,Product-371,634,2.92
KE,Product-372,300,59.03
ZA,Product-373,137,40.81
MA,Product-374,20,86.22
NG,Product-375,888,2.34
GH,Product-376,182,5.65
KE,Product-377,842,46.74
ZA,Product-378,640,78.81
MA,Product-379,802,3.34
NG,Product-380,542,50.33
GH,Product-381,907,57.29
KE,Product-382,748,52.62
ZA,Product-383,227,33.55
MA,Product-384,85,5.69
NG,Product-385,820,10.16
GH,Product-386,612,49.06
KE,Product-387,256,42.88
ZA,Product-388,214,47.48
MA,Product-389,662,67.81
NG,Product-390,503,53.14
GH,Product-391,15,51.70
KE,Product-392,669,0.56
ZA,Product-393,644,93.86
MA,Product-394,598,24.11
NG,Product-395,926,57.06
GH,Product-396,213,76.54
KE,Product-397,389,86.67
ZA,Product-398,906,66.23
MA,Product-399,68,60.25
NG,Product-400,530,63.49
GH,Product-401,901,42.72
KE,Product-402,990,0.66
ZA,Product-403,131,78.57
MA,Product-404,809,74.91
NG,Product-405,817,66.44
GH,Product-406,974,7.81
KE,Product-407,416,56.81
ZA,Product-408,506,70.45
MA,Product-409,582,43.67
NG,Product-410,581,20.33
GH,Product-411,79,28.27
KE,Product-412,737,30.67
ZA,Product-413,510,72.31
MA,Product-414,645,94.64
NG,Product-415,717,99.23
GH,Product-416,439,45.20
KE,Product-417,960,59.82
ZA,Product-418,386,44.47
MA,Product-419,802,45.49
NG,Product-420,542,75.71
GH,Product-421,957,80.14
KE,Product-422,425,44.32
ZA,Product-423,949,75.71
MA,Product-424,425,43.28
NG,Product-425,257,66.54
GH,Product-426,931,84.45
KE,Product-427,980,14.80
ZA,Product-428,71,38.45
MA,Product-429,557,5.09
NG,Product-430,73,28.06
GH,Product-431,492,28.50
KE,Product-432,220,86.07
ZA,Product-433,336,79.10
MA,Product-434,958,21.63
NG,Product-435,286,92.11
GH,Product-436,565,20.50
KE,Product-437,910,24.60
ZA,Product-438,755,19.68
MA,Product-439,619,5.75
NG,Product-440,742,67.64
GH,Product-441,317,59.92
KE,Product-442,878,24.66
ZA,Product-443,593,86.16
MA,Product-444,936,53.76
NG,Product-445,961,78.97
GH,Product-446,776,4.81
KE,Product-447,195,78.73
ZA,Product-448,418,35.18
MA,Product-449,814,41.77
NG,Product-450,829,24.33
GH,Product-451,313,80.84
KE,Product-452,474,16.16
ZA,Product-453,695,31.35
MA,Product-454,659,28.35
NG,Product-455,732,74.41
GH,Product-456,32,77.99
KE,Product-457,835,90.09
ZA,Product-458,331,13.98
MA,Product-459,453,87.04
NG,Product-460,792,35.90
GH,Product-461,860,50.45
KE,Product-462,642,96.30
ZA,Product-463,738,47.11
MA,Product-464,297,94.57
NG,Product-465,496,36.15
GH,Product-466,140,51.37
KE,Product-467,561,17.21
ZA,Product-468,98,32.41
MA,Product-469,720,93.56
NG,Product-470,109,66.85
GH,Product-471,527,1.15
KE,Product-472,256,13.09
ZA,Product-473,236,69.56
MA,Product-474,65,35.91
NG,Product-475,283,15.95
GH,Product-476,979,46.50
KE,Product-477,752,25.51
ZA,Product-478,230,25.62
MA,Product-479,516,5.73
NG,Product-480,43,90.48
GH,Product-481,280,40.16
KE,Product-482,107,95.06
ZA,Product-483,736,30.57
MA,Product-484,644,48.71
NG,Product-485,420,55.30
GH,Product-486,654,78.23
KE,Product-487,935,0.90
ZA,Product-488,672,23.31
MA,Product-489,554,4.48
NG,Product-490,212,74.86
GH,Product-491,677,83.90
KE,Product-492,69,18.50
ZA,Product-493,418,61.69
MA,Product-494,960,35.28
NG,Product-495,771,19.60
GH,Product-496,155,74.89
KE,Product-497,861,3.92
ZA,Product-498,734,98.35
MA,Product-499,739,97.43
NG,Product-500,429,45.92
GH,Product-501,162,68.78
KE,Product-502,515,13.95
ZA,Product-503,143,79.39
MA,Product-504,933,70.42
NG,Product-505,459,84.35
GH,Product-506,549,60.25
KE,Product-507,528,92.02
ZA,Product-508,121,5.77
MA,Product-509,567,75.26
NG,Product-510,38,15.15
GH,Product-511,523,18.44
KE,Product-512,268,69.31
ZA,Product-513,175,51.14
MA,Product-514,925,52.26
NG,Product-515,570,24.14
GH,Product-516,132,39.13
KE,Product-517,602,72.99
ZA,Product-518,165,11.12
MA,Product-519,214,5.57
NG,Product-520,378,6.79
GH,Product-521,212,16.48
KE,Product-522,8,89.78
ZA,Product-523,36,26.52
MA,Product-524,452,33.61
NG,Product-525,449,64.21
GH,Product-526,822,85.45
KE,Product-527,982,1.64
ZA,Product-528,27,11.10
MA,Product-529,553,38.47
NG,Product-530,10,15.06
GH,Product-531,304,98.19
KE,Product-532,178,18.35
ZA,Product-533,879,38.89
MA,Product-534,136,55.53
NG,Product-535,744,0.45
GH,Product-536,319,71.67
KE,Product-537,342,24.51
ZA,Product-538,839,9.89
MA,Product-539,776,33.09
NG,Product-540,276,70.80
GH,Product-541,988,67.81
KE,Product-542,443,70.44
ZA,Product-543,214,48.80
MA,Product-544,984,16.11
NG,Product-545,142,88.44
GH,Product-546,237,88.45
KE,Product-547,538,85.98
ZA,Product-548,270,60.26
MA,Product-549,141,54.28
NG,Product-550,901,71.56
GH,Product-551,869,0.65
KE,Product-552,951,86.52
ZA,Product-553,385,18.03
MA,Product-554,329,1.14
NG,Product-555,892,96.34
GH,Product-556,309,10.69
KE,Product-557,164,38.57
ZA,Product-558,400,19.68
MA,Product-559,954,93.72
NG,Product-560,241,11.12
GH,Product-561,962,23.95
KE,Product-562,943,56.70
ZA,Product-563,723,5.85
MA,Product-564,25,21.66
NG,Product-565,425,16.08
GH,Product-566,859,63.66
KE,Product-567,927,70.34
ZA,Product-568,849,62.98
MA,Product-569,307,50.27
NG,Product-570,714,38.38
GH,Product-571,128,21.43
KE,Product-572,399,32.29
ZA,Product-573,450,7.25
MA,Product-574,929,35.68
NG,Product-575,872,40.08
GH,Product-576,944,50.08
KE,Product-577,97,39.66
ZA,Product-578,74,73.37
MA,Product-579,776,69.12
NG,Product-580,5,43.68
GH,Product-581,758,32.79
KE,Product-582,312,23.51
ZA,Product-583,210,56.24
MA,Product-584,649,53.43
NG,Product-585,87,51.51
GH,Product-586,319,2.59
KE,Product-587,691,22.39
ZA,Product-588,821,23.58
MA,Product-589,752,24.39
NG,Product-590,349,38.09
GH,Product-591,657,47.89
KE,Product-592,705,43.10
ZA,Product-593,518,94.10
MA,Product-594,823,12.96
NG,Product-595,8,90.75
GH,Product-596,266,90.16
KE,Product-597,192,62.00
ZA,Product-598,483,68.63
MA,Product-599,695,45.82
NG,Product-600,583,59.72
GH,Product-601,177,47.97
KE,Product-602,588,88.81
ZA,Product-603,320,0.11
MA,Product-604,35,53.12
NG,Product-605,510,48.68
GH,Product-606,73,32.53
KE,Product-607,852,25.92
ZA,Product-608,788,63.46
MA,Product-609,769,35.31
NG,Product-610,91,61.23
GH,Product-611,124,73.62
KE,Product-612,568,40.84
ZA,Product-613,880,63.52
MA,Product-614,866,3.11
NG,Product-615,925,41.48
GH,Product-616,314,92.64
KE,Product-617,899,74.32
ZA,Product-618,477,49.27
MA,Product-619,298,1.61
NG,Product-620,879,62.47
GH,Product-621,480,41.69
KE,Product-622,645,86.27
ZA,Product-623,418,7.98
MA,Product-624,261,45.58
NG,Product-625,802,48.42
GH,Product-626,172,32.07
KE,Product-627,476,59.98
ZA,Product-628,423,49.95
MA,Product-629,235,40.69
NG,Product-630,885,75.86
GH,Product-631,560,13.95
KE,Product-632,581,52.36
ZA,Product-633,621,78.19
MA,Product-634,950,36.16
NG,Product-635,141,43.26
GH,Product-636,556,36.37
KE,Product-637,521,12.19
ZA,Product-638,385,71.34
MA,Product-639,670,19.19
NG,Product-640,145,39.58
GH,Product-641,888,2.85
KE,Product-642,801,97.03
ZA,Product-643,575,70.72
MA,Product-644,636,88.12
NG,Product-645,104,28.00
GH,Product-646,820,10.99
KE,Product-647,521,96.31
ZA,Product-648,186,96.87
MA,Product-649,797,9.73
NG,Product-650,796,9.89
GH,Product-651,285,6.01
KE,Product-652,997,97.87
ZA,Product-653,232,70.62
MA,Product-654,273,77.08
NG,Product-655,330,1.58
GH,Product-656,503,80.07
KE,Product-657,990,95.15
ZA,Product-658,832,77.13
MA,Product-659,529,35.88
NG,Product-660,224,63.97
GH,Product-661,367,21.02
KE,Product-662,847,57.12
ZA,Product-663,103,9.96
MA,Product-664,721,87.98
NG,Product-665,740,65.91
GH,Product-666,937,21.29
KE,Product-667,71,64.74
ZA,Product-668,218,28.34
MA,Product-669,331,58.41
NG,Product-670,582,77.29
GH,Product-671,743,69.90
KE,Product-672,116,88.74
ZA,Product-673,546,3.52
MA,Product-674,904,9.66
NG,Product-675,756,27.64
GH,Product-676,996,70.20
KE,Product-677,213,58.38
ZA,Product-678,15,72.77
MA,Product-679,937,73.60
NG,Product-680,11,8.17
GH,Product-681,365,81.96
KE,Product-682,259,52.75
ZA,Product-683,923,30.66
MA,Product-684,858,55.98
NG,Product-685,389,87.04
GH,Product-686,132,8.49
KE,Product-687,719,20.56
ZA,Product-688,407,75.31
MA,Product-689,160,57.08
NG,Product-690,383,0.16
GH,Product-691,658,63.46
KE,Product-692,345,59.23
ZA,Product-693,105,43.81
MA,Product-694,674,9.53
NG,Product-695,475,63.88
GH,Product-696,769,86.55
KE,Product-697,400,46.09
ZA,Product-698,331,89.72
MA,Product-699,464,53.06
NG,Product-700,556,15.16
GH,Product-701,711,19.33
KE,Product-702,321,4.72
ZA,Product-703,982,5.59
MA,Product-704,466,20.05
NG,Product-705,899,44.61
GH,Product-706,433,64.11
KE,Product-707,85,47.46
ZA,Product-708,915,45.81
MA,Product-709,995,17.75
NG,Product-710,223,75.80
GH,Product-711,632,52.22
KE,Product-712,658,87.85
ZA,Product-713,547,43.56
MA,Product-714,327,63.32
NG,Product-715,34,27.79
GH,Product-716,906,7.29
KE,Product-717,177,45.37
ZA,Product-718,422,81.38
MA,Product-719,803,31.07
NG,Product-720,924,61.79
GH,Product-721,419,11.32
KE,Product-722,277,30.83
ZA,Product-723,422,11.80
MA,Product-724,816,90.91
NG,Product-725,734,12.52
GH,Product-726,125,60.29
KE,Product-727,53,34.47
ZA,Product-728,559,49.02
MA,Product-729,585,29.45
NG,Product-730,727,92.10
GH,Product-731,34,36.84
KE,Product-732,924,80.61
ZA,Product-733,346,20.48
MA,Product-734,395,33.05
NG,Product-735,364,80.19
GH,Product-736,407,83.86
KE,Product-737,965,63.76
ZA,Product-738,459,61.93
MA,Product-739,171,6.52
NG,Product-740,116,9.44
GH,Product-741,406,22.27
KE,Product-742,82,7.39
ZA,Product-743,833,2.60
MA,Product-744,735,18.62
NG,Product-745,119,77.14
GH,Product-746,140,63.20
KE,Product-747,459,80.24
ZA,Product-748,711,72.32
MA,Product-749,225,28.07
NG,Product-750,375,73.14
GH,Product-751,850,70.31
KE,Product-752,360,58.91
ZA,Product-753,824,54.97
MA,Product-754,597,64.67
NG,Product-755,863,87.29
GH,Product-756,243,53.86
KE,Product-757,683,18.24
ZA,Product-758,643,75.73
MA,Product-759,328,10.89
NG,Product-760,803,18.25
GH,Product-761,959,30.69
KE,Product-762,768,72.69
ZA,Product-763,812,48.85
MA,Product-764,562,7.02
NG,Product-765,719,22.51
GH,Product-766,346,58.56
KE,Product-767,94,11.86
ZA,Product-768,89,11.05
MA,Product-769,587,67.54
NG,Product-770,719,22.80
GH,Product-771,560,98.80
KE,Product-772,520,95.51
ZA,Product-773,563,88.27
MA,Product-774,922,20.78
NG,Product-775,45,30.47
GH,Product-776,477,21.70
KE,Product-777,582,61.72
ZA,Product-778,247,79.81
MA,Product-779,561,96.84
NG,Product-780,329,70.89
GH,Product-781,337,45.11
KE,Product-782,181,19.67
ZA,Product-783,366,16.63
MA,Product-784,495,52.62
NG,Product-785,41,34.81
GH,Product-786,955,95.88
KE,Product-787,289,23.63
ZA,Product-788,765,89.64
MA,Product-789,275,87.70
NG,Product-790,1,15.12
GH,Product-791,344,99.66
KE,Product-792,131,91.80
ZA,Product-793,479,27.10
MA,Product-794,827,43.40
NG,Product-795,678,94.49
GH,Product-796,777,13.71
KE,Product-797,454,15.69
ZA,Product-798,738,64.47
MA,Product-799,159,9.80
NG,Product-800,329,35.87
GH,Product-801,108,40.44
KE,Product-802,619,48.79
ZA,Product-803,876,46.60
MA,Product-804,425,4.78
NG,Product-805,825,63.55
GH,Product-806,376,28.22
KE,Product-807,644,41.10
ZA,Product-808,768,30.84
MA,Product-809,578,1.84
NG,Product-810,869,75.01
GH,Product-811,706,72.42
KE,Product-812,269,92.97
ZA,Product-813,109,68.36
MA,Product-814,990,72.08
NG,Product-815,67,82.38
GH,Product-816,155,24.67
KE,Product-817,683,14.06
ZA,Product-818,611,53.88
MA,Product-819,266,7.23
NG,Product-820,528,78.16
GH,Product-821,924,44.68
KE,Product-822,511,10.67
ZA,Product-823,788,22.10
MA,Product-824,427,69.00
NG,Product-825,288,93.74
GH,Product-826,914,88.53
KE,Product-827,978,76.03
ZA,Product-828,860,49.29
MA,Product-829,40,34.26
NG,Product-830,590,72.44
GH,Product-831,578,97.59
KE,Product-832,464,97.75
ZA,Product-833,398,6.63
MA,Product-834,40,77.03
NG,Product-835,199,22.11
GH,Product-836,572,91.83
KE,Product-837,783,17.63
ZA,Product-838,4,37.10
MA,Product-839,91,68.05
NG,Product-840,231,36.33
GH,Product-841,288,68.86
KE,Product-842,33,40.85
ZA,Product-843,859,94.26
MA,Product-844,872,35.48
NG,Product-845,957,1.47
GH,Product-846,628,76.78
KE,Product-847,389,61.94
ZA,Product-848,50,75.40
MA,Product-849,92,42.10
NG,Product-850,112,69.90
GH,Product-851,537,7.62
KE,Product-852,686,52.97
ZA,Product-853,566,20.88
MA,Product-854,389,71.15
NG,Product-855,134,17.19
GH,Product-856,232,78.77
KE,Product-857,392,83.83
ZA,Product-858,609,75.64
MA,Product-859,232,74.44
NG,Product-860,74,63.13
GH,Product-861,634,66.14
KE,Product-862,863,25.76
ZA,Product-863,942,81.80
MA,Product-864,271,79.01
NG,Product-865,50,73.19
GH,Product-866,445,69.73
KE,Product-867,651,73.80
ZA,Product-868,305,60.77
MA,Product-869,374,69.77
NG,Product-870,46,46.66
GH,Product-871,15,33.87
KE,Product-872,842,62.38
ZA,Product-873,643,80.48
MA,Product-874,430,49.33
NG,Product-875,862,15.51
GH,Product-876,650,85.67
KE,Product-877,61,66.31
ZA,Product-878,139,91.26
MA,Product-879,964,64.74
NG,Product-880,971,72.92
GH,Product-881,689,66.34
KE,Product-882,543,73.21
ZA,Product-883,637,59.30
MA,Product-884,746,39.54
NG,Product-885,269,94.19
GH,Product-886,117,64.00
KE,Product-887,76,27.58
ZA,Product-888,82,39.51
MA,Product-889,898,89.17
NG,Product-890,120,45.92
GH,Product-891,784,82.03
KE,Product-892,887,97.64
ZA,Product-893,569,80.02
MA,Product-894,230,30.95
NG,Product-895,599,65.40
GH,Product-896,411,8.26
KE,Product-897,921,46.47
ZA,Product-898,812,61.44
MA,Product-899,863,50.93
NG,Product-900,134,18.08
GH,Product-901,132,22.91
KE,Product-902,127,73.56
ZA,Product-903,220,85.57
MA,Product-904,740,37.53
NG,Product-905,484,45.57
GH,Product-906,717,81.34
KE,Product-907,734,40.27
ZA,Product-908,178,24.45
MA,Product-909,832,22.42
NG,Product-910,475,56.19
GH,Product-911,435,54.36
KE,Product-912,110,33.57
ZA,Product-913,494,49.76
MA,Product-914,593,47.67
NG,Product-915,819,71.22
GH,Product-916,654,55.79
KE,Product-917,162,54.03
ZA,Product-918,948,17.03
MA,Product-919,94,22.28
NG,Product-920,153,90.53
GH,Product-921,670,87.47
KE,Product-922,66,68.15
ZA,Product-923,925,35.11
MA,Product-924,177,60.67
NG,Product-925,340,2.95
GH,Product-926,888,96.06
KE,Product-927,602,52.08
ZA,Product-928,112,92.23
MA,Product-929,683,91.93
NG,Product-930,342,22.46
GH,Product-931,709,47.32
KE,Product-932,386,40.16
ZA,Product-933,994,87.06
MA,Product-934,788,32.66
NG,Product-935,635,37.43
GH,Product-936,101,35.59
KE,Product-937,308,11.37
ZA,Product-938,253,34.74
MA,Product-939,52,12.14
NG,Product-940,556,75.88
GH,Product-941,237,67.21
KE,Product-942,775,67.84
ZA,Product-943,935,24.61
MA,Product-944,368,31.58
NG,Product-945,878,47.07
GH,Product-946,677,77.55
KE,Product-947,403,0.39
ZA,Product-948,578,0.88
MA,Product-949,839,29.15
NG,Product-950,544,81.06
GH,Product-951,703,71.31
KE,Product-952,538,27.46
ZA,Product-953,953,35.55
MA,Product-954,50,36.98
NG,Product-955,837,21.59
GH,Product-956,971,4.80
KE,Product-957,139,72.20
ZA,Product-958,40,53.60
MA,Product-959,572,88.31
NG,Product-960,903,70.01
GH,Product-961,869,45.03
KE,Product-962,103,19.35
ZA,Product-963,191,8.37
MA,Product-964,398,81.86
NG,Product-965,331,25.55
GH,Product-966,637,71.31
KE,Product-967,532,11.84
ZA,Product-968,545,84.83
MA,Product-969,632,31.13
NG,Product-970,404,97.29
GH,Product-971,513,76.80
KE,Product-972,147,25.64
ZA,Product-973,362,48.11
MA,Product-974,385,10.56
NG,Product-975,233,8.55
GH,Product-976,420,54.80
KE,Product-977,743,41.44
ZA,Product-978,420,44.97
MA,Product-979,838,54.23
NG,Product-980,568,30.21
GH,Product-981,298,53.71
KE,Product-982,496,37.27
ZA,Product-983,586,82.97
MA,Product-984,362,50.48
NG,Product-985,209,99.58
GH,Product-986,860,77.38
KE,Product-987,958,2.58
ZA,Product-988,81,83.91
MA,Product-989,217,72.87
NG,Product-990,539,50.39
GH,Product-991,990,68.57
KE,Product-992,244,49.17
ZA,Product-993,297,6.34
MA,Product-994,744,86.40
NG,Product-995,692,81.59
GH,Product-996,398,91.05
KE,Product-997,81,22.47
ZA,Product-998,179,85.98
MA,Product-999,455,50.28
NG,Product-1000,513,83.49
GH,Product-1001,809,92.50
KE,Product-1002,976,40.03
ZA,Product-1003,260,93.75
MA,Product-1004,138,39.90
NG,Product-1005,566,0.28
GH,Product-1006,398,65.10
KE,Product-1007,451,28.19
ZA,Product-1008,534,16.58
MA,Product-1009,474,34.37
NG,Product-1010,44,67.41
GH,Product-1011,389,12.83
KE,Product-1012,715,52.59
ZA,Product-1013,393,42.65
MA,Product-1014,517,56.73
NG,Product-1015,771,61.20
GH,Product-1016,885,50.23
KE,Product-1017,701,73.04
ZA,Product-1018,384,59.78
MA,Product-1019,605,30.27
NG,Product-1020,264,80.01
GH,Product-1021,879,45.12
KE,Product-1022,916,68.64
ZA,Product-1023,114,51.42
MA,Product-1024,505,63.37
NG,Product-1025,798,84.96
GH,Product-1026,35,46.99
KE,Product-1027,931,97.98
ZA,Product-1028,418,37.75
MA,Product-1029,679,39.83
NG,Product-1030,595,30.01
GH,Product-1031,121,28.18
KE,Product-1032,299,90.27
ZA,Product-1033,442,15.22
MA,Product-1034,74,75.05
NG,Product-1035,967,97.92
GH,Product-1036,965,17.43
KE,Product-1037,567,4.96
ZA,Product-1038,701,54.70
MA,Product-1039,943,49.70
NG,Product-1040,805,21.91
GH,Product-1041,295,28.73
KE,Product-1042,924,59.54
ZA,Product-1043,701,25.04
MA,Product-1044,71,24.75
NG,Product-1045,99,2.85
GH,Product-1046,941,75.51
KE,Product-1047,456,36.28
ZA,Product-1048,510,24.95
MA,Product-1049,776,77.60
NG,Product-1050,911,62.36
GH,Product-1051,403,52.00
KE,Product-1052,52,23.11
ZA,Product-1053,9,54.51
MA,Product-1054,731,0.89
NG,Product-1055,988,38.56
GH,Product-1056,248,84.70
KE,Product-1057,120,29.16
ZA,Product-1058,36,39.92
MA,Product-1059,632,30.55
NG,Product-1060,57,86.05
GH,Product-1061,671,30.33
KE,Product-1062,743,64.89
ZA,Product-1063,683,45.28
MA,Product-1064,673,98.20
NG,Product-1065,294,22.73
GH,Product-1066,656,27.43
KE,Product-1067,600,49.77
ZA,Product-1068,42,85.22
MA,Product-1069,943,18.18
NG,Product-1070,800,97.70
GH,Product-1071,36,76.33
KE,Product-1072,828,7.74
ZA,Product-1073,273,54.95
MA,Product-1074,619,41.63
NG,Product-1075,506,37.29
GH,Product-1076,250,68.87
KE,Product-1077,2,27.31
ZA,Product-1078,855,37.13
MA,Product-1079,255,40.05
NG,Product-1080,519,6.28
GH,Product-1081,87,19.11
KE,Product-1082,848,67.36
ZA,Product-1083,276,63.79
MA,Product-1084,206,40.67
NG,Product-1085,735,13.81
GH,Product-1086,942,58.22
KE,Product-1087,806,39.97
ZA,Product-1088,668,49.16
MA,Product-1089,845,70.05
NG,Product-1090,342,56.13
GH,Product-1091,418,52.75
KE,Product-1092,875,36.12
ZA,Product-1093,918,37.81
MA,Product-1094,984,38.87
NG,Product-1095,496,31.94
GH,Product-1096,411,6.07
KE,Product-1097,219,97.16
ZA,Product-1098,577,86.44
MA,Product-1099,522,75.64
NG,Product-1100,117,95.84
GH,Product-1101,557,6.75
KE,Product-1102,211,58.20
ZA,Product-1103,957,60.11
MA,Product-1104,413,40.04
NG,Product-1105,668,29.32
GH,Product-1106,227,62.49
KE,Product-1107,775,80.99
ZA,Product-1108,125,59.50
MA,Product-1109,880,15.08
NG,Product-1110,358,55.69
GH,Product-1111,630,29.49
KE,Product-1112,898,71.06
ZA,Product-1113,705,27.26
MA,Product-1114,641,93.09
NG,Product-1115,584,90.27
GH,Product-1116,102,48.26
KE,Product-1117,567,91.00
ZA,Product-1118,690,57.15
MA,Product-1119,124,4.35
NG,Product-1120,475,33.58
GH,Product-1121,626,75.40
KE,Product-1122,416,67.94
ZA,Product-1123,160,38.37
MA,Product-1124,743,41.81
NG,Product-1125,879,8.35
GH,Product-1126,112,71.14
KE,Product-1127,215,70.03
ZA,Product-1128,881,25.78
MA,Product-1129,420,24.35
NG,Product-1130,441,38.82
GH,Product-1131,735,30.42
KE,Product-1132,520,36.83
ZA,Product-1133,291,60.55
MA,Product-1134,679,69.78
NG,Product-1135,564,3.21
GH,Product-1136,881,58.20
KE,Product-1137,377,24.94
ZA,Product-1138,973,80.22
MA,Product-1139,763,77.70
NG,Product-1140,641,96.34
GH,Product-1141,265,33.80
KE,Product-1142,254,52.84
ZA,Product-1143,591,83.48
MA,Product-1144,926,82.07
NG,Product-1145,921,38.63
GH,Product-1146,468,20.73
KE,Product-1147,306,97.64
ZA,Product-1148,352,7.10
MA,Product-1149,776,83.66
NG,Product-1150,994,35.61
GH,Product-1151,171,92.23
KE,Product-1152,153,16.79
ZA,Product-1153,79,10.95
MA,Product-1154,922,89.50
NG,Product-1155,220,2.87
GH,Product-1156,262,95.16
KE,Product-1157,783,40.00
ZA,Product-1158,14,68.16
MA,Product-1159,418,92.86
NG,Product-1160,750,61.03
GH,Product-1161,443,10.61
KE,Product-1162,526,65.09
ZA,Product-1163,706,28.13
MA,Product-1164,548,51.30
NG,Product-1165,464,2.63
GH,Product-1166,930,9.27
KE,Product-1167,119,24.18
ZA,Product-1168,745,88.51
MA,Product-1169,758,56.26
NG,Product-1170,178,0.08
GH,Product-1171,950,22.82
KE,Product-1172,682,79.96
ZA,Product-1173,550,98.82
MA,Product-1174,350,52.12
NG,Product-1175,635,77.58
GH,Product-1176,789,73.78
KE,Product-1177,460,79.34
ZA,Product-1178,324,32.02
MA,Product-1179,773,61.24
NG,Product-1180,346,28.08
GH,Product-1181,32,84.13
KE,Product-1182,664,85.15
ZA,Product-1183,127,4.21
MA,Product-1184,578,76.21
NG,Product-1185,90,14.25
GH,Product-1186,407,99.79
KE,Product-1187,200,23.46
ZA,Product-1188,656,66.74
MA,Product-1189,667,63.47
NG,Product-1190,261,24.94
GH,Product-1191,876,93.10
KE,Product-1192,694,39.95
ZA,Product-1193,283,44.60
MA,Product-1194,735,4.77
NG,Product-1195,869,7.50
GH,Product-1196,543,39.66
KE,Product-1197,937,3.37
ZA,Product-1198,692,59.56
MA,Product-1199,33,83.89
NG,Product-1200,180,61.20
GH,Product-1201,40,89.75
KE,Product-1202,657,52.20
ZA,Product-1203,759,75.94
MA,Product-1204,642,25.58
NG,Product-1205,676,98.66
GH,Product-1206,559,28.11
KE,Product-1207,608,21.11
ZA,Product-1208,8,17.10
MA,Product-1209,3,18.25
NG,Product-1210,402,16.29
GH,Product-1211,189,20.72
KE,Product-1212,956,32.79
ZA,Product-1213,215,32.29
MA,Product-1214,597,31.12
NG,Product-1215,919,18.17
GH,Product-1216,492,35.38
KE,Product-1217,345,14.73
ZA,Product-1218,3,83.53
MA,Product-1219,586,57.98
NG,Product-1220,224,39.17
GH,Product-1221,200,53.68
KE,Product-1222,790,49.25
ZA,Product-1223,591,87.46
MA,Product-1224,526,76.99
NG,Product-1225,107,31.98
GH,Product-1226,384,36.84
KE,Product-1227,923,80.96
ZA,Product-1228,622,80.52
MA,Product-1229,498,96.72
NG,Product-1230,554,82.06
GH,Product-1231,766,89.34
KE,Product-1232,155,77.43
ZA,Product-1233,2,95.44
MA,Product-1234,93,77.86
NG,Product-1235,715,76.58
GH,Product-1236,477,69.50
KE,Product-1237,433,63.91
ZA,Product-1238,339,80.88
MA,Product-1239,265,21.78
NG,Product-1240,785,45.66
GH,Product-1241,817,40.55
KE,Product-1242,103,85.85
ZA,Product-1243,931,5.45
MA,Product-1244,975,75.85
NG,Product-1245,445,98.78
GH,Product-1246,900,8.71
KE,Product-1247,675,97.95
ZA,Product-1248,959,40.28
MA,Product-1249,510,55.30
NG,Product-1250,659,4.22
GH,Product-1251,960,61.79
KE,Product-1252,114,56.64
ZA,Product-1253,988,74.27
MA,Product-1254,885,66.94
NG,Product-1255,965,8.73
GH,Product-1256,411,66.75
KE,Product-1257,612,80.18
ZA,Product-1258,386,50.07
MA,Product-1259,444,94.49
NG,Product-1260,145,64.95
GH,Product-1261,588,56.40
KE,Product-1262,33,1.70
ZA,Product-1263,502,58.33
MA,Product-1264,395,60.34
NG,Product-1265,939,54.63
GH,Product-1266,263,47.47
KE,Product-1267,420,35.21
ZA,Product-1268,643,29.80
MA,Product-1269,411,25.61
NG,Product-1270,890,9.27
GH,Product-1271,593,95.17
KE,Product-1272,627,61.36
ZA,Product-1273,589,14.04
MA,Product-1274,815,14.40
NG,Product-1275,295,34.95
GH,Product-1276,686,66.54
KE,Product-1277,832,21.65
ZA,Product-1278,451,0.70
MA,Product-1279,979,36.02
NG,Product-1280,824,58.76
GH,Product-1281,36,77.59
KE,Product-1282,818,17.28
ZA,Product-1283,320,6.19
MA,Product-1284,83,75.54
NG,Product-1285,693,74.36
GH,Product-1286,51,10.24
KE,Product-1287,747,80.85
ZA,Product-1288,69,88.23
MA,Product-1289,634,52.95
NG,Product-1290,912,75.54
GH,Product-1291,520,31.55
KE,Product-1292,975,19.64
ZA,Product-1293,197,21.86
MA,Product-1294,445,94.01
NG,Product-1295,871,28.72
GH,Product-1296,680,80.33
KE,Product-1297,329,7.11
ZA,Product-1298,840,64.30
MA,Product-1299,223,37.97
NG,Product-1300,694,39.59
GH,Product-1301,65,99.61
KE,Product-1302,812,25.84
ZA,Product-1303,448,87.38
MA,Product-1304,683,65.72
NG,Product-1305,28,4.92
GH,Product-1306,979,51.64
KE,Product-1307,733,99.25
ZA,Product-1308,752,18.65
MA,Product-1309,356,39.56
NG,Product-1310,691,52.95
GH,Product-1311,393,26.06
KE,Product-1312,444,85.78
ZA,Product-1313,921,89.48
MA,Product-1314,261,40.29
NG,Product-1315,624,30.20
GH,Product-1316,598,51.96
KE,Product-1317,372,57.20
ZA,Product-1318,316,20.47
MA,Product-1319,210,24.03
NG,Product-1320,136,20.71
GH,Product-1321,79,8.71
KE,Product-1322,202,59.05
ZA,Product-1323,440,20.23
MA,Product-1324,697,4.27
NG,Product-1325,401,31.53
GH,Product-1326,432,60.93
KE,Product-1327,288,80.59
ZA,Product-1328,812,80.62
MA,Product-1329,577,88.17
NG,Product-1330,764,53.23
GH,Product-1331,720,60.61
KE,Product-1332,144,46.63
ZA,Product-1333,135,30.65
MA,Product-1334,12,50.89
NG,Product-1335,181,51.96
GH,Product-1336,618,97.43
KE,Product-1337,647,32.67
ZA,Product-1338,928,79.00
MA,Product-1339,552,100.00
NG,Product-1340,100,35.55
GH,Product-1341,145,58.97
KE,Product-1342,150,59.11
ZA,Product-1343,50,92.40
MA,Product-1344,982,68.46
NG,Product-1345,641,32.99
GH,Product-1346,441,94.30
KE,Product-1347,44,90.90
ZA,Product-1348,214,82.79
MA,Product-1349,953,44.08
NG,Product-1350,808,20.40
GH,Product-1351,250,80.13
KE,Product-1352,355,96.69
ZA,Product-1353,874,55.91
MA,Product-1354,324,63.69
NG,Product-1355,948,28.76
GH,Product-1356,284,42.45
KE,Product-1357,640,12.83
ZA,Product-1358,340,26.50
MA,Product-1359,660,77.67
NG,Product-1360,286,88.44
GH,Product-1361,459,17.47
KE,Product-1362,459,33.92
ZA,Product-1363,943,3.85
MA,Product-1364,470,68.07
NG,Product-1365,225,43.70
GH,Product-1366,332,22.01
KE,Product-1367,208,1.89
ZA,Product-1368,404,91.38
MA,Product-1369,762,92.61
NG,Product-1370,772,88.13
GH,Product-1371,492,73.65
KE,Product-1372,176,78.27
ZA,Product-1373,833,14.60
MA,Product-1374,211,2.44
NG,Product-1375,41,11.33
GH,Product-1376,68,10.99
KE,Product-1377,770,54.06
ZA,Product-1378,767,83.94
MA,Product-1379,381,24.81
NG,Product-1380,841,86.63
GH,Product-1381,625,29.19
KE,Product-1382,630,85.79
ZA,Product-1383,398,94.14
MA,Product-1384,173,93.36
NG,Product-1385,724,42.77
GH,Product-1386,211,77.21
KE,Product-1387,561,77.59
ZA,Product-1388,683,40.89
MA,Product-1389,745,24.05
NG,Product-1390,211,72.26
GH,Product-1391,652,43.55
KE,Product-1392,599,25.92
ZA,Product-1393,543,63.98
MA,Product-1394,255,34.41
NG,Product-1395,431,38.78
GH,Product-1396,626,39.99
KE,Product-1397,305,83.26
ZA,Product-1398,950,43.04
MA,Product-1399,126,51.55
NG,Product-1400,678,41.05
GH,Product-1401,430,82.23
KE,Product-1402,255,74.50
ZA,Product-1403,676,69.69
MA,Product-1404,398,48.35
NG,Product-1405,730,38.40
GH,Product-1406,155,62.31
KE,Product-1407,427,41.78
ZA,Product-1408,209,96.24
MA,Product-1409,715,52.11
NG,Product-1410,381,78.21
GH,Product-1411,20,11.04
KE,Product-1412,710,90.28
ZA,Product-1413,897,59.78
MA,Product-1414,532,19.39
NG,Product-1415,997,39.17
GH,Product-1416,881,59.18
KE,Product-1417,802,66.53
ZA,Product-1418,531,45.41
MA,Product-1419,196,25.23
NG,Product-1420,727,60.99
GH,Product-1421,444,94.95
KE,Product-1422,748,37.36
ZA,Product-1423,145,28.18
MA,Product-1424,467,66.55
NG,Product-1425,77,56.01
GH,Product-1426,185,12.94
KE,Product-1427,241,24.66
ZA,Product-1428,853,8.51
MA,Product-1429,722,64.75
NG,Product-1430,267,59.82
GH,Product-1431,40,15.50
KE,Product-1432,15,35.94
ZA,Product-1433,191,49.84
MA,Product-1434,277,70.89
NG,Product-1435,815,57.91
GH,Product-1436,674,51.06
KE,Product-1437,912,47.10
ZA,Product-1438,294,60.79
MA,Product-1439,953,93.89
NG,Product-1440,572,15.66
GH,Product-1441,523,52.39
KE,Product-1442,72,55.73
ZA,Product-1443,993,71.06
MA,Product-1444,151,90.34
NG,Product-1445,254,29.89
GH,Product-1446,976,97.51
KE,Product-1447,465,47.30
ZA,Product-1448,499,24.08
MA,Product-1449,669,58.82
NG,Product-1450,27,73.02
GH,Product-1451,291,36.83
KE,Product-1452,569,30.06
ZA,Product-1453,344,5.64
MA,Product-1454,731,47.64
NG,Product-1455,933,18.52
GH,Product-1456,716,21.87
KE,Product-1457,232,33.65
ZA,Product-1458,252,57.76
MA,Product-1459,395,59.73
NG,Product-1460,500,0.73
GH,Product-1461,515,22.88
KE,Product-1462,606,8.57
ZA,Product-1463,228,85.53
MA,Product-1464,434,53.62
NG,Product-1465,942,61.43
GH,Product-1466,583,68.79
KE,Product-1467,214,60.91
ZA,Product-1468,954,31.47
MA,Product-1469,422,86.69
NG,Product-1470,125,46.52
GH,Product-1471,998,7.12
KE,Product-1472,336,89.52
ZA,Product-1473,734,4.68
MA,Product-1474,844,17.42
NG,Product-1475,725,19.87
GH,Product-1476,474,48.90
KE,Product-1477,844,47.23
ZA,Product-1478,453,39.57
MA,Product-1479,678,68.51
NG,Product-1480,123,18.14
GH,Product-1481,186,64.02
KE,Product-1482,342,84.97
ZA,Product-1483,378,82.53
MA,Product-1484,497,69.13
NG,Product-1485,571,89.25
GH,Product-1486,739,24.36
KE,Product-1487,218,2.54
ZA,Product-1488,694,26.06
MA,Product-1489,790,79.61
NG,Product-1490,352,43.20
GH,Product-1491,855,5.15
KE,Product-1492,737,4.36
ZA,Product-1493,308,29.17
MA,Product-1494,950,28.53
NG,Product-1495,777,90.97
GH,Product-1496,932,52.78
KE,Product-1497,439,32.79
ZA,Product-1498,11,1.02
MA,Product-1499,690,33.90
NG,Product-1500,589,24.76
GH,Product-1501,205,12.39
KE,Product-1502,908,42.02
ZA,Product-1503,838,55.76
MA,Product-1504,705,97.83
NG,Product-1505,911,12.09
GH,Product-1506,633,87.12
KE,Product-1507,793,12.64
ZA,Product-1508,977,85.55
MA,Product-1509,590,75.39
NG,Product-1510,981,19.52
GH,Product-1511,10,61.18
KE,Product-1512,811,51.02
ZA,Product-1513,183,91.76
MA,Product-1514,616,68.93
NG,Product-1515,289,1.55
GH,Product-1516,882,38.66
KE,Product-1517,430,28.02
ZA,Product-1518,865,73.47
MA,Product-1519,594,35.60
NG,Product-1520,633,77.33
GH,Product-1521,99,43.96
KE,Product-1522,76,36.24
ZA,Product-1523,833,16.45
MA,Product-1524,822,87.61
NG,Product-1525,586,87.11
GH,Product-1526,158,24.16
KE,Product-1527,695,17.26
ZA,Product-1528,954,65.42
MA,Product-1529,564,53.29
NG,Product-1530,973,69.03
GH,Product-1531,586,60.21
KE,Product-1532,385,66.92
ZA,Product-1533,82,54.27
MA,Product-1534,184,73.67
NG,Product-1535,92,38.98
GH,Product-1536,656,55.22
KE,Product-1537,695,2.75
ZA,Product-1538,335,63.48
MA,Product-1539,870,1.86
NG,Product-1540,390,11.99
GH,Product-1541,980,99.17
KE,Product-1542,91,90.70
ZA,Product-1543,878,26.31
MA,Product-1544,554,32.32
NG,Product-1545,522,6.63
GH,Product-1546,229,22.17
KE,Product-1547,354,41.99
ZA,Product-1548,816,34.63
MA,Product-1549,373,13.64
NG,Product-1550,346,66.07
GH,Product-1551,348,79.27
KE,Product-1552,943,74.73
ZA,Product-1553,376,33.45
MA,Product-1554,285,72.76
NG,Product-1555,245,3.34
GH,Product-1556,178,67.59
KE,Product-1557,157,87.79
ZA,Product-1558,775,94.41
MA,Product-1559,332,49.26
NG,Product-1560,545,10.14
GH,Product-1561,939,25.29
KE,Product-1562,536,27.37
ZA,Product-1563,459,24.18
MA,Product-1564,809,25.30
NG,Product-1565,290,0.46
GH,Product-1566,389,90.42
KE,Product-1567,868,4.08
ZA,Product-1568,677,88.89
MA,Product-1569,117,4.65
NG,Product-1570,880,95.78
GH,Product-1571,956,37.91
KE,Product-1572,904,67.69
ZA,Product-1573,328,7.68
MA,Product-1574,989,97.13
NG,Product-1575,767,29.95
GH,Product-1576,111,38.25
KE,Product-1577,895,31.32
ZA,Product-1578,352,89.85
MA,Product-1579,693,26.22
NG,Product-1580,345,32.88
GH,Product-1581,122,83.84
KE,Product-1582,502,3.43
ZA,Product-1583,47,6.95
MA,Product-1584,476,94.47
NG,Product-1585,402,42.98
GH,Product-1586,279,3.67
KE,Product-1587,349,9.02
ZA,Product-1588,508,67.02
MA,Product-1589,714,54.36
NG,Product-1590,62,64.57
GH,Product-1591,549,36.00
KE,Product-1592,597,67.71
ZA,Product-1593,831,26.87
MA,Product-1594,441,22.49
NG,Product-1595,432,41.45
GH,Product-1596,639,20.82
KE,Product-1597,516,97.67
ZA,Product-1598,977,15.83
MA,Product-1599,101,90.42
NG,Product-1600,654,10.65
GH,Product-1601,23,80.74
KE,Product-1602,171,88.12
ZA,Product-1603,337,45.96
MA,Product-1604,704,97.36
NG,Product-1605,504,9.03
GH,Product-1606,969,55.86
KE,Product-1607,454,47.21
ZA,Product-1608,98,28.62
MA,Product-1609,907,25.45
NG,Product-1610,357,4.16
GH,Product-1611,464,65.35
KE,Product-1612,158,48.30
ZA,Product-1613,233,37.48
MA,Product-1614,559,23.30
NG,Product-1615,697,53.87
GH,Product-1616,159,93.91
KE,Product-1617,228,36.45
ZA,Product-1618,171,62.81
MA,Product-1619,760,35.24
NG,Product-1620,867,4.66
GH,Product-1621,296,18.64
KE,Product-1622,201,46.10
ZA,Product-1623,348,1.13
MA,Product-1624,151,71.90
NG,Product-1625,629,45.52
GH,Product-1626,600,2.49
KE,Product-1627,669,32.86
ZA,Product-1628,272,87.99
MA,Product-1629,313,64.25
NG,Product-1630,543,73.10
GH,Product-1631,938,83.74
KE,Product-1632,642,87.24
ZA,Product-1633,529,24.76
MA,Product-1634,80,10.12
NG,Product-1635,106,61.02
GH,Product-1636,917,65.35
KE,Product-1637,185,39.02
ZA,Product-1638,802,30.94
MA,Product-1639,485,65.56
NG,Product-1640,726,98.43
GH,Product-1641,380,37.04
KE,Product-1642,391,58.32
ZA,Product-1643,405,74.77
MA,Product-1644,21,45.86
NG,Product-1645,622,32.98
GH,Product-1646,348,61.54
KE,Product-1647,577,8.32
ZA,Product-1648,876,34.40
MA,Product-1649,290,36.57
NG,Product-1650,657,10.25
GH,Product-1651,102,75.65
KE,Product-1652,230,86.76
ZA,Product-1653,159,38.26
MA,Product-1654,644,31.89
NG,Product-1655,896,28.27
GH,Product-1656,706,43.03
KE,Product-1657,173,47.19
ZA,Product-1658,886,58.00
MA,Product-1659,861,60.51
NG,Product-1660,532,65.67
GH,Product-1661,34,28.02
KE,Product-1662,445,54.29
ZA,Product-1663,53,74.93
MA,Product-1664,509,22.70
NG,Product-1665,934,9.21
GH,Product-1666,581,50.96
KE,Product-1667,619,52.86
ZA,Product-1668,840,31.47
MA,Product-1669,166,9.51
NG,Product-1670,670,86.65
GH,Product-1671,67,34.96
KE,Product-1672,231,18.98
ZA,Product-1673,311,33.32
MA,Product-1674,533,38.71
NG,Product-1675,404,97.47
GH,Product-1676,275,58.83
KE,Product-1677,36,0.39
ZA,Product-1678,440,94.14
MA,Product-1679,933,57.98
NG,Product-1680,825,25.83
GH,Product-1681,832,77.77
KE,Product-1682,678,98.97
ZA,Product-1683,624,0.80
MA,Product-1684,439,47.74
NG,Product-1685,644,64.27
GH,Product-1686,894,77.47
KE,Product-1687,888,51.45
ZA,Product-1688,170,5.02
MA,Product-1689,32,66.13
NG,Product-1690,71,58.08
GH,Product-1691,871,85.14
KE,Product-1692,469,62.51
ZA,Product-1693,918,33.24
MA,Product-1694,294,45.55
NG,Product-1695,603,64.88
GH,Product-1696,467,99.25
KE,Product-1697,121,9.35
ZA,Product-1698,812,71.02
MA,Product-1699,89,83.67
NG,Product-1700,504,78.15
GH,Product-1701,441,68.51
KE,Product-1702,603,3.95
ZA,Product-1703,663,12.73
MA,Product-1704,743,38.22
NG,Product-1705,124,36.16
GH,Product-1706,630,48.20
KE,Product-1707,217,74.61
ZA,Product-1708,484,47.00
MA,Product-1709,624,36.90
NG,Product-1710,719,11.40
GH,Product-1711,549,40.87
KE,Product-1712,47,55.75
ZA,Product-1713,665,75.83
MA,Product-1714,798,61.78
NG,Product-1715,239,82.91
GH,Product-1716,533,61.49
KE,Product-1717,89,28.34
ZA,Product-1718,513,42.95
MA,Product-1719,896,28.39
NG,Product-1720,539,52.55
GH,Product-1721,1,6.09
KE,Product-1722,316,81.30
ZA,Product-1723,910,89.21
MA,Product-1724,672,8.41
NG,Product-1725,926,90.54
GH,Product-1726,640,34.55
KE,Product-1727,119,14.59
ZA,Product-1728,426,56.87
MA,Product-1729,338,12.59
NG,Product-1730,406,47.37
GH,Product-1731,970,66.99
KE,Product-1732,452,23.87
ZA,Product-1733,233,15.04
MA,Product-1734,506,5.90
NG,Product-1735,748,86.09
GH,Product-1736,638,38.81
KE,Product-1737,876,65.76
ZA,Product-1738,221,0.40
MA,Product-1739,204,27.86
NG,Product-1740,764,88.16
GH,Product-1741,246,68.03
KE,Product-1742,528,83.48
ZA,Product-1743,774,45.05
MA,Product-1744,374,15.82
NG,Product-1745,540,41.39
GH,Product-1746,452,79.53
KE,Product-1747,799,97.39
ZA,Product-1748,264,33.54
MA,Product-1749,540,0.93
NG,Product-1750,521,38.78
GH,Product-1751,294,10.82
KE,Product-1752,547,63.63
ZA,Product-1753,756,15.22
MA,Product-1754,927,7.91
NG,Product-1755,851,5.25
GH,Product-1756,942,5.27
KE,Product-1757,849,71.13
ZA,Product-1758,135,74.09
MA,Product-1759,864,18.81
NG,Product-1760,567,93.69
GH,Product-1761,977,12.68
KE,Product-1762,21,15.88
ZA,Product-1763,565,73.89
MA,Product-1764,619,81.66
NG,Product-1765,818,80.26
GH,Product-1766,516,85.90
KE,Product-1767,795,2.73
ZA,Product-1768,437,60.38
MA,Product-1769,507,44.58
NG,Product-1770,624,33.98
GH,Product-1771,262,49.90
KE,Product-1772,729,67.96
ZA,Product-1773,821,59.73
MA,Product-1774,598,66.33
NG,Product-1775,145,21.93
GH,Product-1776,179,16.81
KE,Product-1777,596,45.41
ZA,Product-1778,798,13.89
MA,Product-1779,966,30.94
NG,Product-1780,904,27.09
GH,Product-1781,356,66.57
KE,Product-1782,827,96.16
ZA,Product-1783,840,50.18
MA,Product-1784,541,14.97
NG,Product-1785,626,64.96
GH,Product-1786,5,50.08
KE,Product-1787,960,16.44
ZA,Product-1788,200,68.30
MA,Product-1789,686,25.40
NG,Product-1790,757,70.09
GH,Product-1791,488,8.22
KE,Product-1792,912,80.42
ZA,Product-1793,533,44.97
MA,Product-1794,263,23.09
NG,Product-1795,359,18.13
GH,Product-1796,603,49.01
KE,Product-1797,543,97.06
ZA,Product-1798,642,46.21
MA,Product-1799,354,22.70
NG,Product-1800,790,11.95
GH,Product-1801,472,89.57
KE,Product-1802,710,93.52
ZA,Product-1803,57,11.28
MA,Product-1804,673,66.88
NG,Product-1805,605,62.93
GH,Product-1806,801,58.66
KE,Product-1807,886,86.00
ZA,Product-1808,511,45.43
MA,Product-1809,646,40.26
NG,Product-1810,507,52.32
GH,Product-1811,116,75.55
KE,Product-1812,499,27.10
ZA,Product-1813,211,61.62
MA,Product-1814,371,21.75
NG,Product-1815,371,4.59
GH,Product-1816,370,15.48
KE,Product-1817,216,46.30
ZA,Product-1818,146,72.31
MA,Product-1819,826,11.42
NG,Product-1820,596,11.81
GH,Product-1821,702,97.72
KE,Product-1822,659,39.44
ZA,Product-1823,266,47.57
MA,Product-1824,664,85.63
NG,Product-1825,716,92.83
GH,Product-1826,736,24.24
KE,Product-1827,979,13.51
ZA,Product-1828,396,42.57
MA,Product-1829,990,35.12
NG,Product-1830,453,6.95
GH,Product-1831,188,8.37
KE,Product-1832,865,26.87
ZA,Product-1833,858,55.12
MA,Product-1834,105,81.18
NG,Product-1835,915,76.04
GH,Product-1836,316,21.89
KE,Product-1837,598,72.22
ZA,Product-1838,454,23.77
MA,Product-1839,272,7.52
NG,Product-1840,284,32.79
GH,Product-1841,871,29.90
KE,Product-1842,735,42.36
ZA,Product-1843,264,64.01
MA,Product-1844,467,11.89
NG,Product-1845,242,75.43
GH,Product-1846,640,4.02
KE,Product-1847,10,50.89
ZA,Product-1848,521,13.43
MA,Product-1849,532,34.17
NG,Product-1850,5,49.28
GH,Product-1851,646,67.66
KE,Product-1852,864,31.07
ZA,Product-1853,828,47.52
MA,Product-1854,236,5.11
NG,Product-1855,340,16.14
GH,Product-1856,861,51.59
KE,Product-1857,497,16.78
ZA,Product-1858,475,43.12
MA,Product-1859,171,58.43
NG,Product-1860,687,47.76
GH,Product-1861,149,42.41
KE,Product-1862,114,33.53
ZA,Product-1863,798,12.95
MA,Product-1864,767,57.20
NG,Product-1865,758,12.59
GH,Product-1866,519,32.89
KE,Product-1867,173,35.28
ZA,Product-1868,400,20.33
MA,Product-1869,311,45.83
NG,Product-1870,815,67.34
GH,Product-1871,916,82.82
KE,Product-1872,102,85.27
ZA,Product-1873,984,48.41
MA,Product-1874,722,74.81
NG,Product-1875,410,29.84
GH,Product-1876,447,80.77
KE,Product-1877,659,65.63
ZA,Product-1878,474,70.29
MA,Product-1879,452,82.31
NG,Product-1880,341,77.46
GH,Product-1881,700,59.22
KE,Product-1882,130,93.74
ZA,Product-1883,866,47.57
MA,Product-1884,56,6.21
NG,Product-1885,520,59.03
GH,Product-1886,981,85.82
KE,Product-1887,848,49.43
ZA,Product-1888,874,76.37
MA,Product-1889,848,12.63
NG,Product-1890,426,71.27
GH,Product-1891,781,57.90
KE,Product-1892,159,61.17
ZA,Product-1893,134,20.03
MA,Product-1894,822,74.06
NG,Product-1895,449,2.45
GH,Product-1896,381,83.00
KE,Product-1897,437,57.49
ZA,Product-1898,936,14.29
MA,Product-1899,127,42.53
NG,Product-1900,9,52.71
GH,Product-1901,113,0.05
KE,Product-1902,974,80.46
ZA,Product-1903,349,18.15
MA,Product-1904,128,39.41
NG,Product-1905,21,75.34
GH,Product-1906,572,92.89
KE,Product-1907,958,77.39
ZA,Product-1908,690,18.07
MA,Product-1909,932,19.94
NG,Product-1910,847,48.18
GH,Product-1911,259,33.95
KE,Product-1912,532,65.77
ZA,Product-1913,604,22.83
MA,Product-1914,795,12.66
NG,Product-1915,955,44.13
GH,Product-1916,639,24.42
KE,Product-1917,647,33.62
ZA,Product-1918,932,80.15
MA,Product-1919,911,10.66
NG,Product-1920,960,7.71
GH,Product-1921,219,95.53
KE,Product-1922,924,14.43
ZA,Product-1923,256,6.80
MA,Product-1924,19,19.00
NG,Product-1925,485,8.79
GH,Product-1926,515,64.13
KE,Product-1927,574,93.80
ZA,Product-1928,153,60.84
MA,Product-1929,166,86.17
NG,Product-1930,449,71.21
GH,Product-1931,279,73.97
KE,Product-1932,173,56.87
ZA,Product-1933,406,66.96
MA,Product-1934,635,52.64
NG,Product-1935,922,23.63
GH,Product-1936,216,47.47
KE,Product-1937,317,57.87
ZA,Product-1938,75,68.49
MA,Product-1939,399,92.17
NG,Product-1940,538,33.48
GH,Product-1941,217,25.30
KE,Product-1942,882,29.38
ZA,Product-1943,982,95.39
MA,Product-1944,980,61.42
NG,Product-1945,557,47.99
GH,Product-1946,680,26.23
KE,Product-1947,544,68.51
ZA,Product-1948,957,85.67
MA,Product-1949,190,92.42
NG,Product-1950,322,68.75
GH,Product-1951,813,5.97
KE,Product-1952,556,10.55
ZA,Product-1953,26,56.41
MA,Product-1954,217,11.47
NG,Product-1955,196,55.81
GH,Product-1956,511,3.68
KE,Product-1957,824,57.28
ZA,Product-1958,815,82.52
MA,Product-1959,775,0.86
NG,Product-1960,644,50.65
GH,Product-1961,722,7.78
KE,Product-1962,146,16.19
ZA,Product-1963,466,65.07
MA,Product-1964,874,26.36
NG,Product-1965,145,17.58
GH,Product-1966,161,98.39
KE,Product-1967,868,54.72
ZA,Product-1968,646,32.22
MA,Product-1969,463,61.24
NG,Product-1970,790,91.25
GH,Product-1971,775,50.65
KE,Product-1972,380,92.66
ZA,Product-1973,321,52.93
MA,Product-1974,469,42.11
NG,Product-1975,67,64.87
GH,Product-1976,877,51.78
KE,Product-1977,495,86.03
ZA,Product-1978,279,37.22
MA,Product-1979,331,36.61
NG,Product-1980,144,23.96
GH,Product-1981,922,1.27
KE,Product-1982,252,66.96
ZA,Product-1983,904,72.65
MA,Product-1984,447,84.68
NG,Product-1985,888,76.61
GH,Product-1986,956,77.55
KE,Product-1987,10,2.38
ZA,Product-1988,861,74.68
MA,Product-1989,258,88.01
NG,Product-1990,659,84.25
GH,Product-1991,453,31.39
KE,Product-1992,914,40.16
ZA,Product-1993,457,37.87
MA,Product-1994,351,47.89
NG,Product-1995,997,17.74
GH,Product-1996,571,96.63
KE,Product-1997,419,45.43
ZA,Product-1998,201,87.41
MA,Product-1999,590,33.56
NG,Product-2000,934,14.83
GH,Product-2001,102,46.17
KE,Product-2002,386,75.31
ZA,Product-2003,696,34.25
MA,Product-2004,489,49.03
NG,Product-2005,323,92.09
GH,Product-2006,792,71.39
KE,Product-2007,489,41.27
ZA,Product-2008,154,86.62
MA,Product-2009,9,91.92
NG,Product-2010,568,79.95
GH,Product-2011,603,34.10
KE,Product-2012,111,73.43
ZA,Product-2013,538,48.69
MA,Product-2014,332,16.25
NG,Product-2015,599,61.08
GH,Product-2016,160,27.61
KE,Product-2017,61,94.29
ZA,Product-2018,291,4.66
MA,Product-2019,841,11.02
NG,Product-2020,653,49.29
GH,Product-2021,696,60.33
KE,Product-2022,580,17.72
ZA,Product-2023,69,41.68
MA,Product-2024,29,22.39
NG,Product-2025,141,31.98
GH,Product-2026,260,24.12
KE,Product-2027,308,5.85
ZA,Product-2028,494,60.38
MA,Product-2029,537,89.00
NG,Product-2030,935,33.93
GH,Product-2031,242,67.84
KE,Product-2032,727,52.54
ZA,Product-2033,42,78.13
MA,Product-2034,444,54.57
NG,Product-2035,695,65.34
GH,Product-2036,886,74.50
KE,Product-2037,93,9.18
ZA,Product-2038,118,38.81
MA,Product-2039,570,84.89
NG,Product-2040,327,62.68
GH,Product-2041,563,37.98
KE,Product-2042,732,80.08
ZA,Product-2043,692,46.12
MA,Product-2044,770,10.33
NG,Product-2045,932,19.34
GH,Product-2046,577,45.72
KE,Product-2047,904,5.41
ZA,Product-2048,237,54.24
MA,Product-2049,512,38.25
NG,Product-2050,770,27.28
GH,Product-2051,166,25.96
KE,Product-2052,194,9.00
ZA,Product-2053,830,82.19
MA,Product-2054,874,59.08
NG,Product-2055,37,24.38
GH,Product-2056,600,49.89
KE,Product-2057,14,18.53
ZA,Product-2058,997,71.05
MA,Product-2059,750,30.98
NG,Product-2060,187,90.68
GH,Product-2061,962,84.62
KE,Product-2062,814,31.22
ZA,Product-2063,688,29.10
MA,Product-2064,420,33.29
NG,Product-2065,564,53.33
GH,Product-2066,860,62.92
KE,Product-2067,310,78.92
ZA,Product-2068,578,74.89
MA,Product-2069,210,20.27
NG,Product-2070,896,72.88
GH,Product-2071,209,5.27
KE,Product-2072,902,28.17
ZA,Product-2073,727,36.74
MA,Product-2074,686,26.50
NG,Product-2075,464,97.69
GH,Product-2076,98,35.44
KE,Product-2077,303,3.56
ZA,Product-2078,789,87.23
MA,Product-2079,127,63.47
NG,Product-2080,320,53.78
GH,Product-2081,591,60.60
KE,Product-2082,328,17.37
ZA,Product-2083,254,24.81
MA,Product-2084,926,81.72
NG,Product-2085,443,11.40
GH,Product-2086,415,18.82
KE,Product-2087,472,71.25
ZA,Product-2088,573,10.30
MA,Product-2089,254,20.57
NG,Product-2090,866,64.89
GH,Product-2091,719,43.14
KE,Product-2092,450,24.82
ZA,Product-2093,563,16.16
MA,Product-2094,615,62.57
NG,Product-2095,651,58.16
GH,Product-2096,61,5.08
KE,Product-2097,19,18.86
ZA,Product-2098,472,89.06
MA,Product-2099,755,26.95
NG,Product-2100,521,93.49
GH,Product-2101,726,83.47
KE,Product-2102,152,34.53
ZA,Product-2103,84,74.92
MA,Product-2104,586,6.84
NG,Product-2105,538,66.35
GH,Product-2106,636,17.54
KE,Product-2107,774,43.95
ZA,Product-2108,476,16.29
MA,Product-2109,920,47.33
NG,Product-2110,885,25.01
GH,Product-2111,217,41.74
KE,Product-2112,256,78.16
ZA,Product-2113,772,74.19
MA,Product-2114,122,23.98
NG,Product-2115,863,68.59
GH,Product-2116,275,81.94
KE,Product-2117,675,72.22
ZA,Product-2118,312,12.79
MA,Product-2119,257,75.94
NG,Product-2120,971,8.51
GH,Product-2121,382,47.33
KE,Product-2122,454,46.69
ZA,Product-2123,380,60.60
MA,Product-2124,214,67.96
NG,Product-2125,202,53.32
GH,Product-2126,589,39.31
KE,Product-2127,886,0.08
ZA,Product-2128,323,45.92
MA,Product-2129,640,95.25
NG,Product-2130,513,87.54
GH,Product-2131,140,58.82
KE,Product-2132,328,16.98
ZA,Product-2133,46,85.60
MA,Product-2134,278,78.79
NG,Product-2135,441,55.67
GH,Product-2136,445,83.39
KE,Product-2137,883,68.71
ZA,Product-2138,473,69.95
MA,Product-2139,623,29.24
NG,Product-2140,976,39.12
GH,Product-2141,321,12.69
KE,Product-2142,650,28.15
ZA,Product-2143,893,63.43
MA,Product-2144,23,71.33
NG,Product-2145,382,49.13
GH,Product-2146,537,47.26
KE,Product-2147,855,94.29
ZA,Product-2148,154,82.11
MA,Product-2149,885,42.50
NG,Product-2150,501,8.40
GH,Product-2151,554,61.77
KE,Product-2152,522,42.02
ZA,Product-2153,968,2.62
MA,Product-2154,637,34.36
NG,Product-2155,146,3.96
GH,Product-2156,730,53.92
KE,Product-2157,119,35.70
ZA,Product-2158,677,37.46
MA,Product-2159,281,9.75
NG,Product-2160,228,28.21
GH,Product-2161,733,56.93
KE,Product-2162,354,82.32
ZA,Product-2163,933,76.21
MA,Product-2164,801,41.85
NG,Product-2165,44,10.12
GH,Product-2166,966,1.18
KE,Product-2167,73,63.63
ZA,Product-2168,213,61.91
MA,Product-2169,111,55.22
NG,Product-2170,747,58.53
GH,Product-2171,902,14.72
KE,Product-2172,434,50.00
ZA,Product-2173,312,18.77
MA,Product-2174,329,54.19
NG,Product-2175,555,32.64
GH,Product-2176,339,8.10
KE,Product-2177,220,92.07
ZA,Product-2178,114,91.66
MA,Product-2179,686,87.67
NG,Product-2180,699,34.85
GH,Product-2181,252,25.73
KE,Product-2182,697,97.39
ZA,Product-2183,67,18.92
MA,Product-2184,250,14.69
NG,Product-2185,807,29.66
GH,Product-2186,842,70.44
KE,Product-2187,818,55.02
ZA,Product-2188,755,66.53
MA,Product-2189,702,79.12
NG,Product-2190,69,78.72
GH,Product-2191,840,98.54
KE,Product-2192,169,95.02
ZA,Product-2193,783,9.56
MA,Product-2194,25,15.36
NG,Product-2195,198,24.84
GH,Product-2196,553,64.31
KE,Product-2197,525,83.80
ZA,Product-2198,130,21.02
MA,Product-2199,539,99.55
NG,Product-2200,25,20.83
GH,Product-2201,393,14.66
KE,Product-2202,68,95.68
ZA,Product-2203,148,41.39
MA,Product-2204,285,8.27
NG,Product-2205,720,30.82
GH,Product-2206,25,82.65
KE,Product-2207,603,0.75
ZA,Product-2208,588,26.52
MA,Product-2209,419,8.57
NG,Product-2210,277,11.73
GH,Product-2211,585,13.60
KE,Product-2212,907,77.58
ZA,Product-2213,155,88.37
MA,Product-2214,339,98.24
NG,Product-2215,980,13.89
GH,Product-2216,593,67.69
KE,Product-2217,163,17.17
ZA,Product-2218,607,40.89
MA,Product-2219,635,83.26
NG,Product-2220,853,86.93
GH,Product-2221,264,51.97
KE,Product-2222,440,45.11
ZA,Product-2223,794,61.38
MA,Product-2224,206,74.00
NG,Product-2225,703,23.39
GH,Product-2226,113,96.66
KE,Product-2227,781,90.87
ZA,Product-2228,907,92.73
MA,Product-2229,20,46.99
NG,Product-2230,148,2.77
GH,Product-2231,835,38.81
KE,Product-2232,74,16.97
ZA,Product-2233,112,75.29
MA,Product-2234,987,95.27
NG,Product-2235,381,25.35
GH,Product-2236,189,27.36
KE,Product-2237,866,43.45
ZA,Product-2238,996,52.82
MA,Product-2239,422,54.73
NG,Product-2240,889,4.22
GH,Product-2241,951,71.14
KE,Product-2242,198,13.47
ZA,Product-2243,244,26.94
MA,Product-2244,729,22.12
NG,Product-2245,317,66.39
GH,Product-2246,795,30.83
KE,Product-2247,225,63.56
ZA,Product-2248,844,52.45
MA,Product-2249,439,12.53
NG,Product-2250,266,50.34
GH,Product-2251,692,31.32
KE,Product-2252,733,25.80
ZA,Product-2253,738,63.93
MA,Product-2254,974,27.99
NG,Product-2255,790,25.24
GH,Product-2256,622,2.25
KE,Product-2257,193,41.61
ZA,Product-2258,845,97.97
MA,Product-2259,601,37.60
NG,Product-2260,702,97.16
GH,Product-2261,676,57.56
KE,Product-2262,668,44.50
ZA,Product-2263,194,12.65
MA,Product-2264,291,15.41
NG,Product-2265,602,28.33
GH,Product-2266,148,94.04
KE,Product-2267,603,63.55
ZA,Product-2268,895,21.35
MA,Product-2269,976,96.03
NG,Product-2270,637,38.72
GH,Product-2271,437,87.30
KE,Product-2272,633,70.57
ZA,Product-2273,283,35.23
MA,Product-2274,150,50.82
NG,Product-2275,56,60.42
GH,Product-2276,894,13.67
KE,Product-2277,860,69.26
ZA,Product-2278,616,0.60
MA,Product-2279,677,46.31
NG,Product-2280,404,61.80
GH,Product-2281,525,4.25
KE,Product-2282,24,98.94
ZA,Product-2283,168,75.62
MA,Product-2284,843,39.29
NG,Product-2285,217,8.07
GH,Product-2286,319,73.87
KE,Product-2287,463,60.90
ZA,Product-2288,909,90.82
MA,Product-2289,778,6.35
NG,Product-2290,337,95.31
GH,Product-2291,971,50.22
KE,Product-2292,563,59.32
ZA,Product-2293,251,46.99
MA,Product-2294,669,57.93
NG,Product-2295,796,60.49
GH,Product-2296,51,9.36
KE,Product-2297,195,92.06
ZA,Product-2298,424,35.31
MA,Product-2299,170,35.31
NG,Product-2300,347,68.72
GH,Product-2301,947,0.86
KE,Product-2302,219,60.52
ZA,Product-2303,615,11.20
MA,Product-2304,579,0.07
NG,Product-2305,208,12.46
GH,Product-2306,390,48.65
KE,Product-2307,761,52.66
ZA,Product-2308,302,72.03
MA,Product-2309,768,48.41
NG,Product-2310,25,99.57
GH,Product-2311,136,93.92
KE,Product-2312,352,40.50
ZA,Product-2313,267,92.64
MA,Product-2314,303,13.03
NG,Product-2315,771,42.34
GH,Product-2316,336,63.96
KE,Product-2317,477,66.34
ZA,Product-2318,681,67.53
MA,Product-2319,134,80.98
NG,Product-2320,83,75.38
GH,Product-2321,20,78.25
KE,Product-2322,106,99.37
ZA,Product-2323,221,62.49
MA,Product-2324,310,4.26
NG,Product-2325,992,25.40
GH,Product-2326,848,80.43
KE,Product-2327,194,51.68
ZA,Product-2328,130,54.83
MA,Product-2329,580,35.23
NG,Product-2330,448,31.28
GH,Product-2331,608,75.26
KE,Product-2332,694,88.82
ZA,Product-2333,578,69.59
MA,Product-2334,682,0.46
NG,Product-2335,934,58.90
GH,Product-2336,848,91.33
KE,Product-2337,345,52.37
ZA,Product-2338,408,41.03
MA,Product-2339,350,36.55
NG,Product-2340,145,40.71
GH,Product-2341,84,5.25
KE,Product-2342,807,38.96
ZA,Product-2343,925,12.47
MA,Product-2344,2,79.81
NG,Product-2345,779,37.06
GH,Product-2346,520,15.34
KE,Product-2347,884,40.09
ZA,Product-2348,242,25.04
MA,Product-2349,321,45.11
NG,Product-2350,557,10.80
GH,Product-2351,692,9.87
KE,Product-2352,613,50.60
ZA,Product-2353,975,1.78
MA,Product-2354,291,82.44
NG,Product-2355,246,19.94
GH,Product-2356,947,44.85
KE,Product-2357,118,10.23
ZA,Product-2358,133,53.11
MA,Product-2359,162,48.54
NG,Product-2360,654,38.25
GH,Product-2361,914,89.43
KE,Product-2362,176,89.48
ZA,Product-2363,251,93.00
MA,Product-2364,798,92.39
NG,Product-2365,962,8.03
GH,Product-2366,760,18.54
KE,Product-2367,285,35.40
ZA,Product-2368,524,39.22
MA,Product-2369,47,71.34
NG,Product-2370,626,11.89
GH,Product-2371,378,27.19
KE,Product-2372,111,12.73
ZA,Product-2373,858,52.36
MA,Product-2374,554,61.51
NG,Product-2375,332,8.31
GH,Product-2376,633,28.00
KE,Product-2377,729,33.81
ZA,Product-2378,890,28.70
MA,Product-2379,288,0.85
NG,Product-2380,108,94.39
GH,Product-2381,300,32.78
KE,Product-2382,689,96.74
ZA,Product-2383,46,92.73
MA,Product-2384,878,19.69
NG,Product-2385,356,54.31
GH,Product-2386,529,35.80
KE,Product-2387,169,47.48
ZA,Product-2388,409,65.23
MA,Product-2389,820,89.80
NG,Product-2390,145,86.67
GH,Product-2391,891,86.18
KE,Product-2392,440,31.54
ZA,Product-2393,737,40.27
MA,Product-2394,813,79.76
NG,Product-2395,28,14.06
GH,Product-2396,656,79.79
KE,Product-2397,990,13.11
ZA,Product-2398,467,78.51
MA,Product-2399,9,30.50
NG,Product-2400,963,89.17
GH,Product-2401,433,52.65
KE,Product-2402,641,55.82
ZA,Product-2403,103,43.94
MA,Product-2404,580,94.21
NG,Product-2405,134,92.06
GH,Product-2406,471,72.69
KE,Product-2407,435,74.99
ZA,Product-2408,721,40.66
MA,Product-2409,381,53.09
NG,Product-2410,869,21.96
GH,Product-2411,212,2.87
KE,Product-2412,996,78.32
ZA,Product-2413,127,65.15
MA,Product-2414,19,72.79
NG,Product-2415,385,87.70
GH,Product-2416,305,13.56
KE,Product-2417,83,5.93
ZA,Product-2418,503,99.69
MA,Product-2419,129,98.90
NG,Product-2420,536,78.01
GH,Product-2421,556,89.59
KE,Product-2422,592,55.35
ZA,Product-2423,602,33.22
MA,Product-2424,230,39.10
NG,Product-2425,301,80.21
GH,Product-2426,978,52.73
KE,Product-2427,660,24.08
ZA,Product-2428,292,37.25
MA,Product-2429,85,69.98
NG,Product-2430,73,29.74
GH,Product-2431,109,82.31
KE,Product-2432,245,88.99
ZA,Product-2433,662,86.84
MA,Product-2434,335,72.49
NG,Product-2435,419,97.45
GH,Product-2436,149,2.77
KE,Product-2437,14,78.75
ZA,Product-2438,121,48.91
MA,Product-2439,715,13.83
NG,Product-2440,376,87.91
GH,Product-2441,755,87.56
KE,Product-2442,84,19.76
ZA,Product-2443,715,45.21
MA,Product-2444,742,94.94
NG,Product-2445,644,66.02
GH,Product-2446,22,92.12
KE,Product-2447,543,77.35
ZA,Product-2448,224,36.35
MA,Product-2449,660,76.91
NG,Product-2450,28,41.64
GH,Product-2451,646,75.49
KE,Product-2452,67,17.99
ZA,Product-2453,254,35.34
MA,Product-2454,193,23.67
NG,Product-2455,886,75.04
GH,Product-2456,157,34.77
KE,Product-2457,97,29.05
ZA,Product-2458,815,77.02
MA,Product-2459,922,90.12
NG,Product-2460,972,70.02
GH,Product-2461,52,30.24
KE,Product-2462,207,41.73
ZA,Product-2463,842,21.56
MA,Product-2464,792,45.26
NG,Product-2465,811,87.40
GH,Product-2466,100,42.07
KE,Product-2467,798,67.46
ZA,Product-2468,499,85.66
MA,Product-2469,499,34.58
NG,Product-2470,975,58.40
GH,Product-2471,130,9.32
KE,Product-2472,76,10.10
ZA,Product-2473,679,93.08
MA,Product-2474,1,25.14
NG,Product-2475,291,36.04
GH,Product-2476,25,37.75
KE,Product-2477,758,18.25
ZA,Product-2478,210,58.05
MA,Product-2479,405,96.99
NG,Product-2480,5,25.73
GH,Product-2481,717,65.58
KE,Product-2482,817,29.30
ZA,Product-2483,135,1.96
MA,Product-2484,935,58.05
NG,Product-2485,74,28.68
GH,Product-2486,994,21.47
KE,Product-2487,851,10.07
ZA,Product-2488,650,78.08
MA,Product-2489,160,91.37
NG,Product-2490,11,6.53
GH,Product-2491,397,1.90
KE,Product-2492,6,84.69
ZA,Product-2493,926,42.19
MA,Product-2494,955,89.43
NG,Product-2495,844,49.32
GH,Product-2496,638,66.52
KE,Product-2497,926,33.24
ZA,Product-2498,331,65.88
MA,Product-2499,632,2.74
NG,Product-2500,693,69.23
GH,Product-2501,762,74.35
KE,Product-2502,811,16.13
ZA,Product-2503,10,37.19
MA,Product-2504,953,30.45
NG,Product-2505,324,40.74
GH,Product-2506,736,98.80
KE,Product-2507,221,35.29
ZA,Product-2508,432,4.03
MA,Product-2509,428,7.20
NG,Product-2510,969,16.24
GH,Product-2511,23,32.79
KE,Product-2512,335,26.26
ZA,Product-2513,341,89.16
MA,Product-2514,625,52.14
NG,Product-2515,372,78.12
GH,Product-2516,23,60.00
KE,Product-2517,962,68.47
ZA,Product-2518,20,42.27
MA,Product-2519,311,93.74
NG,Product-2520,352,80.45
GH,Product-2521,202,18.10
KE,Product-2522,752,1.54
ZA,Product-2523,890,14.35
MA,Product-2524,150,36.81
NG,Product-2525,544,46.63
GH,Product-2526,994,9.95
KE,Product-2527,325,21.89
ZA,Product-2528,232,32.13
MA,Product-2529,460,70.10
NG,Product-2530,727,51.30
GH,Product-2531,853,18.54
KE,Product-2532,842,90.31
ZA,Product-2533,487,81.10
MA,Product-2534,600,59.18
NG,Product-2535,191,83.23
GH,Product-2536,787,26.18
KE,Product-2537,937,26.26
ZA,Product-2538,137,21.57
MA,Product-2539,133,13.89
NG,Product-2540,92,56.91
GH,Product-2541,917,1.35
KE,Product-2542,171,25.07
ZA,Product-2543,629,75.97
MA,Product-2544,340,70.25
NG,Product-2545,718,91.39
GH,Product-2546,450,46.86
KE,Product-2547,172,63.27
ZA,Product-2548,815,8.22
MA,Product-2549,498,37.17
NG,Product-2550,491,78.68
GH,Product-2551,970,17.08
KE,Product-2552,969,90.50
ZA,Product-2553,643,97.79
MA,Product-2554,741,20.06
NG,Product-2555,164,61.05
GH,Product-2556,326,52.78
KE,Product-2557,243,23.10
ZA,Product-2558,634,90.49
MA,Product-2559,827,13.75
NG,Product-2560,682,46.27
GH,Product-2561,125,40.04
KE,Product-2562,713,78.67
ZA,Product-2563,21,77.10
MA,Product-2564,842,56.24
NG,Product-2565,627,10.91
GH,Product-2566,272,64.11
KE,Product-2567,468,17.43
ZA,Product-2568,906,53.78
MA,Product-2569,478,26.44
NG,Product-2570,30,24.78
GH,Product-2571,566,20.57
KE,Product-2572,766,17.30
ZA,Product-2573,938,41.71
MA,Product-2574,470,98.97
NG,Product-2575,521,55.91
GH,Product-2576,572,11.80
KE,Product-2577,985,40.65
ZA,Product-2578,738,77.72
MA,Product-2579,181,75.15
NG,Product-2580,144,82.35
GH,Product-2581,148,58.42
KE,Product-2582,113,56.16
ZA,Product-2583,460,36.19
MA,Product-2584,892,45.74
NG,Product-2585,594,32.51
GH,Product-2586,635,72.73
KE,Product-2587,518,52.58
ZA,Product-2588,240,15.89
MA,Product-2589,979,1.19
NG,Product-2590,937,39.81
GH,Product-2591,501,82.95
KE,Product-2592,944,75.18
ZA,Product-2593,148,90.23
MA,Product-2594,591,73.31
NG,Product-2595,657,84.94
GH,Product-2596,493,14.37
KE,Product-2597,659,38.56
ZA,Product-2598,90,36.96
MA,Product-2599,155,94.46
NG,Product-2600,810,30.49
GH,Product-2601,697,15.16
KE,Product-2602,515,29.80
ZA,Product-2603,629,8.19
MA,Product-2604,917,93.34
NG,Product-2605,179,27.58
GH,Product-2606,201,93.95
KE,Product-2607,183,8.10
ZA,Product-2608,994,80.90
MA,Product-2609,874,97.18
NG,Product-2610,521,66.95
GH,Product-2611,75,2.17
KE,Product-2612,310,1.47
ZA,Product-2613,680,0.56
MA,Product-2614,131,45.70
NG,Product-2615,332,68.64
GH,Product-2616,648,93.34
KE,Product-2617,277,81.34
ZA,Product-2618,127,83.57
MA,Product-2619,11,13.22
NG,Product-2620,319,15.16
GH,Product-2621,399,75.07
KE,Product-2622,126,51.41
ZA,Product-2623,108,73.84
MA,Product-2624,980,0.78
NG,Product-2625,333,64.28
GH,Product-2626,126,38.96
KE,Product-2627,196,75.59
ZA,Product-2628,420,47.89
MA,Product-2629,613,58.35
NG,Product-2630,42,47.48
GH,Product-2631,368,74.77
KE,Product-2632,422,81.80
ZA,Product-2633,977,0.74
MA,Product-2634,211,24.42
NG,Product-2635,680,18.24
GH,Product-2636,830,69.64
KE,Product-2637,161,60.73
ZA,Product-2638,397,87.87
MA,Product-2639,103,98.21
NG,Product-2640,147,92.00
GH,Product-2641,735,28.92
KE,Product-2642,258,91.23
ZA,Product-2643,599,90.25
MA,Product-2644,675,39.21
NG,Product-2645,259,78.06
GH,Product-2646,748,34.30
KE,Product-2647,539,20.77
ZA,Product-2648,116,53.33
MA,Product-2649,165,88.17
NG,Product-2650,283,57.74
GH,Product-2651,497,47.30
KE,Product-2652,257,93.75
ZA,Product-2653,264,35.20
MA,Product-2654,695,59.07
NG,Product-2655,450,99.25
GH,Product-2656,648,70.69
KE,Product-2657,257,95.93
ZA,Product-2658,539,22.87
MA,Product-2659,475,76.52
NG,Product-2660,28,63.35
GH,Product-2661,26,31.70
KE,Product-2662,150,98.81
ZA,Product-2663,842,2.63
MA,Product-2664,936,98.11
NG,Product-2665,188,25.12
GH,Product-2666,848,49.78
KE,Product-2667,458,41.56
ZA,Product-2668,986,78.90
MA,Product-2669,643,15.31
NG,Product-2670,745,13.21
GH,Product-2671,872,61.39
KE,Product-2672,167,49.67
ZA,Product-2673,97,2.06
MA,Product-2674,79,59.13
NG,Product-2675,776,41.90
GH,Product-2676,732,21.13
KE,Product-2677,758,91.60
ZA,Product-2678,914,11.31
MA,Product-2679,953,3.87
NG,Product-2680,717,10.32
GH,Product-2681,848,16.87
KE,Product-2682,311,17.46
ZA,Product-2683,474,3.76
MA,Product-2684,932,87.76
NG,Product-2685,805,30.70
GH,Product-2686,694,84.97
KE,Product-2687,164,56.45
ZA,Product-2688,970,27.03
MA,Product-2689,536,13.93
NG,Product-2690,448,55.36
GH,Product-2691,858,43.17
KE,Product-2692,446,12.19
ZA,Product-2693,317,64.60
MA,Product-2694,318,48.50
NG,Product-2695,558,69.53
GH,Product-2696,158,68.32
KE,Product-2697,570,15.42
ZA,Product-2698,878,58.40
MA,Product-2699,591,41.92
NG,Product-2700,131,47.84
GH,Product-2701,675,51.13
KE,Product-2702,374,43.57
ZA,Product-2703,148,65.60
MA,Product-2704,595,37.26
NG,Product-2705,89,31.77
GH,Product-2706,988,91.46
KE,Product-2707,385,1.39
ZA,Product-2708,163,27.20
MA,Product-2709,58,40.98
NG,Product-2710,549,11.09
GH,Product-2711,397,14.22
KE,Product-2712,166,75.20
ZA,Product-2713,819,2.58
MA,Product-2714,738,87.29
NG,Product-2715,164,20.63
GH,Product-2716,739,84.08
KE,Product-2717,163,16.52
ZA,Product-2718,725,96.97
MA,Product-2719,252,49.20
NG,Product-2720,482,17.53
GH,Product-2721,650,37.04
KE,Product-2722,465,89.63
ZA,Product-2723,462,40.71
MA,Product-2724,421,67.01
NG,Product-2725,389,94.38
GH,Product-2726,584,33.24
KE,Product-2727,728,86.44
ZA,Product-2728,130,30.49
MA,Product-2729,416,35.71
NG,Product-2730,901,15.04
GH,Product-2731,61,92.49
KE,Product-2732,725,36.35
ZA,Product-2733,10,8.39
MA,Product-2734,42,97.03
NG,Product-2735,555,43.13
GH,Product-2736,730,74.22
KE,Product-2737,114,51.71
ZA,Product-2738,103,50.60
MA,Product-2739,806,74.01
NG,Product-2740,701,43.63
GH,Product-2741,572,84.94
KE,Product-2742,313,41.12
ZA,Product-2743,495,0.55
MA,Product-2744,59,96.16
NG,Product-2745,863,32.55
GH,Product-2746,99,2.60
KE,Product-2747,525,70.60
ZA,Product-2748,213,48.30
MA,Product-2749,798,4.78
NG,Product-2750,850,82.53
GH,Product-2751,337,19.70
KE,Product-2752,797,95.02
ZA,Product-2753,899,77.93
MA,Product-2754,92,23.06
NG,Product-2755,591,55.49
GH,Product-2756,963,90.27
KE,Product-2757,864,7.20
ZA,Product-2758,574,18.61
MA,Product-2759,136,66.97
NG,Product-2760,129,26.38
GH,Product-2761,775,20.50
KE,Product-2762,17,19.93
ZA,Product-2763,783,60.26
MA,Product-2764,732,40.89
NG,Product-2765,242,48.69
GH,Product-2766,955,33.93
KE,Product-2767,191,42.09
ZA,Product-2768,826,99.91
MA,Product-2769,17,78.70
NG,Product-2770,55,70.42
GH,Product-2771,196,19.28
KE,Product-2772,335,24.25
ZA,Product-2773,675,9.88
MA,Product-2774,330,28.42
NG,Product-2775,956,75.26
GH,Product-2776,514,97.54
KE,Product-2777,793,52.42
ZA,Product-2778,729,67.49
MA,Product-2779,148,58.91
NG,Product-2780,354,1.10
GH,Product-2781,512,64.95
KE,Product-2782,556,5.20
ZA,Product-2783,252,80.92
MA,Product-2784,431,57.19
NG,Product-2785,227,58.91
GH,Product-2786,248,29.78
KE,Product-2787,204,43.58
ZA,Product-2788,317,72.33
MA,Product-2789,932,41.43
NG,Product-2790,849,17.73
GH,Product-2791,786,14.37
KE,Product-2792,948,38.14
ZA,Product-2793,704,65.21
MA,Product-2794,86,52.57
NG,Product-2795,409,72.62
GH,Product-2796,356,28.45
KE,Product-2797,683,37.01
ZA,Product-2798,72,56.73
MA,Product-2799,377,26.53
NG,Product-2800,251,42.19
GH,Product-2801,68,97.74
KE,Product-2802,371,89.02
ZA,Product-2803,584,76.66
MA,Product-2804,533,6.22
NG,Product-2805,118,22.17
GH,Product-2806,809,32.78
KE,Product-2807,637,89.06
ZA,Product-2808,304,14.94
MA,Product-2809,164,61.03
NG,Product-2810,712,65.83
GH,Product-2811,54,45.71
KE,Product-2812,463,1.15
ZA,Product-2813,595,89.80
MA,Product-2814,835,42.99
NG,Product-2815,895,22.47
GH,Product-2816,680,43.49
KE,Product-2817,954,68.20
ZA,Product-2818,174,35.16
MA,Product-2819,667,85.82
NG,Product-2820,166,78.63
GH,Product-2821,474,66.24
KE,Product-2822,483,73.45
ZA,Product-2823,779,53.94
MA,Product-2824,33,35.39
NG,Product-2825,562,50.49
GH,Product-2826,405,40.02
KE,Product-2827,583,56.21
ZA,Product-2828,42,39.29
MA,Product-2829,613,77.42
NG,Product-2830,813,70.98
GH,Product-2831,881,51.31
KE,Product-2832,554,4.08
ZA,Product-2833,32,40.49
MA,Product-2834,979,19.55
NG,Product-2835,882,1.10
GH,Product-2836,953,81.35
KE,Product-2837,148,69.78
ZA,Product-2838,941,53.78
MA,Product-2839,198,66.51
NG,Product-2840,57,98.52
GH,Product-2841,973,29.90
KE,Product-2842,504,72.52
ZA,Product-2843,984,33.35
MA,Product-2844,912,42.66
NG,Product-2845,928,15.03
GH,Product-2846,211,12.60
KE,Product-2847,892,96.24
ZA,Product-2848,861,55.75
MA,Product-2849,242,16.37
NG,Product-2850,485,21.32
GH,Product-2851,374,28.47
KE,Product-2852,482,92.15
ZA,Product-2853,774,97.51
MA,Product-2854,239,52.82
NG,Product-2855,799,1.36
GH,Product-2856,797,38.53
KE,Product-2857,979,40.99
ZA,Product-2858,127,51.03
MA,Product-2859,960,84.72
NG,Product-2860,722,32.80
GH,Product-2861,947,93.19
KE,Product-2862,750,93.57
ZA,Product-2863,295,90.54
MA,Product-2864,257,96.70
NG,Product-2865,220,82.95
GH,Product-2866,797,89.81
KE,Product-2867,158,62.28
ZA,Product-2868,899,59.33
MA,Product-2869,498,21.71
NG,Product-2870,413,43.98
GH,Product-2871,744,86.86
KE,Product-2872,217,26.21
ZA,Product-2873,471,94.70
MA,Product-2874,615,65.48
NG,Product-2875,322,36.72
GH,Product-2876,734,73.05
KE,Product-2877,170,39.96
ZA,Product-2878,353,96.14
MA,Product-2879,358,98.88
NG,Product-2880,709,77.66
GH,Product-2881,126,94.30
KE,Product-2882,80,87.76
ZA,Product-2883,654,71.91
MA,Product-2884,650,16.61
NG,Product-2885,119,92.54
GH,Product-2886,203,11.08
KE,Product-2887,569,10.60
ZA,Product-2888,672,98.22
MA,Product-2889,673,49.39
NG,Product-2890,932,96.89
GH,Product-2891,567,66.25
KE,Product-2892,550,29.45
ZA,Product-2893,283,92.67
MA,Product-2894,756,43.50
NG,Product-2895,171,85.12
GH,Product-2896,674,83.06
KE,Product-2897,555,45.75
ZA,Product-2898,520,28.15
MA,Product-2899,344,39.16
NG,Product-2900,389,70.98
GH,Product-2901,590,34.31
KE,Product-2902,696,71.94
ZA,Product-2903,186,16.51
MA,Product-2904,226,69.01
NG,Product-2905,914,53.94
GH,Product-2906,790,16.52
KE,Product-2907,956,86.60
ZA,Product-2908,733,41.19
MA,Product-2909,986,71.62
NG,Product-2910,788,96.28
GH,Product-2911,660,78.01
KE,Product-2912,483,26.08
ZA,Product-2913,64,48.33
MA,Product-2914,499,66.65
NG,Product-2915,161,94.01
GH,Product-2916,972,9.36
KE,Product-2917,108,89.83
ZA,Product-2918,793,97.78
MA,Product-2919,569,98.55
NG,Product-2920,684,83.41
GH,Product-2921,237,85.36
KE,Product-2922,792,64.39
ZA,Product-2923,799,64.92
MA,Product-2924,311,31.31
NG,Product-2925,365,72.63
GH,Product-2926,416,52.33
KE,Product-2927,815,89.23
ZA,Product-2928,561,64.55
MA,Product-2929,588,93.00
NG,Product-2930,997,98.75
GH,Product-2931,458,72.56
KE,Product-2932,764,58.48
ZA,Product-2933,495,27.48
MA,Product-2934,114,6.80
NG,Product-2935,431,56.35
GH,Product-2936,798,36.66
KE,Product-2937,730,35.83
ZA,Product-2938,804,31.74
MA,Product-2939,411,9.05
NG,Product-2940,864,17.66
GH,Product-2941,709,58.74
KE,Product-2942,351,2.27
ZA,Product-2943,777,61.66
MA,Product-2944,205,83.41
NG,Product-2945,469,32.53
GH,Product-2946,611,13.09
KE,Product-2947,598,44.57
ZA,Product-2948,921,10.37
MA,Product-2949,481,17.61
NG,Product-2950,741,38.22
GH,Product-2951,534,97.74
KE,Product-2952,773,5.93
ZA,Product-2953,952,41.53
MA,Product-2954,577,64.21
NG,Product-2955,792,12.72
GH,Product-2956,982,63.20
KE,Product-2957,860,88.07
ZA,Product-2958,817,5.97
MA,Product-2959,842,34.24
NG,Product-2960,849,10.53
GH,Product-2961,329,80.14
KE,Product-2962,531,23.31
ZA,Product-2963,721,59.20
MA,Product-2964,14,49.18
NG,Product-2965,664,92.65
GH,Product-2966,818,26.57
KE,Product-2967,946,92.95
ZA,Product-2968,935,72.94
MA,Product-2969,906,70.01
NG,Product-2970,205,28.09
GH,Product-2971,934,29.04
KE,Product-2972,493,65.10
ZA,Product-2973,871,72.49
MA,Product-2974,40,12.08
NG,Product-2975,467,84.99
GH,Product-2976,822,48.44
KE,Product-2977,781,59.09
ZA,Product-2978,891,69.17
MA,Product-2979,210,45.95
NG,Product-2980,207,88.70
GH,Product-2981,317,38.96
KE,Product-2982,548,75.78
ZA,Product-2983,532,88.15
MA,Product-2984,402,17.54
NG,Product-2985,951,73.78
GH,Product-2986,968,95.47
KE,Product-2987,408,17.23
ZA,Product-2988,772,25.27
MA,Product-2989,896,68.12
NG,Product-2990,883,98.23
GH,Product-2991,374,94.19
KE,Product-2992,648,58.81
ZA,Product-2993,791,31.97
MA,Product-2994,741,0.59
NG,Product-2995,459,79.81
GH,Product-2996,537,0.03
KE,Product-2997,308,88.38
ZA,Product-2998,794,77.48
MA,Product-2999,830,38.88
NG,Product-3000,64,95.74
GH,Product-3001,391,31.95
KE,Product-3002,498,28.57
ZA,Product-3003,150,86.54
MA,Product-3004,955,98.50
NG,Product-3005,44,95.04
GH,Product-3006,837,94.39
KE,Product-3007,844,91.49
ZA,Product-3008,184,3.47
MA,Product-3009,988,81.30
NG,Product-3010,590,19.92
GH,Product-3011,981,8.51
KE,Product-3012,384,37.80
ZA,Product-3013,687,59.16
MA,Product-3014,19,18.94
NG,Product-3015,400,56.01
GH,Product-3016,615,39.38
KE,Product-3017,209,17.90
ZA,Product-3018,633,93.64
MA,Product-3019,604,17.79
NG,Product-3020,183,20.77
GH,Product-3021,549,13.93
KE,Product-3022,10,86.90
ZA,Product-3023,268,65.69
MA,Product-3024,255,97.61
NG,Product-3025,513,64.42
GH,Product-3026,975,89.97
KE,Product-3027,751,65.56
ZA,Product-3028,901,20.63
MA,Product-3029,793,11.32
NG,Product-3030,197,71.34
GH,Product-3031,135,3.03
KE,Product-3032,411,15.78
ZA,Product-3033,962,58.09
MA,Product-3034,347,60.48
NG,Product-3035,883,84.86
GH,Product-3036,654,54.40
KE,Product-3037,82,34.51
ZA,Product-3038,605,38.45
MA,Product-3039,445,98.09
NG,Product-3040,12,75.85
GH,Product-3041,672,71.81
KE,Product-3042,780,63.25
ZA,Product-3043,678,25.51
MA,Product-3044,499,41.57
NG,Product-3045,59,63.23
GH,Product-3046,502,36.90
KE,Product-3047,692,35.77
ZA,Product-3048,312,21.38
MA,Product-3049,249,8.85
NG,Product-3050,602,2.67
GH,Product-3051,900,92.83
KE,Product-3052,865,58.86
ZA,Product-3053,92,82.80
MA,Product-3054,807,5.15
NG,Product-3055,127,45.64
GH,Product-3056,396,1.99
KE,Product-3057,384,17.98
ZA,Product-3058,135,73.57
MA,Product-3059,714,15.74
NG,Product-3060,354,5.13
GH,Product-3061,694,41.88
KE,Product-3062,62,58.47
ZA,Product-3063,632,76.96
MA,Product-3064,859,82.36
NG,Product-3065,787,2.92
GH,Product-3066,887,55.97
KE,Product-3067,584,96.29
ZA,Product-3068,276,49.42
MA,Product-3069,206,20.99
NG,Product-3070,771,19.88
GH,Product-3071,124,88.50
KE,Product-3072,625,24.39
ZA,Product-3073,76,64.50
MA,Product-3074,449,1.98
NG,Product-3075,901,63.76
GH,Product-3076,823,81.61
KE,Product-3077,989,27.99
ZA,Product-3078,430,79.20
MA,Product-3079,127,96.22
NG,Product-3080,259,19.08
GH,Product-3081,861,38.50
KE,Product-3082,647,83.02
ZA,Product-3083,609,95.16
MA,Product-3084,305,61.05
NG,Product-3085,791,10.78
GH,Product-3086,747,38.20
KE,Product-3087,939,82.84
ZA,Product-3088,511,91.57
MA,Product-3089,245,80.32
NG,Product-3090,387,90.13
GH,Product-3091,260,35.44
KE,Product-3092,676,22.25
ZA,Product-3093,775,12.47
MA,Product-3094,849,37.63
NG,Product-3095,904,80.01
GH,Product-3096,786,60.68
KE,Product-3097,491,54.81
ZA,Product-3098,524,84.05
MA,Product-3099,554,22.23
NG,Product-3100,528,76.18
GH,Product-3101,994,23.35
KE,Product-3102,298,89.65
ZA,Product-3103,275,3.23
MA,Product-3104,878,5.38
NG,Product-3105,197,13.96
GH,Product-3106,758,55.34
KE,Product-3107,321,63.63
ZA,Product-3108,256,7.53
MA,Product-3109,835,9.68
NG,Product-3110,0,54.02
GH,Product-3111,103,85.05
KE,Product-3112,751,18.68
ZA,Product-3113,225,41.96
MA,Product-3114,785,66.51
NG,Product-3115,689,48.97
GH,Product-3116,203,53.60
KE,Product-3117,240,3.88
ZA,Product-3118,616,47.83
MA,Product-3119,413,75.01
NG,Product-3120,308,40.70
GH,Product-3121,677,3.19
KE,Product-3122,82,35.48
ZA,Product-3123,294,99.26
MA,Product-3124,3,69.24
NG,Product-3125,34,0.80
GH,Product-3126,535,4.89
KE,Product-3127,110,93.26
ZA,Product-3128,860,4.05
MA,Product-3129,207,41.30
NG,Product-3130,946,9.14
GH,Product-3131,679,3.92
KE,Product-3132,781,96.66
ZA,Product-3133,64,82.48
MA,Product-3134,293,83.74
NG,Product-3135,620,85.02
GH,Product-3136,780,51.71
KE,Product-3137,635,88.65
ZA,Product-3138,92,20.06
MA,Product-3139,877,94.56
NG,Product-3140,997,8.91
GH,Product-3141,726,19.31
KE,Product-3142,860,40.91
ZA,Product-3143,365,5.73
MA,Product-3144,569,80.64
NG,Product-3145,318,26.84
GH,Product-3146,809,14.61
KE,Product-3147,530,55.50
ZA,Product-3148,787,25.45
MA,Product-3149,933,62.18
NG,Product-3150,564,87.95
GH,Product-3151,733,16.50
KE,Product-3152,192,58.42
ZA,Product-3153,316,30.82
MA,Product-3154,731,1.90
NG,Product-3155,954,12.91
GH,Product-3156,331,2.45
KE,Product-3157,853,63.96
ZA,Product-3158,423,23.20
MA,Product-3159,610,25.74
NG,Product-3160,588,65.72
GH,Product-3161,277,69.91
KE,Product-3162,790,22.28
ZA,Product-3163,369,23.09
MA,Product-3164,711,27.05
NG,Product-3165,797,36.16
GH,Product-3166,647,25.90
KE,Product-3167,721,59.36
ZA,Product-3168,683,77.70
MA,Product-3169,943,41.58
NG,Product-3170,201,39.40
GH,Product-3171,250,46.25
KE,Product-3172,125,16.25
ZA,Product-3173,466,35.55
MA,Product-3174,37,60.62
NG,Product-3175,144,98.58
GH,Product-3176,717,2.25
KE,Product-3177,878,58.91
ZA,Product-3178,20,67.59
MA,Product-3179,311,39.63
NG,Product-3180,930,58.19
GH,Product-3181,507,53.66
KE,Product-3182,302,26.60
ZA,Product-3183,664,55.70
MA,Product-3184,844,60.17
NG,Product-3185,156,9.18
GH,Product-3186,988,42.92
KE,Product-3187,483,75.92
ZA,Product-3188,353,17.95
MA,Product-3189,389,77.75
NG,Product-3190,87,22.81
GH,Product-3191,515,87.48
KE,Product-3192,950,94.89
ZA,Product-3193,260,22.66
MA,Product-3194,171,1.68
NG,Product-3195,208,35.21
GH,Product-3196,589,11.34
KE,Product-3197,987,36.09
ZA,Product-3198,282,11.97
MA,Product-3199,854,99.64
NG,Product-3200,170,57.95
GH,Product-3201,80,76.32
KE,Product-3202,71,7.55
ZA,Product-3203,95,92.81
MA,Product-3204,495,28.96
NG,Product-3205,389,34.88
GH,Product-3206,237,45.80
KE,Product-3207,571,2.28
ZA,Product-3208,311,0.19
MA,Product-3209,970,25.50
NG,Product-3210,212,60.41
GH,Product-3211,87,31.65
KE,Product-3212,289,25.85
ZA,Product-3213,188,54.00
MA,Product-3214,578,93.58
NG,Product-3215,551,20.92
GH,Product-3216,584,53.72
KE,Product-3217,426,84.19
ZA,Product-3218,815,38.41
MA,Product-3219,201,6.45
NG,Product-3220,844,49.65
GH,Product-3221,160,49.38
KE,Product-3222,543,93.25
ZA,Product-3223,233,65.05
MA,Product-3224,482,94.53
NG,Product-3225,313,2.53
GH,Product-3226,975,36.56
KE,Product-3227,751,6.41
ZA,Product-3228,839,11.58
MA,Product-3229,831,41.81
NG,Product-3230,529,37.67
GH,Product-3231,678,66.30
KE,Product-3232,842,41.13
ZA,Product-3233,342,57.43
MA,Product-3234,415,76.57
NG,Product-3235,110,65.88
GH,Product-3236,589,66.96
KE,Product-3237,208,5.07
ZA,Product-3238,162,17.34
MA,Product-3239,676,81.77
NG,Product-3240,952,6.90
GH,Product-3241,208,90.83
KE,Product-3242,839,0.61
ZA,Product-3243,14,30.97
MA,Product-3244,338,99.94
NG,Product-3245,116,43.98
GH,Product-3246,469,83.39
KE,Product-3247,489,36.11
ZA,Product-3248,584,94.78
MA,Product-3249,43,11.76
NG,Product-3250,654,68.95
GH,Product-3251,756,16.45
KE,Product-3252,272,75.20
ZA,Product-3253,8,91.32
MA,Product-3254,93,77.87
NG,Product-3255,467,93.50
GH,Product-3256,950,82.92
KE,Product-3257,880,99.92
ZA,Product-3258,501,21.95
MA,Product-3259,40,76.58
NG,Product-3260,166,31.79
GH,Product-3261,467,38.90
KE,Product-3262,393,2.57
ZA,Product-3263,945,45.22
MA,Product-3264,651,57.10
NG,Product-3265,858,32.82
GH,Product-3266,468,34.25
KE,Product-3267,855,61.65
ZA,Product-3268,760,41.82
MA,Product-3269,621,81.01
NG,Product-3270,452,18.07
GH,Product-3271,710,94.47
KE,Product-3272,452,51.66
ZA,Product-3273,126,59.06
MA,Product-3274,960,84.56
NG,Product-3275,944,43.32
GH,Product-3276,608,25.32
KE,Product-3277,501,59.98
ZA,Product-3278,364,64.99
MA,Product-3279,788,6.13
NG,Product-3280,149,49.11
GH,Product-3281,98,86.77
KE,Product-3282,934,52.06
ZA,Product-3283,414,32.95
MA,Product-3284,284,63.31
NG,Product-3285,900,8.64
GH,Product-3286,691,58.21
KE,Product-3287,703,38.45
ZA,Product-3288,987,64.39
MA,Product-3289,938,44.77
NG,Product-3290,121,31.56
GH,Product-3291,5,74.89
KE,Product-3292,297,34.35
ZA,Product-3293,733,35.36
MA,Product-3294,517,82.68
NG,Product-3295,327,35.59
GH,Product-3296,172,63.96
KE,Product-3297,829,1.71
ZA,Product-3298,645,92.69
MA,Product-3299,70,34.88
NG,Product-3300,311,41.46
GH,Product-3301,853,58.53
KE,Product-3302,537,43.48
ZA,Product-3303,596,53.66
MA,Product-3304,337,94.38
NG,Product-3305,664,2.41
GH,Product-3306,829,16.68
KE,Product-3307,262,8.56
ZA,Product-3308,79,83.32
MA,Product-3309,946,82.57
NG,Product-3310,113,8.02
GH,Product-3311,52,4.05
KE,Product-3312,606,7.27
ZA,Product-3313,977,95.11
MA,Product-3314,302,1.92
NG,Product-3315,122,68.00
GH,Product-3316,215,43.81
KE,Product-3317,946,60.14
ZA,Product-3318,246,32.01
MA,Product-3319,137,63.63
NG,Product-3320,267,16.73
GH,Product-3321,12,14.48
KE,Product-3322,623,70.80
ZA,Product-3323,504,80.66
MA,Product-3324,627,98.83
NG,Product-3325,692,16.79
GH,Product-3326,601,71.60
KE,Product-3327,855,15.72
ZA,Product-3328,954,61.90
MA,Product-3329,126,65.47
NG,Product-3330,593,27.28
GH,Product-3331,336,95.78
KE,Product-3332,679,57.91
ZA,Product-3333,307,58.72
MA,Product-3334,291,58.60
NG,Product-3335,679,78.97
GH,Product-3336,474,34.54
KE,Product-3337,374,39.88
ZA,Product-3338,492,10.38
MA,Product-3339,174,85.53
NG,Product-3340,321,84.24
GH,Product-3341,798,15.34
KE,Product-3342,939,13.57
ZA,Product-3343,343,63.42
MA,Product-3344,836,25.45
NG,Product-3345,952,87.36
GH,Product-3346,771,93.00
KE,Product-3347,325,64.32
ZA,Product-3348,54,75.08
MA,Product-3349,332,37.60
NG,Product-3350,340,28.73
GH,Product-3351,164,13.60
KE,Product-3352,575,20.73
ZA,Product-3353,575,8.23
MA,Product-3354,82,24.05
NG,Product-3355,428,55.03
GH,Product-3356,321,83.16
KE,Product-3357,126,85.04
ZA,Product-3358,622,77.66
MA,Product-3359,666,61.49
NG,Product-3360,703,79.89
GH,Product-3361,65,44.43
KE,Product-3362,989,44.64
ZA,Product-3363,805,42.80
MA,Product-3364,166,74.99
NG,Product-3365,194,11.24
GH,Product-3366,148,71.63
KE,Product-3367,585,29.54
ZA,Product-3368,888,69.74
MA,Product-3369,970,9.06
NG,Product-3370,415,3.22
GH,Product-3371,921,7.70
KE,Product-3372,881,93.33
ZA,Product-3373,930,66.93
MA,Product-3374,803,95.70
NG,Product-3375,166,77.79
GH,Product-3376,204,63.71
KE,Product-3377,934,65.95
ZA,Product-3378,627,12.77
MA,Product-3379,697,77.97
NG,Product-3380,674,44.13
GH,Product-3381,365,54.78
KE,Product-3382,1,65.06
ZA,Product-3383,185,43.02
MA,Product-3384,991,34.74
NG,Product-3385,328,65.70
GH,Product-3386,736,39.75
KE,Product-3387,445,1.50
ZA,Product-3388,985,24.00
MA,Product-3389,778,85.70
NG,Product-3390,943,36.85
GH,Product-3391,476,88.95
KE,Product-3392,560,1.02
ZA,Product-3393,794,62.35
MA,Product-3394,651,21.14
NG,Product-3395,902,54.28
GH,Product-3396,899,8.94
KE,Product-3397,393,21.41
ZA,Product-3398,134,97.08
MA,Product-3399,370,53.67
NG,Product-3400,565,3.34
GH,Product-3401,115,51.27
KE,Product-3402,600,64.09
ZA,Product-3403,16,71.11
MA,Product-3404,359,37.03
NG,Product-3405,186,48.91
GH,Product-3406,149,77.41
KE,Product-3407,40,30.40
ZA,Product-3408,2,76.10
MA,Product-3409,375,84.87
NG,Product-3410,963,95.44
GH,Product-3411,349,3.38
KE,Product-3412,397,41.58
ZA,Product-3413,590,2.92
MA,Product-3414,646,80.12
NG,Product-3415,749,63.47
GH,Product-3416,239,33.92
KE,Product-3417,574,14.68
ZA,Product-3418,0,11.35
MA,Product-3419,790,18.06
NG,Product-3420,404,70.26
GH,Product-3421,715,8.36
KE,Product-3422,821,68.05
ZA,Product-3423,710,38.24
MA,Product-3424,544,82.06
NG,Product-3425,48,17.27
GH,Product-3426,27,99.11
KE,Product-3427,790,95.62
ZA,Product-3428,670,42.13
MA,Product-3429,393,49.11
NG,Product-3430,342,41.98
GH,Product-3431,448,2.89
KE,Product-3432,672,14.60
ZA,Product-3433,630,30.45
MA,Product-3434,85,84.14
NG,Product-3435,917,65.78
GH,Product-3436,675,9.42
KE,Product-3437,738,87.90
ZA,Product-3438,477,80.79
MA,Product-3439,987,54.91
NG,Product-3440,994,54.17
GH,Product-3441,216,91.34
KE,Product-3442,505,5.97
ZA,Product-3443,500,97.12
MA,Product-3444,687,56.43
NG,Product-3445,701,40.06
GH,Product-3446,761,55.67
KE,Product-3447,901,33.15
ZA,Product-3448,107,63.94
MA,Product-3449,226,24.64
NG,Product-3450,205,29.55
GH,Product-3451,111,59.34
KE,Product-3452,145,83.74
ZA,Product-3453,995,24.71
MA,Product-3454,445,52.26
NG,Product-3455,405,98.24
GH,Product-3456,316,99.83
KE,Product-3457,531,18.85
ZA,Product-3458,781,63.69
MA,Product-3459,437,86.58
NG,Product-3460,654,11.52
GH,Product-3461,675,80.19
KE,Product-3462,270,52.25
ZA,Product-3463,478,5.99
MA,Product-3464,405,5.06
NG,Product-3465,566,15.93
GH,Product-3466,895,19.27
KE,Product-3467,809,28.91
ZA,Product-3468,562,88.84
MA,Product-3469,213,94.59
NG,Product-3470,250,80.14
GH,Product-3471,313,21.47
KE,Product-3472,980,21.57
ZA,Product-3473,806,37.20
MA,Product-3474,491,23.77
NG,Product-3475,389,0.95
GH,Product-3476,869,69.99
KE,Product-3477,777,16.33
ZA,Product-3478,222,73.78
MA,Product-3479,171,57.69
NG,Product-3480,282,22.02
GH,Product-3481,771,27.56
KE,Product-3482,503,17.30
ZA,Product-3483,753,38.47
MA,Product-3484,420,97.68
NG,Product-3485,885,42.00
GH,Product-3486,719,33.22
KE,Product-3487,110,56.34
ZA,Product-3488,920,33.87
MA,Product-3489,873,15.02
NG,Product-3490,519,40.72
GH,Product-3491,698,60.46
KE,Product-3492,670,26.50
ZA,Product-3493,683,25.33
MA,Product-3494,251,62.62
NG,Product-3495,496,40.95
GH,Product-3496,164,85.61
KE,Product-3497,18,80.42
ZA,Product-3498,284,32.78
MA,Product-3499,686,9.64
NG,Product-3500,116,40.52
GH,Product-3501,366,59.27
KE,Product-3502,562,28.58
ZA,Product-3503,749,79.69
MA,Product-3504,91,2.18
NG,Product-3505,761,7.66
GH,Product-3506,290,24.78
KE,Product-3507,145,61.14
ZA,Product-3508,727,37.08
MA,Product-3509,887,73.58
NG,Product-3510,772,28.13
GH,Product-3511,372,60.69
KE,Product-3512,628,12.94
ZA,Product-3513,602,63.28
MA,Product-3514,532,42.63
NG,Product-3515,369,51.63
GH,Product-3516,547,3.36
KE,Product-3517,649,57.40
ZA,Product-3518,518,20.60
MA,Product-3519,210,68.29
NG,Product-3520,860,38.44
GH,Product-3521,635,1.39
KE,Product-3522,625,2.45
ZA,Product-3523,349,85.42
MA,Product-3524,109,57.61
NG,Product-3525,695,42.52
GH,Product-3526,202,70.05
KE,Product-3527,258,91.00
ZA,Product-3528,550,5.01
MA,Product-3529,404,11.25
NG,Product-3530,726,55.73
GH,Product-3531,782,60.57
KE,Product-3532,980,92.13
ZA,Product-3533,420,58.42
MA,Product-3534,597,57.06
NG,Product-3535,124,71.91
GH,Product-3536,532,85.56
KE,Product-3537,222,54.56
ZA,Product-3538,680,68.93
MA,Product-3539,238,19.95
NG,Product-3540,652,83.80
GH,Product-3541,19,48.18
KE,Product-3542,212,4.64
ZA,Product-3543,462,11.83
MA,Product-3544,344,89.69
NG,Product-3545,458,31.45
GH,Product-3546,92,27.57
KE,Product-3547,339,57.87
ZA,Product-3548,205,42.14
MA,Product-3549,302,16.42
NG,Product-3550,31,59.10
GH,Product-3551,727,31.46
KE,Product-3552,980,85.74
ZA,Product-3553,452,69.17
MA,Product-3554,89,95.28
NG,Product-3555,512,52.75
GH,Product-3556,109,10.30
KE,Product-3557,649,48.16
ZA,Product-3558,71,86.33
MA,Product-3559,159,29.28
NG,Product-3560,559,60.58
GH,Product-3561,216,53.44
KE,Product-3562,413,79.19
ZA,Product-3563,540,47.37
MA,Product-3564,504,53.36
NG,Product-3565,272,29.00
GH,Product-3566,322,8.98
KE,Product-3567,948,16.67
ZA,Product-3568,401,92.74
MA,Product-3569,40,0.84
NG,Product-3570,265,70.69
GH,Product-3571,577,58.12
KE,Product-3572,368,88.70
ZA,Product-3573,143,75.14
MA,Product-3574,6,83.23
NG,Product-3575,625,67.90
GH,Product-3576,72,69.62
KE,Product-3577,399,36.48
ZA,Product-3578,288,44.42
MA,Product-3579,213,70.85
NG,Product-3580,328,51.38
GH,Product-3581,960,33.08
KE,Product-3582,287,22.64
ZA,Product-3583,826,33.69
MA,Product-3584,2,68.50
NG,Product-3585,325,91.69
GH,Product-3586,476,77.98
KE,Product-3587,47,97.48
ZA,Product-3588,70,48.25
MA,Product-3589,321,86.06
NG,Product-3590,171,23.23
GH,Product-3591,587,60.07
KE,Product-3592,714,50.74
ZA,Product-3593,456,83.72
MA,Product-3594,759,58.81
NG,Product-3595,254,49.86
GH,Product-3596,67,20.95
KE,Product-3597,434,52.82
ZA,Product-3598,951,50.36
MA,Product-3599,217,9.47
NG,Product-3600,696,8.07
GH,Product-3601,846,26.09
KE,Product-3602,596,12.87
ZA,Product-3603,374,86.15
MA,Product-3604,59,44.96
NG,Product-3605,770,53.84
GH,Product-3606,13,99.84
KE,Product-3607,755,20.43
ZA,Product-3608,190,83.87
MA,Product-3609,518,88.79
NG,Product-3610,354,41.79
GH,Product-3611,105,49.24
KE,Product-3612,263,19.60
ZA,Product-3613,16,21.55
MA,Product-3614,353,64.04
NG,Product-3615,483,94.24
GH,Product-3616,516,51.59
KE,Product-3617,91,48.16
ZA,Product-3618,177,51.73
MA,Product-3619,102,57.29
NG,Product-3620,462,24.98
GH,Product-3621,83,45.87
KE,Product-3622,22,96.42
ZA,Product-3623,456,56.23
MA,Product-3624,192,27.61
NG,Product-3625,30,78.37
GH,Product-3626,595,8.70
KE,Product-3627,42,44.89
ZA,Product-3628,226,70.47
MA,Product-3629,120,11.42
NG,Product-3630,796,75.47
GH,Product-3631,153,23.98
KE,Product-3632,102,33.28
ZA,Product-3633,143,7.07
MA,Product-3634,29,85.46
NG,Product-3635,809,63.86
GH,Product-3636,209,93.23
KE,Product-3637,223,35.61
ZA,Product-3638,718,94.24
MA,Product-3639,313,63.99
NG,Product-3640,675,55.13
GH,Product-3641,285,82.55
KE,Product-3642,365,61.26
ZA,Product-3643,382,12.30
MA,Product-3644,788,96.73
NG,Product-3645,21,88.21
GH,Product-3646,227,24.12
KE,Product-3647,576,17.09
ZA,Product-3648,171,70.43
MA,Product-3649,451,18.25
NG,Product-3650,304,74.43
GH,Product-3651,613,35.08
KE,Product-3652,766,25.22
ZA,Product-3653,984,51.14
MA,Product-3654,301,56.01
NG,Product-3655,727,77.70
GH,Product-3656,654,67.64
KE,Product-3657,114,61.26
ZA,Product-3658,188,44.30
MA,Product-3659,832,80.03
NG,Product-3660,421,46.76
GH,Product-3661,604,29.20
KE,Product-3662,150,65.86
ZA,Product-3663,975,49.98
MA,Product-3664,293,22.27
NG,Product-3665,692,99.04
GH,Product-3666,761,89.32
KE,Product-3667,243,18.30
ZA,Product-3668,654,65.36
MA,Product-3669,89,34.04
NG,Product-3670,465,99.21
GH,Product-3671,464,81.41
KE,Product-3672,786,42.58
ZA,Product-3673,685,54.55
MA,Product-3674,767,50.59
NG,Product-3675,219,93.39
GH,Product-3676,686,30.61
KE,Product-3677,737,31.34
ZA,Product-3678,844,76.15
MA,Product-3679,62,54.87
NG,Product-3680,211,25.29
GH,Product-3681,336,99.43
KE,Product-3682,20,66.01
ZA,Product-3683,20,55.72
MA,Product-3684,142,72.61
NG,Product-3685,701,2.56
GH,Product-3686,261,93.62
KE,Product-3687,531,79.40
ZA,Product-3688,18,55.40
MA,Product-3689,93,47.86
NG,Product-3690,248,69.36
GH,Product-3691,550,87.38
KE,Product-3692,124,65.99
ZA,Product-3693,709,71.28
MA,Product-3694,456,82.65
NG,Product-3695,712,59.99
GH,Product-3696,585,92.49
KE,Product-3697,986,75.36
ZA,Product-3698,335,71.02
MA,Product-3699,713,7.77
NG,Product-3700,514,97.66
GH,Product-3701,923,90.97
KE,Product-3702,58,56.92
ZA,Product-3703,853,49.42
MA,Product-3704,233,9.33
NG,Product-3705,719,49.24
GH,Product-3706,389,33.72
KE,Product-3707,496,0.57
ZA,Product-3708,915,81.26
MA,Product-3709,748,71.10
NG,Product-3710,270,58.97
GH,Product-3711,628,46.57
KE,Product-3712,86,35.60
ZA,Product-3713,781,35.56
MA,Product-3714,576,25.19
NG,Product-3715,951,32.85
GH,Product-3716,613,76.79
KE,Product-3717,324,32.65
ZA,Product-3718,125,98.83
MA,Product-3719,747,2.50
NG,Product-3720,713,16.62
GH,Product-3721,729,57.47
KE,Product-3722,798,49.75
ZA,Product-3723,384,29.26
MA,Product-3724,620,37.51
NG,Product-3725,740,57.84
GH,Product-3726,814,22.06
KE,Product-3727,687,6.16
ZA,Product-3728,125,13.40
MA,Product-3729,991,9.23
NG,Product-3730,942,31.91
GH,Product-3731,851,27.79
KE,Product-3732,623,46.00
ZA,Product-3733,552,17.08
MA,Product-3734,954,90.92
NG,Product-3735,920,48.97
GH,Product-3736,88,84.43
KE,Product-3737,570,27.00
ZA,Product-3738,200,16.35
MA,Product-3739,40,65.44
NG,Product-3740,250,57.27
GH,Product-3741,879,86.32
KE,Product-3742,681,39.24
ZA,Product-3743,381,75.57
MA,Product-3744,647,53.41
NG,Product-3745,355,37.75
GH,Product-3746,774,44.60
KE,Product-3747,482,20.08
ZA,Product-3748,927,51.87
MA,Product-3749,371,29.93
NG,Product-3750,935,94.51
GH,Product-3751,413,60.79
KE,Product-3752,979,88.92
ZA,Product-3753,55,74.48
MA,Product-3754,464,97.63
NG,Product-3755,868,95.63
GH,Product-3756,178,37.06
KE,Product-3757,166,72.16
ZA,Product-3758,888,44.68
MA,Product-3759,810,14.55
NG,Product-3760,632,24.40
GH,Product-3761,857,6.94
KE,Product-3762,822,60.28
ZA,Product-3763,642,36.44
MA,Product-3764,283,10.37
NG,Product-3765,969,90.78
GH,Product-3766,441,71.88
KE,Product-3767,847,5.59
ZA,Product-3768,367,75.80
MA,Product-3769,94,23.39
NG,Product-3770,679,12.48
GH,Product-3771,688,38.04
KE,Product-3772,848,68.52
ZA,Product-3773,223,79.52
MA,Product-3774,205,32.09
NG,Product-3775,197,73.49
GH,Product-3776,579,40.51
KE,Product-3777,558,4.81
ZA,Product-3778,179,31.08
MA,Product-3779,13,98.32
NG,Product-3780,325,95.74
GH,Product-3781,187,54.05
KE,Product-3782,254,57.41
ZA,Product-3783,443,6.26
MA,Product-3784,190,63.74
NG,Product-3785,999,25.68
GH,Product-3786,133,19.91
KE,Product-3787,953,29.37
ZA,Product-3788,426,90.86
MA,Product-3789,311,9.95
NG,Product-3790,626,12.11
GH,Product-3791,369,52.24
KE,Product-3792,309,73.43
ZA,Product-3793,242,55.60
MA,Product-3794,25,2.47
NG,Product-3795,462,94.73
GH,Product-3796,194,23.69
KE,Product-3797,249,62.54
ZA,Product-3798,179,36.67
MA,Product-3799,502,1.53
NG,Product-3800,257,96.43
GH,Product-3801,798,95.16
KE,Product-3802,708,47.84
ZA,Product-3803,829,64.59
MA,Product-3804,739,86.42
NG,Product-3805,887,2.81
GH,Product-3806,257,29.09
KE,Product-3807,505,99.83
ZA,Product-3808,850,77.68
MA,Product-3809,714,76.74
NG,Product-3810,32,76.12
GH,Product-3811,351,35.22
KE,Product-3812,209,25.25
ZA,Product-3813,398,11.07
MA,Product-3814,311,11.80
NG,Product-3815,942,30.68
GH,Product-3816,693,67.42
KE,Product-3817,547,12.95
ZA,Product-3818,568,35.91
MA,Product-3819,44,91.75
NG,Product-3820,307,77.81
GH,Product-3821,26,48.38
KE,Product-3822,50,97.77
ZA,Product-3823,59,6.43
MA,Product-3824,79,72.53
NG,Product-3825,662,52.14
GH,Product-3826,65,60.47
KE,Product-3827,944,28.20
ZA,Product-3828,696,78.03
MA,Product-3829,193,10.96
NG,Product-3830,131,29.13
GH,Product-3831,288,40.98
KE,Product-3832,397,86.11
ZA,Product-3833,610,95.78
MA,Product-3834,427,9.14
NG,Product-3835,399,35.38
GH,Product-3836,892,38.38
KE,Product-3837,979,26.88
ZA,Product-3838,911,63.31
MA,Product-3839,933,92.41
NG,Product-3840,18,30.01
GH,Product-3841,447,25.76
KE,Product-3842,767,22.43
ZA,Product-3843,136,54.98
MA,Product-3844,3,11.03
NG,Product-3845,893,38.00
GH,Product-3846,950,88.27
KE,Product-3847,664,44.95
ZA,Product-3848,486,13.86
MA,Product-3849,726,71.24
NG,Product-3850,386,69.91
GH,Product-3851,173,3.04
KE,Product-3852,621,48.93
ZA,Product-3853,790,25.41
MA,Product-3854,323,54.07
NG,Product-3855,586,46.46
GH,Product-3856,154,40.28
KE,Product-3857,599,21.43
ZA,Product-3858,868,84.24
MA,Product-3859,71,51.96
NG,Product-3860,263,50.39
GH,Product-3861,402,51.57
KE,Product-3862,358,41.33
ZA,Product-3863,454,68.02
MA,Product-3864,181,13.16
NG,Product-3865,148,8.83
GH,Product-3866,21,27.71
KE,Product-3867,418,88.81
ZA,Product-3868,456,64.61
MA,Product-3869,719,12.22
NG,Product-3870,955,72.71
GH,Product-3871,888,11.60
KE,Product-3872,118,91.40
ZA,Product-3873,562,68.40
MA,Product-3874,424,42.31
NG,Product-3875,306,42.26
GH,Product-3876,491,85.76
KE,Product-3877,247,91.90
ZA,Product-3878,353,49.40
MA,Product-3879,860,5.45
NG,Product-3880,77,62.45
GH,Product-3881,891,78.43
KE,Product-3882,49,76.36
ZA,Product-3883,781,8.94
MA,Product-3884,343,50.23
NG,Product-3885,7,74.99
GH,Product-3886,168,56.49
KE,Product-3887,8,76.67
ZA,Product-3888,266,49.99
MA,Product-3889,979,23.57
NG,Product-3890,979,78.96
GH,Product-3891,632,55.40
KE,Product-3892,768,45.54
ZA,Product-3893,885,87.52
MA,Product-3894,796,34.81
NG,Product-3895,696,67.68
GH,Product-3896,770,94.70
KE,Product-3897,937,36.98
ZA,Product-3898,15,77.92
MA,Product-3899,330,49.57
NG,Product-3900,395,72.27
GH,Product-3901,147,63.10
KE,Product-3902,140,87.23
ZA,Product-3903,709,32.90
MA,Product-3904,262,15.22
NG,Product-3905,526,82.55
GH,Product-3906,573,53.44
KE,Product-3907,600,65.91
ZA,Product-3908,58,47.07
MA,Product-3909,462,31.21
NG,Product-3910,86,43.82
GH,Product-3911,595,57.86
KE,Product-3912,405,39.49
ZA,Product-3913,324,19.38
MA,Product-3914,400,61.93
NG,Product-3915,704,4.51
GH,Product-3916,328,26.10
KE,Product-3917,225,82.89
ZA,Product-3918,327,96.49
MA,Product-3919,20,9.90
NG,Product-3920,633,93.33
GH,Product-3921,367,65.09
KE,Product-3922,741,8.59
ZA,Product-3923,537,23.13
MA,Product-3924,174,19.98
NG,Product-3925,230,14.04
GH,Product-3926,77,97.01
KE,Product-3927,840,67.68
ZA,Product-3928,646,2.61
MA,Product-3929,224,84.99
NG,Product-3930,801,19.39
GH,Product-3931,702,54.75
KE,Product-3932,715,63.53
ZA,Product-3933,623,27.92
MA,Product-3934,134,3.51
NG,Product-3935,616,53.53
GH,Product-3936,564,6.04
KE,Product-3937,463,11.75
ZA,Product-3938,484,33.43
MA,Product-3939,372,99.65
NG,Product-3940,227,43.87
GH,Product-3941,921,53.61
KE,Product-3942,880,55.90
ZA,Product-3943,532,63.38
MA,Product-3944,289,52.53
NG,Product-3945,945,50.24
GH,Product-3946,728,6.31
KE,Product-3947,225,60.52
ZA,Product-3948,422,3.26
MA,Product-3949,271,81.07
NG,Product-3950,985,92.42
GH,Product-3951,36,62.53
KE,Product-3952,786,18.71
ZA,Product-3953,20,42.70
MA,Product-3954,638,27.01
NG,Product-3955,287,95.96
GH,Product-3956,120,37.37
KE,Product-3957,641,94.56
ZA,Product-3958,201,72.40
MA,Product-3959,481,53.69
NG,Product-3960,143,79.87
GH,Product-3961,59,45.67
KE,Product-3962,140,34.38
ZA,Product-3963,123,27.90
MA,Product-3964,471,17.88
NG,Product-3965,676,50.85
GH,Product-3966,304,86.06
KE,Product-3967,971,18.71
ZA,Product-3968,228,20.96
MA,Product-3969,776,90.93
NG,Product-3970,872,79.06
GH,Product-3971,838,18.86
KE,Product-3972,505,85.13
ZA,Product-3973,330,59.69
MA,Product-3974,294,54.35
NG,Product-3975,536,44.48
GH,Product-3976,127,74.91
KE,Product-3977,473,37.65
ZA,Product-3978,686,58.00
MA,Product-3979,262,74.22
NG,Product-3980,68,42.96
GH,Product-3981,164,100.00
KE,Product-3982,321,8.77
ZA,Product-3983,80,52.12
MA,Product-3984,451,22.51
NG,Product-3985,545,41.26
GH,Product-3986,518,46.48
KE,Product-3987,944,94.47
ZA,Product-3988,236,73.68
MA,Product-3989,443,38.20
NG,Product-3990,282,47.35
GH,Product-3991,700,25.95
KE,Product-3992,316,57.33
ZA,Product-3993,536,71.32
MA,Product-3994,769,70.65
NG,Product-3995,298,85.01
GH,Product-3996,939,7.12
KE,Product-3997,956,46.71
ZA,Product-3998,211,25.90
MA,Product-3999,245,77.38
NG,Product-4000,162,4.20
GH,Product-4001,859,19.87
KE,Product-4002,592,11.69
ZA,Product-4003,7,3.64
MA,Product-4004,877,82.03
NG,Product-4005,911,1.32
GH,Product-4006,917,5.81
KE,Product-4007,584,82.79
ZA,Product-4008,356,43.85
MA,Product-4009,668,5.81
NG,Product-4010,574,28.01
GH,Product-4011,964,71.21
KE,Product-4012,852,57.77
ZA,Product-4013,103,50.19
MA,Product-4014,315,56.39
NG,Product-4015,611,36.37
GH,Product-4016,181,59.05
KE,Product-4017,913,17.52
ZA,Product-4018,958,56.61
MA,Product-4019,901,12.47
NG,Product-4020,756,98.03
GH,Product-4021,929,77.65
KE,Product-4022,517,61.87
ZA,Product-4023,261,87.30
MA,Product-4024,572,61.91
NG,Product-4025,526,61.60
GH,Product-4026,540,46.10
KE,Product-4027,8,59.65
ZA,Product-4028,970,46.50
MA,Product-4029,820,44.99
NG,Product-4030,549,22.31
GH,Product-4031,477,43.44
KE,Product-4032,857,79.77
ZA,Product-4033,654,4.07
MA,Product-4034,795,33.67
NG,Product-4035,140,21.72
GH,Product-4036,32,88.71
KE,Product-4037,989,1.68
ZA,Product-4038,398,56.17
MA,Product-4039,793,99.63
NG,Product-4040,238,83.57
GH,Product-4041,461,66.19
KE,Product-4042,526,88.18
ZA,Product-4043,807,29.35
MA,Product-4044,645,7.03
NG,Product-4045,461,54.80
GH,Product-4046,627,74.56
KE,Product-4047,47,99.32
ZA,Product-4048,952,51.18
MA,Product-4049,61,76.76
NG,Product-4050,786,88.68
GH,Product-4051,902,45.50
KE,Product-4052,806,76.91
ZA,Product-4053,418,44.56
MA,Product-4054,847,93.97
NG,Product-4055,747,36.23
GH,Product-4056,643,54.42
KE,Product-4057,182,82.21
ZA,Product-4058,48,27.71
MA,Product-4059,750,38.77
NG,Product-4060,720,25.27
GH,Product-4061,828,90.46
KE,Product-4062,494,69.24
ZA,Product-4063,441,63.61
MA,Product-4064,48,1.76
NG,Product-4065,260,64.09
GH,Product-4066,631,21.36
KE,Product-4067,383,99.06
ZA,Product-4068,636,45.75
MA,Product-4069,229,63.55
NG,Product-4070,383,63.84
GH,Product-4071,906,16.20
KE,Product-4072,462,77.53
ZA,Product-4073,388,12.38
MA,Product-4074,490,69.05
NG,Product-4075,928,59.98
GH,Product-4076,154,20.06
KE,Product-4077,494,81.91
ZA,Product-4078,167,5.22
MA,Product-4079,978,48.90
NG,Product-4080,301,40.42
GH,Product-4081,135,7.33
KE,Product-4082,808,93.29
ZA,Product-4083,596,62.06
MA,Product-4084,794,99.84
NG,Product-4085,280,4.12
GH,Product-4086,664,32.88
KE,Product-4087,241,12.49
ZA,Product-4088,87,52.52
MA,Product-4089,965,29.12
NG,Product-4090,136,55.55
GH,Product-4091,463,44.42
KE,Product-4092,775,24.47
ZA,Product-4093,893,43.91
MA,Product-4094,637,17.87
NG,Product-4095,260,1.16
GH,Product-4096,109,88.23
KE,Product-4097,171,79.99
ZA,Product-4098,502,99.82
MA,Product-4099,651,22.87
NG,Product-4100,942,97.87
GH,Product-4101,616,57.52
KE,Product-4102,271,29.45
ZA,Product-4103,750,45.94
MA,Product-4104,80,26.06
NG,Product-4105,651,64.86
GH,Product-4106,726,29.20
KE,Product-4107,867,69.11
ZA,Product-4108,112,20.13
MA,Product-4109,417,68.35
NG,Product-4110,34,46.67
GH,Product-4111,156,68.21
KE,Product-4112,634,98.42
ZA,Product-4113,478,27.40
MA,Product-4114,637,29.98
NG,Product-4115,400,89.45
GH,Product-4116,847,12.23
KE,Product-4117,169,0.54
ZA,Product-4118,385,21.23
MA,Product-4119,509,35.66
NG,Product-4120,842,50.75
GH,Product-4121,446,81.46
KE,Product-4122,646,24.79
ZA,Product-4123,361,52.21
MA,Product-4124,435,45.47
NG,Product-4125,938,23.24
GH,Product-4126,274,77.80
KE,Product-4127,974,21.67
ZA,Product-4128,464,68.15
MA,Product-4129,344,59.25
NG,Product-4130,510,74.42
GH,Product-4131,263,14.78
KE,Product-4132,193,57.89
ZA,Product-4133,787,44.15
MA,Product-4134,361,27.45
NG,Product-4135,376,16.16
GH,Product-4136,145,42.45
KE,Product-4137,506,35.25
ZA,Product-4138,128,9.03
MA,Product-4139,864,21.70
NG,Product-4140,867,66.36
GH,Product-4141,35,33.53
KE,Product-4142,525,5.32
ZA,Product-4143,140,31.04
MA,Product-4144,227,54.76
NG,Product-4145,460,63.79
GH,Product-4146,206,26.72
KE,Product-4147,918,27.82
ZA,Product-4148,784,68.89
MA,Product-4149,355,20.37
NG,Product-4150,299,1.13
GH,Product-4151,495,17.52
KE,Product-4152,496,84.78
ZA,Product-4153,501,46.96
MA,Product-4154,475,31.72
NG,Product-4155,893,0.95
GH,Product-4156,977,26.30
KE,Product-4157,737,74.25
ZA,Product-4158,831,32.98
MA,Product-4159,441,58.47
NG,Product-4160,531,32.86
GH,Product-4161,527,38.43
KE,Product-4162,204,64.43
ZA,Product-4163,318,58.12
MA,Product-4164,662,62.12
NG,Product-4165,939,44.52
GH,Product-4166,498,94.03
KE,Product-4167,636,65.14
ZA,Product-4168,567,21.55
MA,Product-4169,204,77.45
NG,Product-4170,486,14.44
GH,Product-4171,689,13.52
KE,Product-4172,578,61.16
ZA,Product-4173,107,78.65
MA,Product-4174,970,90.98
NG,Product-4175,817,48.55
GH,Product-4176,989,77.87
KE,Product-4177,599,60.13
ZA,Product-4178,750,16.21
MA,Product-4179,579,69.52
NG,Product-4180,0,81.82
GH,Product-4181,234,75.53
KE,Product-4182,433,6.90
ZA,Product-4183,266,89.95
MA,Product-4184,238,17.47
NG,Product-4185,341,94.21
GH,Product-4186,275,37.76
KE,Product-4187,963,31.06
ZA,Product-4188,927,59.74
MA,Product-4189,932,95.66
NG,Product-4190,270,20.17
GH,Product-4191,834,98.54
KE,Product-4192,183,93.81
ZA,Product-4193,948,75.40
MA,Product-4194,989,0.38
NG,Product-4195,560,8.49
GH,Product-4196,476,88.63
KE,Product-4197,898,76.49
ZA,Product-4198,567,93.86
MA,Product-4199,352,5.85
NG,Product-4200,516,54.38
GH,Product-4201,736,76.44
KE,Product-4202,876,71.63
ZA,Product-4203,1,79.74
MA,Product-4204,850,15.78
NG,Product-4205,196,87.68
GH,Product-4206,222,42.77
KE,Product-4207,770,28.18
ZA,Product-4208,996,30.99
MA,Product-4209,394,58.05
NG,Product-4210,537,3.76
GH,Product-4211,746,76.83
KE,Product-4212,740,20.42
ZA,Product-4213,289,77.03
MA,Product-4214,332,54.88
NG,Product-4215,710,40.80
GH,Product-4216,758,41.02
KE,Product-4217,177,5.10
ZA,Product-4218,16,41.49
MA,Product-4219,286,63.97
NG,Product-4220,257,44.57
GH,Product-4221,713,19.28
KE,Product-4222,682,41.44
ZA,Product-4223,514,68.34
MA,Product-4224,602,0.64
NG,Product-4225,40,62.33
GH,Product-4226,414,74.03
KE,Product-4227,474,13.07
ZA,Product-4228,504,10.01
MA,Product-4229,527,91.47
NG,Product-4230,620,23.05
GH,Product-4231,150,14.64
KE,Product-4232,763,77.04
ZA,Product-4233,399,86.85
MA,Product-4234,452,90.23
NG,Product-4235,317,13.28
GH,Product-4236,965,67.58
KE,Product-4237,92,90.83
ZA,Product-4238,715,16.80
MA,Product-4239,366,32.85
NG,Product-4240,914,14.57
GH,Product-4241,530,78.48
KE,Product-4242,794,55.49
ZA,Product-4243,72,99.10
MA,Product-4244,503,37.88
NG,Product-4245,630,76.45
GH,Product-4246,923,75.28
KE,Product-4247,424,9.37
ZA,Product-4248,577,97.98
MA,Product-4249,223,94.44
NG,Product-4250,770,44.86
GH,Product-4251,849,72.29
KE,Product-4252,989,29.65
ZA,Product-4253,100,63.36
MA,Product-4254,622,60.04
NG,Product-4255,646,0.79
GH,Product-4256,706,23.32
KE,Product-4257,723,59.32
ZA,Product-4258,688,53.05
MA,Product-4259,885,62.17
NG,Product-4260,878,40.18
GH,Product-4261,620,3.04
KE,Product-4262,160,0.03
ZA,Product-4263,667,58.94
MA,Product-4264,422,25.84
NG,Product-4265,480,20.14
GH,Product-4266,528,71.26
KE,Product-4267,720,27.44
ZA,Product-4268,189,83.32
MA,Product-4269,1,4.53
NG,Product-4270,322,21.19
GH,Product-4271,792,27.73
KE,Product-4272,811,40.80
ZA,Product-4273,263,51.14
MA,Product-4274,850,17.24
NG,Product-4275,288,34.29
GH,Product-4276,505,87.44
KE,Product-4277,695,64.57
ZA,Product-4278,842,44.52
MA,Product-4279,542,99.10
NG,Product-4280,639,24.25
GH,Product-4281,281,98.57
KE,Product-4282,436,35.61
ZA,Product-4283,322,18.58
MA,Product-4284,401,20.25
NG,Product-4285,444,49.93
GH,Product-4286,751,58.62
KE,Product-4287,962,32.02
ZA,Product-4288,601,92.18
MA,Product-4289,691,64.62
NG,Product-4290,41,15.11
GH,Product-4291,451,46.38
KE,Product-4292,167,41.44
ZA,Product-4293,616,90.01
MA,Product-4294,733,29.57
NG,Product-4295,841,59.12
GH,Product-4296,820,76.99
KE,Product-4297,361,1.72
ZA,Product-4298,800,38.79
MA,Product-4299,496,31.20
NG,Product-4300,416,96.86
GH,Product-4301,220,2.53
KE,Product-4302,824,64.52
ZA,Product-4303,909,50.01
MA,Product-4304,54,5.47
NG,Product-4305,210,33.42
GH,Product-4306,397,66.45
KE,Product-4307,176,98.30
ZA,Product-4308,568,44.87
MA,Product-4309,50,89.41
NG,Product-4310,832,91.81
GH,Product-4311,103,66.91
KE,Product-4312,825,28.14
ZA,Product-4313,250,37.32
MA,Product-4314,370,38.45
NG,Product-4315,39,73.96
GH,Product-4316,664,97.69
KE,Product-4317,277,40.44
ZA,Product-4318,585,45.14
MA,Product-4319,928,76.06
NG,Product-4320,700,34.29
GH,Product-4321,187,91.54
KE,Product-4322,642,72.36
ZA,Product-4323,339,33.96
MA,Product-4324,501,56.88
NG,Product-4325,105,52.65
GH,Product-4326,742,17.22
KE,Product-4327,151,89.59
ZA,Product-4328,935,49.69
MA,Product-4329,511,68.65
NG,Product-4330,467,73.09
GH,Product-4331,954,94.39
KE,Product-4332,417,42.87
ZA,Product-4333,633,39.39
MA,Product-4334,138,45.49
NG,Product-4335,568,8.60
GH,Product-4336,344,50.90
KE,Product-4337,59,78.47
ZA,Product-4338,104,62.16
MA,Product-4339,632,16.72
NG,Product-4340,678,77.87
GH,Product-4341,713,39.95
KE,Product-4342,919,56.39
ZA,Product-4343,347,88.43
MA,Product-4344,856,73.54
NG,Product-4345,27,1.01
GH,Product-4346,419,29.69
KE,Product-4347,560,29.28
ZA,Product-4348,184,67.25
MA,Product-4349,859,44.66
NG,Product-4350,245,65.15
GH,Product-4351,422,76.88
KE,Product-4352,924,65.87
ZA,Product-4353,952,50.18
MA,Product-4354,120,79.65
NG,Product-4355,72,13.00
GH,Product-4356,876,2.47
KE,Product-4357,972,89.57
ZA,Product-4358,598,5.55
MA,Product-4359,85,82.67
NG,Product-4360,222,9.02
GH,Product-4361,406,13.04
KE,Product-4362,7,71.66
ZA,Product-4363,86,25.05
MA,Product-4364,556,54.50
NG,Product-4365,263,81.21
GH,Product-4366,675,49.95
KE,Product-4367,41,48.32
ZA,Product-4368,196,21.53
MA,Product-4369,918,31.05
NG,Product-4370,655,46.73
GH,Product-4371,604,4.28
KE,Product-4372,242,26.22
ZA,Product-4373,172,68.69
MA,Product-4374,934,63.89
NG,Product-4375,382,17.08
GH,Product-4376,288,91.75
KE,Product-4377,82,32.70
ZA,Product-4378,660,56.20
MA,Product-4379,731,40.52
NG,Product-4380,619,24.52
GH,Product-4381,535,40.39
KE,Product-4382,989,67.05
ZA,Product-4383,124,99.26
MA,Product-4384,557,20.61
NG,Product-4385,74,18.02
GH,Product-4386,543,90.26
KE,Product-4387,602,53.05
ZA,Product-4388,729,11.83
MA,Product-4389,783,91.59
NG,Product-4390,84,38.13
GH,Product-4391,231,44.14
KE,Product-4392,477,22.92
ZA,Product-4393,644,84.64
MA,Product-4394,614,35.23
NG,Product-4395,966,12.07
GH,Product-4396,430,9.12
KE,Product-4397,29,6.95
ZA,Product-4398,65,45.17
MA,Product-4399,739,79.89
NG,Product-4400,227,16.05
GH,Product-4401,430,18.00
KE,Product-4402,127,26.72
ZA,Product-4403,561,86.33
MA,Product-4404,698,46.41
NG,Product-4405,454,80.52
GH,Product-4406,6,21.43
KE,Product-4407,688,72.03
ZA,Product-4408,819,60.70
MA,Product-4409,329,63.11
NG,Product-4410,287,34.66
GH,Product-4411,628,13.77
KE,Product-4412,185,2.22
ZA,Product-4413,641,99.82
MA,Product-4414,183,25.31
NG,Product-4415,395,42.81
GH,Product-4416,971,5.77
KE,Product-4417,336,66.71
ZA,Product-4418,864,62.96
MA,Product-4419,120,33.90
NG,Product-4420,871,70.34
GH,Product-4421,862,43.18
KE,Product-4422,906,18.83
ZA,Product-4423,414,35.31
MA,Product-4424,721,71.43
NG,Product-4425,981,35.05
GH,Product-4426,310,59.66
KE,Product-4427,942,28.93
ZA,Product-4428,718,24.48
MA,Product-4429,415,49.68
NG,Product-4430,210,2.68
GH,Product-4431,999,54.82
KE,Product-4432,570,81.62
ZA,Product-4433,930,76.54
MA,Product-4434,643,61.74
NG,Product-4435,577,45.95
GH,Product-4436,353,8.15
KE,Product-4437,646,23.61
ZA,Product-4438,664,89.99
MA,Product-4439,485,4.61
NG,Product-4440,577,47.96
GH,Product-4441,525,67.92
KE,Product-4442,154,24.29
ZA,Product-4443,797,64.13
MA,Product-4444,646,24.81
NG,Product-4445,525,76.33
GH,Product-4446,94,3.33
KE,Product-4447,931,71.68
ZA,Product-4448,864,22.03
MA,Product-4449,207,88.31
NG,Product-4450,224,46.22
GH,Product-4451,683,88.68
KE,Product-4452,402,37.69
ZA,Product-4453,958,98.38
MA,Product-4454,448,62.64
NG,Product-4455,131,86.13
GH,Product-4456,432,91.55
KE,Product-4457,146,56.30
ZA,Product-4458,107,73.67
MA,Product-4459,948,35.67
NG,Product-4460,394,2.99
GH,Product-4461,781,81.32
KE,Product-4462,549,36.18
ZA,Product-4463,150,54.26
MA,Product-4464,340,58.90
NG,Product-4465,372,10.81
GH,Product-4466,643,82.18
KE,Product-4467,36,67.83
ZA,Product-4468,273,97.79
MA,Product-4469,402,48.70
NG,Product-4470,945,0.58
GH,Product-4471,607,13.36
KE,Product-4472,568,25.60
ZA,Product-4473,276,9.75
MA,Product-4474,254,21.77
NG,Product-4475,453,85.45
GH,Product-4476,11,24.84
KE,Product-4477,831,8.91
ZA,Product-4478,374,66.63
MA,Product-4479,666,70.05
NG,Product-4480,976,47.28
GH,Product-4481,722,9.47
KE,Product-4482,403,25.42
ZA,Product-4483,491,82.79
MA,Product-4484,688,97.32
NG,Product-4485,17,37.04
GH,Product-4486,474,10.76
KE,Product-4487,699,87.90
ZA,Product-4488,964,44.03
MA,Product-4489,427,42.84
NG,Product-4490,475,35.76
GH,Product-4491,544,4.67
KE,Product-4492,347,7.65
ZA,Product-4493,722,3.62
MA,Product-4494,864,70.74
NG,Product-4495,415,75.97
GH,Product-4496,506,37.93
KE,Product-4497,102,65.48
ZA,Product-4498,425,11.39
MA,Product-4499,188,67.89
NG,Product-4500,411,70.53
GH,Product-4501,543,87.30
KE,Product-4502,648,12.73
ZA,Product-4503,909,20.54
MA,Product-4504,659,11.64
NG,Product-4505,466,31.64
GH,Product-4506,223,87.92
KE,Product-4507,902,8.40
ZA,Product-4508,279,89.61
MA,Product-4509,878,70.41
NG,Product-4510,149,50.93
GH,Product-4511,622,28.39
KE,Product-4512,43,14.71
ZA,Product-4513,8,8.49
MA,Product-4514,271,21.94
NG,Product-4515,348,59.62
GH,Product-4516,742,40.54
KE,Product-4517,919,21.76
ZA,Product-4518,756,97.86
MA,Product-4519,569,11.43
NG,Product-4520,29,89.27
GH,Product-4521,984,88.00
KE,Product-4522,350,23.63
ZA,Product-4523,622,59.19
MA,Product-4524,134,22.97
NG,Product-4525,752,14.33
GH,Product-4526,389,59.45
KE,Product-4527,653,4.93
ZA,Product-4528,171,75.77
MA,Product-4529,542,40.71
NG,Product-4530,783,90.71
GH,Product-4531,859,66.71
KE,Product-4532,358,61.55
ZA,Product-4533,479,9.92
MA,Product-4534,615,49.44
NG,Product-4535,26,72.32
GH,Product-4536,881,5.08
KE,Product-4537,451,8.35
ZA,Product-4538,54,17.78
MA,Product-4539,515,99.03
NG,Product-4540,800,54.42
GH,Product-4541,283,98.59
KE,Product-4542,82,48.67
ZA,Product-4543,746,77.10
MA,Product-4544,795,46.49
NG,Product-4545,219,80.33
GH,Product-4546,289,74.34
KE,Product-4547,642,44.56
ZA,Product-4548,344,71.56
MA,Product-4549,607,43.75
NG,Product-4550,891,41.38
GH,Product-4551,778,81.53
KE,Product-4552,5,99.95
ZA,Product-4553,902,17.95
MA,Product-4554,255,65.05
NG,Product-4555,784,44.78
GH,Product-4556,933,74.69
KE,Product-4557,842,7.09
ZA,Product-4558,640,22.14
MA,Product-4559,399,12.36
NG,Product-4560,112,87.93
GH,Product-4561,915,59.33
KE,Product-4562,884,39.05
ZA,Product-4563,475,86.12
MA,Product-4564,158,42.55
NG,Product-4565,17,73.39
GH,Product-4566,271,3.00
KE,Product-4567,183,52.73
ZA,Product-4568,183,73.29
MA,Product-4569,271,3.53
NG,Product-4570,291,37.90
GH,Product-4571,267,99.77
KE,Product-4572,118,83.30
ZA,Product-4573,395,26.35
MA,Product-4574,364,15.97
NG,Product-4575,318,49.27
GH,Product-4576,956,26.72
KE,Product-4577,393,93.72
ZA,Product-4578,6,20.47
MA,Product-4579,949,30.77
NG,Product-4580,847,70.75
GH,Product-4581,322,28.33
KE,Product-4582,257,75.30
ZA,Product-4583,360,64.84
MA,Product-4584,972,11.27
NG,Product-4585,647,27.00
GH,Product-4586,788,2.75
KE,Product-4587,685,65.90
ZA,Product-4588,404,70.83
MA,Product-4589,210,39.56
NG,Product-4590,576,21.74
GH,Product-4591,401,44.54
KE,Product-4592,513,25.79
ZA,Product-4593,487,81.15
MA,Product-4594,273,37.77
NG,Product-4595,347,53.83
GH,Product-4596,686,29.69
KE,Product-4597,491,64.52
ZA,Product-4598,67,70.89
MA,Product-4599,341,90.72
NG,Product-4600,141,51.09
GH,Product-4601,691,39.98
KE,Product-4602,549,40.33
ZA,Product-4603,285,62.49
MA,Product-4604,468,7.08
NG,Product-4605,592,40.25
GH,Product-4606,81,6.07
KE,Product-4607,38,56.35
ZA,Product-4608,280,1.79
MA,Product-4609,338,4.81
NG,Product-4610,548,9.87
GH,Product-4611,116,88.36
KE,Product-4612,131,68.15
ZA,Product-4613,291,14.86
MA,Product-4614,997,99.72
NG,Product-4615,557,54.96
GH,Product-4616,896,58.27
KE,Product-4617,929,81.70
ZA,Product-4618,512,74.12
MA,Product-4619,634,88.84
NG,Product-4620,41,17.36
GH,Product-4621,657,33.20
KE,Product-4622,903,83.12
ZA,Product-4623,279,33.30
MA,Product-4624,693,42.58
NG,Product-4625,39,39.54
GH,Product-4626,983,61.69
KE,Product-4627,678,45.52
ZA,Product-4628,325,49.05
MA,Product-4629,582,49.78
NG,Product-4630,403,24.60
GH,Product-4631,701,92.21
KE,Product-4632,765,76.87
ZA,Product-4633,410,16.70
MA,Product-4634,922,59.26
NG,Product-4635,366,4.49
GH,Product-4636,769,83.58
KE,Product-4637,223,11.70
ZA,Product-4638,751,14.38
MA,Product-4639,450,87.78
NG,Product-4640,615,88.70
GH,Product-4641,244,3.10
KE,Product-4642,7,49.05
ZA,Product-4643,499,45.30
MA,Product-4644,435,42.84
NG,Product-4645,86,72.39
GH,Product-4646,711,88.73
KE,Product-4647,491,25.84
ZA,Product-4648,444,35.74
MA,Product-4649,179,81.15
NG,Product-4650,441,50.16
GH,Product-4651,968,65.51
KE,Product-4652,442,26.37
ZA,Product-4653,903,87.08
MA,Product-4654,318,99.95
NG,Product-4655,44,11.32
GH,Product-4656,751,2.05
KE,Product-4657,444,75.68
ZA,Product-4658,582,22.71
MA,Product-4659,741,12.11
NG,Product-4660,152,93.53
GH,Product-4661,981,51.67
KE,Product-4662,860,88.73
ZA,Product-4663,808,57.56
MA,Product-4664,442,7.29
NG,Product-4665,849,42.59
GH,Product-4666,554,31.30
KE,Product-4667,980,41.39
ZA,Product-4668,294,8.65
MA,Product-4669,520,59.21
NG,Product-4670,302,60.98
GH,Product-4671,273,50.18
KE,Product-4672,241,0.23
ZA,Product-4673,660,11.95
MA,Product-4674,151,96.15
NG,Product-4675,695,90.85
GH,Product-4676,283,69.10
KE,Product-4677,48,55.59
ZA,Product-4678,633,2.67
MA,Product-4679,746,2.16
NG,Product-4680,963,58.91
GH,Product-4681,840,3.58
KE,Product-4682,515,41.93
ZA,Product-4683,375,67.04
MA,Product-4684,735,76.68
NG,Product-4685,812,23.49
GH,Product-4686,296,43.57
KE,Product-4687,523,4.85
ZA,Product-4688,927,55.18
MA,Product-4689,546,61.73
NG,Product-4690,454,17.38
GH,Product-4691,450,14.27
KE,Product-4692,346,92.20
ZA,Product-4693,75,0.18
MA,Product-4694,250,20.90
NG,Product-4695,445,79.64
GH,Product-4696,355,14.20
KE,Product-4697,735,60.82
ZA,Product-4698,537,33.48
MA,Product-4699,943,48.87
NG,Product-4700,696,89.25
GH,Product-4701,156,40.33
KE,Product-4702,369,28.33
ZA,Product-4703,212,7.70
MA,Product-4704,917,28.03
NG,Product-4705,47,47.58
GH,Product-4706,639,9.33
KE,Product-4707,986,45.46
ZA,Product-4708,890,15.77
MA,Product-4709,138,62.43
NG,Product-4710,267,50.04
GH,Product-4711,226,2.97
KE,Product-4712,735,62.39
ZA,Product-4713,714,61.07
MA,Product-4714,345,31.09
NG,Product-4715,526,69.12
GH,Product-4716,143,60.02
KE,Product-4717,815,96.12
ZA,Product-4718,797,89.09
MA,Product-4719,924,55.14
NG,Product-4720,652,43.91
GH,Product-4721,795,25.15
KE,Product-4722,702,99.97
ZA,Product-4723,220,58.43
MA,Product-4724,182,53.52
NG,Product-4725,100,62.28
GH,Product-4726,65,2.99
KE,Product-4727,322,27.10
ZA,Product-4728,652,10.28
MA,Product-4729,622,29.22
NG,Product-4730,549,75.93
GH,Product-4731,352,31.10
KE,Product-4732,772,14.38
ZA,Product-4733,73,17.59
MA,Product-4734,86,90.51
NG,Product-4735,713,40.09
GH,Product-4736,905,20.65
KE,Product-4737,226,14.40
ZA,Product-4738,806,72.47
MA,Product-4739,583,12.84
NG,Product-4740,618,92.00
GH,Product-4741,154,44.23
KE,Product-4742,942,57.44
ZA,Product-4743,151,13.07
MA,Product-4744,40,50.37
NG,Product-4745,816,86.29
GH,Product-4746,114,27.11
KE,Product-4747,437,48.19
ZA,Product-4748,439,42.25
MA,Product-4749,510,72.42
NG,Product-4750,956,3.73
GH,Product-4751,510,43.36
KE,Product-4752,141,52.77
ZA,Product-4753,762,82.69
MA,Product-4754,886,78.37
NG,Product-4755,415,88.14
GH,Product-4756,394,52.74
KE,Product-4757,190,74.65
ZA,Product-4758,101,63.37
MA,Product-4759,152,2.03
NG,Product-4760,696,47.96
GH,Product-4761,867,19.67
KE,Product-4762,816,7.38
ZA,Product-4763,56,36.54
MA,Product-4764,933,0.79
NG,Product-4765,548,21.48
GH,Product-4766,594,23.44
KE,Product-4767,511,90.58
ZA,Product-4768,977,56.06
MA,Product-4769,850,83.26
NG,Product-4770,392,85.22
GH,Product-4771,76,45.13
KE,Product-4772,428,46.93
ZA,Product-4773,332,70.85
MA,Product-4774,652,25.35
NG,Product-4775,709,8.52
GH,Product-4776,423,52.42
KE,Product-4777,340,14.42
ZA,Product-4778,708,85.48
MA,Product-4779,666,38.30
NG,Product-4780,366,35.65
GH,Product-4781,106,35.10
KE,Product-4782,197,23.63
ZA,Product-4783,888,14.45
MA,Product-4784,415,33.22
NG,Product-4785,648,92.07
GH,Product-4786,602,0.48
KE,Product-4787,1,9.71
ZA,Product-4788,641,41.27
MA,Product-4789,34,31.57
NG,Product-4790,128,27.52
GH,Product-4791,365,78.69
KE,Product-4792,401,80.24
ZA,Product-4793,828,88.21
MA,Product-4794,910,94.89
NG,Product-4795,244,53.36
GH,Product-4796,125,32.07
KE,Product-4797,674,30.31
ZA,Product-4798,321,39.15
MA,Product-4799,781,98.63
NG,Product-4800,310,49.02
GH,Product-4801,154,8.08
KE,Product-4802,104,9.92
ZA,Product-4803,149,93.13
MA,Product-4804,597,59.74
NG,Product-4805,572,8.20
GH,Product-4806,550,22.85
KE,Product-4807,793,79.69
ZA,Product-4808,214,14.04
MA,Product-4809,404,52.82
NG,Product-4810,268,44.01
GH,Product-4811,95,43.85
KE,Product-4812,224,94.20
ZA,Product-4813,226,33.70
MA,Product-4814,180,39.30
NG,Product-4815,882,90.72
GH,Product-4816,751,12.00
KE,Product-4817,686,29.75
ZA,Product-4818,949,56.41
MA,Product-4819,196,62.10
NG,Product-4820,2,82.85
GH,Product-4821,339,37.42
KE,Product-4822,375,8.00
ZA,Product-4823,723,75.99
MA,Product-4824,483,56.18
NG,Product-4825,506,53.18
GH,Product-4826,772,20.71
KE,Product-4827,421,90.33
ZA,Product-4828,878,80.83
MA,Product-4829,997,21.14
NG,Product-4830,669,94.75
GH,Product-4831,154,4.99
KE,Product-4832,312,89.63
ZA,Product-4833,526,44.45
MA,Product-4834,134,84.33
NG,Product-4835,66,57.20
GH,Product-4836,962,67.87
KE,Product-4837,894,53.65
ZA,Product-4838,916,68.22
MA,Product-4839,474,26.01
NG,Product-4840,680,60.71
GH,Product-4841,105,23.19
KE,Product-4842,395,68.57
ZA,Product-4843,831,25.64
MA,Product-4844,376,63.11
NG,Product-4845,611,61.29
GH,Product-4846,540,14.39
KE,Product-4847,790,28.56
ZA,Product-4848,644,43.17
MA,Product-4849,959,2.17
NG,Product-4850,906,24.34
GH,Product-4851,586,70.30
KE,Product-4852,295,83.56
ZA,Product-4853,472,24.96
MA,Product-4854,607,8.66
NG,Product-4855,798,13.54
GH,Product-4856,760,25.33
KE,Product-4857,402,42.33
ZA,Product-4858,797,60.23
MA,Product-4859,389,77.66
NG,Product-4860,610,88.14
GH,Product-4861,461,13.42
KE,Product-4862,229,86.20
ZA,Product-4863,947,75.65
MA,Product-4864,232,31.88
NG,Product-4865,611,64.79
GH,Product-4866,144,33.18
KE,Product-4867,924,89.93
ZA,Product-4868,198,8.08
MA,Product-4869,573,88.89
NG,Product-4870,824,42.23
GH,Product-4871,307,63.97
KE,Product-4872,71,42.90
ZA,Product-4873,3,68.54
MA,Product-4874,211,54.54
NG,Product-4875,201,8.23
GH,Product-4876,866,85.83
KE,Product-4877,102,67.28
ZA,Product-4878,435,76.40
MA,Product-4879,767,15.84
NG,Product-4880,992,12.21
GH,Product-4881,500,2.43
KE,Product-4882,7,10.94
ZA,Product-4883,982,27.96
MA,Product-4884,93,63.06
NG,Product-4885,348,78.54
GH,Product-4886,683,74.16
KE,Product-4887,952,38.28
ZA,Product-4888,958,54.41
MA,Product-4889,699,44.39
NG,Product-4890,813,22.42
GH,Product-4891,399,66.95
KE,Product-4892,870,90.56
ZA,Product-4893,644,54.83
MA,Product-4894,84,8.78
NG,Product-4895,900,86.89
GH,Product-4896,11,48.06
KE,Product-4897,731,42.04
ZA,Product-4898,934,67.17
MA,Product-4899,440,15.64
NG,Product-4900,491,25.69
GH,Product-4901,564,35.66
KE,Product-4902,389,97.27
ZA,Product-4903,826,4.24
MA,Product-4904,901,41.67
NG,Product-4905,16,63.33
GH,Product-4906,694,5.39
KE,Product-4907,386,26.59
ZA,Product-4908,632,13.75
MA,Product-4909,366,65.47
NG,Product-4910,26,91.11
GH,Product-4911,124,27.27
KE,Product-4912,805,88.43
ZA,Product-4913,946,65.09
MA,Product-4914,730,94.85
NG,Product-4915,493,10.11
GH,Product-4916,441,85.52
KE,Product-4917,966,87.46
ZA,Product-4918,895,20.79
MA,Product-4919,224,46.77
NG,Product-4920,541,1.82
GH,Product-4921,103,7.43
KE,Product-4922,413,94.33
ZA,Product-4923,624,33.67
MA,Product-4924,69,43.43
NG,Product-4925,957,31.59
GH,Product-4926,548,15.44
KE,Product-4927,541,80.83
ZA,Product-4928,17,72.56
MA,Product-4929,162,73.20
NG,Product-4930,731,19.51
GH,Product-4931,843,2.77
KE,Product-4932,391,81.27
ZA,Product-4933,496,72.89
MA,Product-4934,40,5.03
NG,Product-4935,581,67.44
GH,Product-4936,983,72.89
KE,Product-4937,392,50.30
ZA,Product-4938,813,79.24
MA,Product-4939,473,51.37
NG,Product-4940,29,91.29
GH,Product-4941,214,83.80
KE,Product-4942,554,12.63
ZA,Product-4943,279,96.31
MA,Product-4944,634,32.23
NG,Product-4945,37,9.23
GH,Product-4946,813,67.93
KE,Product-4947,803,82.26
ZA,Product-4948,196,51.28
MA,Product-4949,601,32.76
NG,Product-4950,546,54.80
GH,Product-4951,633,67.36
KE,Product-4952,285,39.78
ZA,Product-4953,308,1.00
MA,Product-4954,767,18.40
NG,Product-4955,265,52.33
GH,Product-4956,2,74.11
KE,Product-4957,674,76.09
ZA,Product-4958,362,88.13
MA,Product-4959,495,63.73
NG,Product-4960,144,33.93
GH,Product-4961,417,77.61
KE,Product-4962,232,79.07
ZA,Product-4963,762,40.22
MA,Product-4964,288,50.69
NG,Product-4965,546,68.36
GH,Product-4966,607,57.46
KE,Product-4967,529,79.29
ZA,Product-4968,231,63.27
MA,Product-4969,248,13.97
NG,Product-4970,52,59.10
GH,Product-4971,459,24.07
KE,Product-4972,759,82.34
ZA,Product-4973,788,92.76
MA,Product-4974,696,87.30
NG,Product-4975,317,80.81
GH,Product-4976,977,54.34
KE,Product-4977,730,5.81
ZA,Product-4978,430,37.69
MA,Product-4979,272,84.19
NG,Product-4980,383,49.86
GH,Product-4981,802,65.24
KE,Product-4982,382,68.41
ZA,Product-4983,90,4.47
MA,Product-4984,623,58.50
NG,Product-4985,377,14.17
GH,Product-4986,529,13.76
KE,Product-4987,823,14.14
ZA,Product-4988,643,92.57
MA,Product-4989,157,43.70
NG,Product-4990,383,34.12
GH,Product-4991,78,59.43
KE,Product-4992,57,71.69
ZA,Product-4993,496,33.19
MA,Product-4994,536,19.44
NG,Product-4995,911,7.45
GH,Product-4996,488,1.49
KE,Product-4997,78,7.25
ZA,Product-4998,233,96.60
MA,Product-4999,190,71.14
NG,Product-5000,841,19.61
GH,Product-5001,118,15.03
KE,Product-5002,771,27.42
ZA,Product-5003,391,75.02
MA,Product-5004,862,98.53
NG,Product-5005,270,82.46
GH,Product-5006,98,72.46
KE,Product-5007,316,41.44
ZA,Product-5008,619,83.71
MA,Product-5009,294,33.63
NG,Product-5010,590,17.65
GH,Product-5011,999,84.53
KE,Product-5012,20,50.86
ZA,Product-5013,629,65.73
MA,Product-5014,431,77.03
NG,Product-5015,645,68.19
GH,Product-5016,794,88.24
KE,Product-5017,853,58.37
ZA,Product-5018,656,82.37
MA,Product-5019,235,14.31
NG,Product-5020,104,81.73
GH,Product-5021,89,56.11
KE,Product-5022,45,53.20
ZA,Product-5023,159,7.61
MA,Product-5024,721,8.43
NG,Product-5025,890,81.76
GH,Product-5026,388,38.11
KE,Product-5027,648,53.89
ZA,Product-5028,544,69.96
MA,Product-5029,885,56.15
NG,Product-5030,487,37.19
GH,Product-5031,378,41.60
KE,Product-5032,932,30.16
ZA,Product-5033,77,56.85
MA,Product-5034,930,41.48
NG,Product-5035,659,90.80
GH,Product-5036,10,15.13
KE,Product-5037,846,58.62
ZA,Product-5038,164,11.20
MA,Product-5039,109,44.84
NG,Product-5040,90,83.27
GH,Product-5041,513,22.68
KE,Product-5042,697,3.88
ZA,Product-5043,945,38.48
MA,Product-5044,955,65.32
NG,Product-5045,712,26.69
GH,Product-5046,19,51.33
KE,Product-5047,96,57.50
ZA,Product-5048,135,5.38
MA,Product-5049,47,71.19
NG,Product-5050,242,33.92
GH,Product-5051,275,53.37
KE,Product-5052,641,15.73
ZA,Product-5053,797,24.71
MA,Product-5054,304,4.68
NG,Product-5055,33,29.50
GH,Product-5056,808,73.85
KE,Product-5057,786,87.86
ZA,Product-5058,15,56.03
MA,Product-5059,834,42.90
NG,Product-5060,333,1.13
GH,Product-5061,908,33.81
KE,Product-5062,808,45.72
ZA,Product-5063,721,84.74
MA,Product-5064,108,51.18
NG,Product-5065,758,86.15
GH,Product-5066,719,8.58
KE,Product-5067,245,85.23
ZA,Product-5068,754,87.08
MA,Product-5069,592,14.80
NG,Product-5070,402,35.18
GH,Product-5071,791,53.40
KE,Product-5072,993,7.57
ZA,Product-5073,701,7.59
MA,Product-5074,458,11.83
NG,Product-5075,894,57.89
GH,Product-5076,498,10.66
KE,Product-5077,711,8.21
ZA,Product-5078,103,4.19
MA,Product-5079,483,40.68
NG,Product-5080,672,79.83
GH,Product-5081,523,29.92
KE,Product-5082,210,83.70
ZA,Product-5083,463,85.90
MA,Product-5084,412,67.55
NG,Product-5085,960,42.56
GH,Product-5086,276,73.26
KE,Product-5087,791,33.67
ZA,Product-5088,184,36.01
MA,Product-5089,238,65.02
NG,Product-5090,177,30.08
GH,Product-5091,267,88.32
KE,Product-5092,933,74.18
ZA,Product-5093,242,77.66
MA,Product-5094,383,51.18
NG,Product-5095,980,35.57
GH,Product-5096,210,62.57
KE,Product-5097,219,28.59
ZA,Product-5098,133,29.97
MA,Product-5099,175,25.86
NG,Product-5100,236,5.97
GH,Product-5101,549,5.15
KE,Product-5102,713,52.93
ZA,Product-5103,427,5.57
MA,Product-5104,924,97.34
NG,Product-5105,904,50.52
GH,Product-5106,380,87.30
KE,Product-5107,370,34.72
ZA,Product-5108,982,23.64
MA,Product-5109,623,2.42
NG,Product-5110,861,58.34
GH,Product-5111,372,75.11
KE,Product-5112,816,22.51
ZA,Product-5113,390,32.86
MA,Product-5114,374,86.44
NG,Product-5115,105,17.67
GH,Product-5116,328,75.73
KE,Product-5117,765,97.74
ZA,Product-5118,629,21.80
MA,Product-5119,739,15.55
NG,Product-5120,660,37.84
GH,Product-5121,793,54.52
KE,Product-5122,288,47.47
ZA,Product-5123,249,2.67
MA,Product-5124,78,14.89
NG,Product-5125,850,63.59
GH,Product-5126,497,0.63
KE,Product-5127,573,98.11
ZA,Product-5128,700,78.47
MA,Product-5129,439,1.09
NG,Product-5130,183,49.13
GH,Product-5131,728,78.72
KE,Product-5132,380,40.15
ZA,Product-5133,987,75.65
MA,Product-5134,571,9.98
NG,Product-5135,311,77.15
GH,Product-5136,799,74.15
KE,Product-5137,249,94.69
ZA,Product-5138,235,76.39
MA,Product-5139,406,14.06
NG,Product-5140,646,16.16
GH,Product-5141,258,5.65
KE,Product-5142,641,82.67
ZA,Product-5143,848,18.57
MA,Product-5144,613,34.33
NG,Product-5145,326,8.06
GH,Product-5146,45,73.53
KE,Product-5147,464,89.17
ZA,Product-5148,399,66.87
MA,Product-5149,901,40.77
NG,Product-5150,837,44.27
GH,Product-5151,172,51.17
KE,Product-5152,313,74.65
ZA,Product-5153,750,68.27
MA,Product-5154,893,33.75
NG,Product-5155,627,52.81
GH,Product-5156,266,91.77
KE,Product-5157,807,68.97
ZA,Product-5158,93,7.37
MA,Product-5159,213,17.48
NG,Product-5160,921,78.75
GH,Product-5161,21,68.10
KE,Product-5162,165,57.37
ZA,Product-5163,952,97.49
MA,Product-5164,331,76.36
NG,Product-5165,604,63.75
GH,Product-5166,964,84.77
KE,Product-5167,238,75.02
ZA,Product-5168,994,21.31
MA,Product-5169,197,64.63
NG,Product-5170,559,20.19
GH,Product-5171,234,78.10
KE,Product-5172,350,26.44
ZA,Product-5173,136,80.44
MA,Product-5174,282,68.78
NG,Product-5175,969,31.60
GH,Product-5176,826,83.16
KE,Product-5177,872,81.17
ZA,Product-5178,694,37.85
MA,Product-5179,908,3.63
NG,Product-5180,563,92.62
GH,Product-5181,309,13.44
KE,Product-5182,800,14.92
ZA,Product-5183,923,49.40
MA,Product-5184,23,10.88
NG,Product-5185,146,64.16
GH,Product-5186,182,65.80
KE,Product-5187,23,59.14
ZA,Product-5188,769,29.93
MA,Product-5189,851,44.49
NG,Product-5190,915,45.09
GH,Product-5191,654,33.37
KE,Product-5192,814,94.17
ZA,Product-5193,657,42.67
MA,Product-5194,526,27.76
NG,Product-5195,267,90.29
GH,Product-5196,348,67.70
KE,Product-5197,279,57.51
ZA,Product-5198,205,31.74
MA,Product-5199,605,1.62
NG,Product-5200,245,91.19
GH,Product-5201,807,38.76
KE,Product-5202,783,79.78
ZA,Product-5203,723,96.49
MA,Product-5204,262,26.52
NG,Product-5205,192,55.83
GH,Product-5206,17,75.25
KE,Product-5207,632,70.87
ZA,Product-5208,654,55.13
MA,Product-5209,581,38.57
NG,Product-5210,40,69.51
GH,Product-5211,473,68.44
KE,Product-5212,631,94.64
ZA,Product-5213,964,22.52
MA,Product-5214,441,56.73
NG,Product-5215,752,92.90
GH,Product-5216,293,97.98
KE,Product-5217,0,90.01
ZA,Product-5218,345,27.11
MA,Product-5219,801,76.79
NG,Product-5220,296,84.91
GH,Product-5221,628,10.18
KE,Product-5222,140,75.35
ZA,Product-5223,943,34.53
MA,Product-5224,463,89.99
NG,Product-5225,445,85.70
GH,Product-5226,105,4.09
KE,Product-5227,434,30.55
ZA,Product-5228,368,67.93
MA,Product-5229,100,64.42
NG,Product-5230,400,2.07
GH,Product-5231,861,95.46
KE,Product-5232,874,5.28
ZA,Product-5233,138,85.87
MA,Product-5234,112,95.95
NG,Product-5235,31,79.63
GH,Product-5236,319,25.67
KE,Product-5237,543,11.28
ZA,Product-5238,574,39.03
MA,Product-5239,789,76.54
NG,Product-5240,548,61.48
GH,Product-5241,883,92.74
KE,Product-5242,401,81.14
ZA,Product-5243,122,51.52
MA,Product-5244,703,4.37
NG,Product-5245,8,37.14
GH,Product-5246,126,28.49
KE,Product-5247,743,68.16
ZA,Product-5248,75,73.13
MA,Product-5249,634,60.75
NG,Product-5250,683,59.27
GH,Product-5251,5,28.61
KE,Product-5252,26,41.67
ZA,Product-5253,503,76.23
MA,Product-5254,874,54.30
NG,Product-5255,409,56.66
GH,Product-5256,509,95.00
KE,Product-5257,786,17.47
ZA,Product-5258,433,81.14
MA,Product-5259,77,92.03
NG,Product-5260,772,57.06
GH,Product-5261,256,24.20
KE,Product-5262,134,34.94
ZA,Product-5263,41,41.75
MA,Product-5264,263,15.78
NG,Product-5265,320,23.38
GH,Product-5266,980,33.50
KE,Product-5267,356,96.60
ZA,Product-5268,462,34.13
MA,Product-5269,677,37.90
NG,Product-5270,234,12.43
GH,Product-5271,205,48.79
KE,Product-5272,327,84.66
ZA,Product-5273,671,53.98
MA,Product-5274,195,18.98
NG,Product-5275,542,46.01
GH,Product-5276,35,26.90
KE,Product-5277,258,14.95
ZA,Product-5278,971,30.09
MA,Product-5279,964,75.28
NG,Product-5280,638,90.33
GH,Product-5281,657,95.10
KE,Product-5282,613,79.96
ZA,Product-5283,386,71.93
MA,Product-5284,677,57.57
NG,Product-5285,350,24.57
GH,Product-5286,946,58.93
KE,Product-5287,275,97.31
ZA,Product-5288,295,79.27
MA,Product-5289,982,32.50
NG,Product-5290,777,50.40
GH,Product-5291,216,6.73
KE,Product-5292,250,34.87
ZA,Product-5293,136,6.22
MA,Product-5294,833,98.06
NG,Product-5295,442,1.55
GH,Product-5296,427,84.91
KE,Product-5297,224,58.59
ZA,Product-5298,573,29.14
MA,Product-5299,928,74.18
NG,Product-5300,123,96.72
GH,Product-5301,248,7.70
KE,Product-5302,526,41.87
ZA,Product-5303,346,71.39
MA,Product-5304,49,58.75
NG,Product-5305,743,15.68
GH,Product-5306,374,7.62
KE,Product-5307,906,8.95
ZA,Product-5308,93,21.01
MA,Product-5309,73,28.63
NG,Product-5310,997,25.46
GH,Product-5311,792,20.93
KE,Product-5312,888,8.54
ZA,Product-5313,210,94.09
MA,Product-5314,461,0.68
NG,Product-5315,159,49.27
GH,Product-5316,209,41.81
KE,Product-5317,909,29.17
ZA,Product-5318,55,23.40
MA,Product-5319,677,20.48
NG,Product-5320,199,96.91
GH,Product-5321,205,53.30
KE,Product-5322,772,14.71
ZA,Product-5323,159,29.71
MA,Product-5324,512,87.23
NG,Product-5325,616,55.53
GH,Product-5326,362,74.29
KE,Product-5327,66,64.72
ZA,Product-5328,872,6.54
MA,Product-5329,784,82.40
NG,Product-5330,912,8.73
GH,Product-5331,835,22.00
KE,Product-5332,756,96.63
ZA,Product-5333,383,46.48
MA,Product-5334,210,72.66
NG,Product-5335,146,10.49
GH,Product-5336,160,39.85
KE,Product-5337,691,76.94
ZA,Product-5338,194,94.13
MA,Product-5339,970,75.27
NG,Product-5340,697,57.88
GH,Product-5341,203,30.88
KE,Product-5342,849,46.03
ZA,Product-5343,863,78.53
MA,Product-5344,578,97.85
NG,Product-5345,596,40.52
GH,Product-5346,421,38.04
KE,Product-5347,123,98.09
ZA,Product-5348,653,30.83
MA,Product-5349,481,49.92
NG,Product-5350,852,5.11
GH,Product-5351,761,42.97
KE,Product-5352,544,56.50
ZA,Product-5353,303,25.49
MA,Product-5354,945,92.03
NG,Product-5355,167,88.28
GH,Product-5356,413,4.61
KE,Product-5357,596,63.61
ZA,Product-5358,40,11.00
MA,Product-5359,597,11.19
NG,Product-5360,59,13.08
GH,Product-5361,185,67.49
KE,Product-5362,995,56.07
ZA,Product-5363,752,16.93
MA,Product-5364,446,25.09
NG,Product-5365,358,65.40
GH,Product-5366,192,56.28
KE,Product-5367,829,20.35
ZA,Product-5368,225,81.92
MA,Product-5369,888,28.00
NG,Product-5370,219,18.25
GH,Product-5371,338,83.23
KE,Product-5372,209,55.01
ZA,Product-5373,176,13.76
MA,Product-5374,885,98.62
NG,Product-5375,767,77.94
GH,Product-5376,328,5.86
KE,Product-5377,41,92.08
ZA,Product-5378,518,8.02
MA,Product-5379,433,98.19
NG,Product-5380,477,7.56
GH,Product-5381,373,91.47
KE,Product-5382,619,35.36
ZA,Product-5383,877,81.95
MA,Product-5384,532,48.33
NG,Product-5385,137,35.70
GH,Product-5386,89,1.72
KE,Product-5387,784,34.55
ZA,Product-5388,478,60.75
MA,Product-5389,291,33.41
NG,Product-5390,329,30.47
GH,Product-5391,367,28.77
KE,Product-5392,654,35.84
ZA,Product-5393,713,43.65
MA,Product-5394,353,73.87
NG,Product-5395,681,88.14
GH,Product-5396,297,96.50
KE,Product-5397,473,44.11
ZA,Product-5398,535,42.59
MA,Product-5399,663,19.59
NG,Product-5400,525,72.82
GH,Product-5401,823,60.49
KE,Product-5402,568,11.06
ZA,Product-5403,344,79.94
MA,Product-5404,316,89.01
NG,Product-5405,898,91.36
GH,Product-5406,283,38.64
KE,Product-5407,559,42.36
ZA,Product-5408,250,61.99
MA,Product-5409,213,28.12
NG,Product-5410,54,9.21
GH,Product-5411,617,59.76
KE,Product-5412,674,33.34
ZA,Product-5413,405,35.09
MA,Product-5414,545,75.32
NG,Product-5415,842,96.48
GH,Product-5416,76,50.75
KE,Product-5417,3,22.18
ZA,Product-5418,281,5.17
MA,Product-5419,880,15.48
NG,Product-5420,458,20.07
GH,Product-5421,698,68.55
KE,Product-5422,71,89.86
ZA,Product-5423,174,75.15
MA,Product-5424,306,15.35
NG,Product-5425,588,87.30
GH,Product-5426,217,24.87
KE,Product-5427,225,25.71
ZA,Product-5428,920,17.70
MA,Product-5429,35,32.83
NG,Product-5430,755,6.68
GH,Product-5431,754,6.30
KE,Product-5432,89,77.14
ZA,Product-5433,94,25.45
MA,Product-5434,958,36.86
NG,Product-5435,754,25.01
GH,Product-5436,40,84.78
KE,Product-5437,154,85.75
ZA,Product-5438,450,57.88
MA,Product-5439,316,90.45
NG,Product-5440,651,29.25
GH,Product-5441,269,95.66
KE,Product-5442,872,19.06
ZA,Product-5443,197,95.03
MA,Product-5444,908,66.90
NG,Product-5445,632,46.03
GH,Product-5446,149,40.07
KE,Product-5447,965,60.05
ZA,Product-5448,222,8.73
MA,Product-5449,618,16.19
NG,Product-5450,297,70.30
GH,Product-5451,98,71.21
KE,Product-5452,363,46.30
ZA,Product-5453,641,66.84
MA,Product-5454,506,22.76
NG,Product-5455,987,9.80
GH,Product-5456,208,40.23
KE,Product-5457,549,25.56
ZA,Product-5458,362,99.54
MA,Product-5459,660,29.52
NG,Product-5460,792,86.85
GH,Product-5461,155,78.11
KE,Product-5462,948,84.19
ZA,Product-5463,588,94.31
MA,Product-5464,793,39.11
NG,Product-5465,462,92.45
GH,Product-5466,308,37.83
KE,Product-5467,987,74.42
ZA,Product-5468,443,1.79
MA,Product-5469,398,10.54
NG,Product-5470,660,11.99
GH,Product-5471,615,86.38
KE,Product-5472,342,53.05
ZA,Product-5473,709,4.26
MA,Product-5474,758,87.42
NG,Product-5475,320,73.79
GH,Product-5476,546,21.94
KE,Product-5477,714,34.01
ZA,Product-5478,323,53.23
MA,Product-5479,696,42.85
NG,Product-5480,275,57.63
GH,Product-5481,182,63.83
KE,Product-5482,584,26.01
ZA,Product-5483,509,15.30
MA,Product-5484,754,35.09
NG,Product-5485,220,12.53
GH,Product-5486,389,34.40
KE,Product-5487,850,52.69
ZA,Product-5488,321,51.87
MA,Product-5489,955,18.14
NG,Product-5490,815,35.65
GH,Product-5491,614,93.98
KE,Product-5492,271,10.01
ZA,Product-5493,798,57.32
MA,Product-5494,447,93.56
NG,Product-5495,394,69.57
GH,Product-5496,709,8.60
KE,Product-5497,323,63.57
ZA,Product-5498,46,66.61
MA,Product-5499,581,25.66
NG,Product-5500,690,30.09
GH,Product-5501,268,28.31
KE,Product-5502,709,80.40
ZA,Product-5503,42,52.43
MA,Product-5504,878,19.00
NG,Product-5505,501,85.73
GH,Product-5506,45,77.32
KE,Product-5507,175,21.17
ZA,Product-5508,511,58.59
MA,Product-5509,817,78.34
NG,Product-5510,389,80.14
GH,Product-5511,898,51.39
KE,Product-5512,567,16.27
ZA,Product-5513,112,91.56
MA,Product-5514,990,26.49
NG,Product-5515,458,27.84
GH,Product-5516,449,47.25
KE,Product-5517,771,34.18
ZA,Product-5518,634,60.80
MA,Product-5519,59,50.02
NG,Product-5520,271,3.07
GH,Product-5521,770,10.16
KE,Product-5522,837,32.02
ZA,Product-5523,984,26.00
MA,Product-5524,482,46.00
NG,Product-5525,300,21.81
GH,Product-5526,767,57.46
KE,Product-5527,896,36.04
ZA,Product-5528,325,28.54
MA,Product-5529,147,56.41
NG,Product-5530,231,28.23
GH,Product-5531,453,91.18
KE,Product-5532,385,95.90
ZA,Product-5533,608,8.63
MA,Product-5534,658,15.58
NG,Product-5535,557,79.90
GH,Product-5536,783,72.06
KE,Product-5537,914,76.24
ZA,Product-5538,578,45.30
MA,Product-5539,296,99.32
NG,Product-5540,933,42.07
GH,Product-5541,900,6.64
KE,Product-5542,251,32.13
ZA,Product-5543,905,61.99
MA,Product-5544,307,99.96
NG,Product-5545,36,14.54
GH,Product-5546,739,40.76
KE,Product-5547,930,42.52
ZA,Product-5548,717,68.48
MA,Product-5549,960,55.26
NG,Product-5550,967,7.37
GH,Product-5551,261,69.94
KE,Product-5552,740,64.40
ZA,Product-5553,699,34.26
MA,Product-5554,907,79.02
NG,Product-5555,332,17.31
GH,Product-5556,211,50.72
KE,Product-5557,782,64.29
ZA,Product-5558,979,9.95
MA,Product-5559,40,1.09
NG,Product-5560,235,95.73
GH,Product-5561,830,84.19
KE,Product-5562,474,39.24
ZA,Product-5563,240,33.27
MA,Product-5564,303,45.69
NG,Product-5565,650,94.51
GH,Product-5566,47,6.22
KE,Product-5567,917,26.64
ZA,Product-5568,997,64.83
MA,Product-5569,622,63.25
NG,Product-5570,421,29.79
GH,Product-5571,873,99.07
KE,Product-5572,759,16.74
ZA,Product-5573,574,85.78
MA,Product-5574,367,16.63
NG,Product-5575,231,74.68
GH,Product-5576,420,17.65
KE,Product-5577,808,12.36
ZA,Product-5578,422,44.24
MA,Product-5579,959,17.45
NG,Product-5580,490,43.83
GH,Product-5581,755,22.41
KE,Product-5582,821,58.58
ZA,Product-5583,205,43.10
MA,Product-5584,326,59.62
NG,Product-5585,193,10.37
GH,Product-5586,64,26.99
KE,Product-5587,343,47.20
ZA,Product-5588,428,0.60
MA,Product-5589,767,91.38
NG,Product-5590,474,47.78
GH,Product-5591,953,41.12
KE,Product-5592,956,70.26
ZA,Product-5593,1,73.26
MA,Product-5594,599,6.70
NG,Product-5595,704,5.56
GH,Product-5596,445,80.18
KE,Product-5597,151,11.13
ZA,Product-5598,528,56.97
MA,Product-5599,711,56.89
NG,Product-5600,644,56.60
GH,Product-5601,726,76.47
KE,Product-5602,776,18.77
ZA,Product-5603,749,80.64
MA,Product-5604,886,23.75
NG,Product-5605,84,21.08
GH,Product-5606,589,77.95
KE,Product-5607,37,25.95
ZA,Product-5608,985,34.30
MA,Product-5609,260,90.43
NG,Product-5610,862,96.54
GH,Product-5611,313,92.73
KE,Product-5612,502,4.62
ZA,Product-5613,797,81.86
MA,Product-5614,93,8.72
NG,Product-5615,648,7.30
GH,Product-5616,187,18.56
KE,Product-5617,743,97.55
ZA,Product-5618,314,22.43
MA,Product-5619,500,21.56
NG,Product-5620,18,91.75
GH,Product-5621,52,98.25
KE,Product-5622,717,97.01
ZA,Product-5623,217,34.95
MA,Product-5624,999,15.31
NG,Product-5625,139,86.88
GH,Product-5626,469,39.46
KE,Product-5627,738,94.83
ZA,Product-5628,368,76.88
MA,Product-5629,968,92.01
NG,Product-5630,786,70.83
GH,Product-5631,42,33.33
KE,Product-5632,961,12.97
ZA,Product-5633,755,56.00
MA,Product-5634,932,84.08
NG,Product-5635,612,84.10
GH,Product-5636,549,10.62
KE,Product-5637,737,10.78
ZA,Product-5638,204,64.58
MA,Product-5639,602,2.46
NG,Product-5640,524,65.51
GH,Product-5641,725,27.48
KE,Product-5642,358,73.33
ZA,Product-5643,96,98.83
MA,Product-5644,177,22.21
NG,Product-5645,903,60.44
GH,Product-5646,775,77.37
KE,Product-5647,33,58.25
ZA,Product-5648,83,18.45
MA,Product-5649,43,18.71
NG,Product-5650,164,26.50
GH,Product-5651,469,22.81
KE,Product-5652,152,87.20
ZA,Product-5653,408,68.48
MA,Product-5654,303,16.07
NG,Product-5655,136,55.97
GH,Product-5656,178,79.75
KE,Product-5657,108,54.54
ZA,Product-5658,183,77.09
MA,Product-5659,571,10.33
NG,Product-5660,365,81.37
GH,Product-5661,402,19.76
KE,Product-5662,532,77.90
ZA,Product-5663,586,27.01
MA,Product-5664,484,59.58
NG,Product-5665,181,92.68
GH,Product-5666,176,60.99
KE,Product-5667,349,57.92
ZA,Product-5668,458,85.29
MA,Product-5669,319,94.61
NG,Product-5670,969,61.26
GH,Product-5671,66,94.86
KE,Product-5672,162,96.21
ZA,Product-5673,922,69.49
MA,Product-5674,363,39.24
NG,Product-5675,583,2.09
GH,Product-5676,915,88.77
KE,Product-5677,340,38.21
ZA,Product-5678,195,37.92
MA,Product-5679,9,58.53
NG,Product-5680,930,15.17
GH,Product-5681,306,63.70
KE,Product-5682,778,71.37
ZA,Product-5683,382,82.74
MA,Product-5684,733,79.95
NG,Product-5685,621,68.00
GH,Product-5686,844,84.00
KE,Product-5687,164,30.32
ZA,Product-5688,507,24.11
MA,Product-5689,253,79.79
NG,Product-5690,744,68.72
GH,Product-5691,939,85.72
KE,Product-5692,193,62.70
ZA,Product-5693,116,5.42
MA,Product-5694,936,8.76
NG,Product-5695,347,16.28
GH,Product-5696,256,79.91
KE,Product-5697,535,32.12
ZA,Product-5698,11,94.76
MA,Product-5699,667,51.03
NG,Product-5700,61,5.59
GH,Product-5701,501,11.12
KE,Product-5702,944,15.54
ZA,Product-5703,832,88.46
MA,Product-5704,943,94.81
NG,Product-5705,330,83.33
GH,Product-5706,844,30.77
KE,Product-5707,423,29.92
ZA,Product-5708,882,93.43
MA,Product-5709,101,99.76
NG,Product-5710,31,23.60
GH,Product-5711,757,59.19
KE,Product-5712,989,16.60
ZA,Product-5713,966,85.32
MA,Product-5714,704,51.94
NG,Product-5715,436,60.07
GH,Product-5716,806,18.19
KE,Product-5717,978,4.39
ZA,Product-5718,678,44.08
MA,Product-5719,18,15.50
NG,Product-5720,547,25.19
GH,Product-5721,555,4.79
KE,Product-5722,358,66.46
ZA,Product-5723,179,35.10
MA,Product-5724,682,41.16
NG,Product-5725,848,96.41
GH,Product-5726,689,71.46
KE,Product-5727,619,85.79
ZA,Product-5728,932,83.36
MA,Product-5729,442,42.56
NG,Product-5730,406,62.14
GH,Product-5731,487,3.24
KE,Product-5732,749,53.54
ZA,Product-5733,63,36.48
MA,Product-5734,779,48.25
NG,Product-5735,415,83.91
GH,Product-5736,369,36.69
KE,Product-5737,232,9.97
ZA,Product-5738,946,57.48
MA,Product-5739,116,91.31
NG,Product-5740,442,81.96
GH,Product-5741,161,13.74
KE,Product-5742,189,97.01
ZA,Product-5743,937,48.62
MA,Product-5744,267,51.97
NG,Product-5745,356,63.66
GH,Product-5746,987,1.76
KE,Product-5747,955,39.03
ZA,Product-5748,420,7.92
MA,Product-5749,484,85.98
NG,Product-5750,803,37.35
GH,Product-5751,311,84.18
KE,Product-5752,309,52.30
ZA,Product-5753,56,70.47
MA,Product-5754,501,83.08
NG,Product-5755,335,75.55
GH,Product-5756,243,66.46
KE,Product-5757,796,35.61
ZA,Product-5758,823,34.47
MA,Product-5759,151,13.36
NG,Product-5760,693,53.80
GH,Product-5761,345,66.28
KE,Product-5762,690,75.83
ZA,Product-5763,648,84.14
MA,Product-5764,411,86.91
NG,Product-5765,801,95.24
GH,Product-5766,225,23.60
KE,Product-5767,356,48.03
ZA,Product-5768,871,56.69
MA,Product-5769,504,31.47
NG,Product-5770,571,43.32
GH,Product-5771,727,83.59
KE,Product-5772,543,23.96
ZA,Product-5773,483,94.82
MA,Product-5774,253,93.45
NG,Product-5775,443,91.98
GH,Product-5776,137,15.57
KE,Product-5777,740,91.51
ZA,Product-5778,307,32.47
MA,Product-5779,861,97.12
NG,Product-5780,75,37.62
GH,Product-5781,540,28.51
KE,Product-5782,9,97.92
ZA,Product-5783,91,0.69
MA,Product-5784,775,3.15
NG,Product-5785,907,59.15
GH,Product-5786,770,84.22
KE,Product-5787,520,7.26
ZA,Product-5788,57,84.53
MA,Product-5789,293,97.56
NG,Product-5790,818,80.90
GH,Product-5791,518,82.71
KE,Product-5792,715,57.30
ZA,Product-5793,779,68.09
MA,Product-5794,927,34.23
NG,Product-5795,825,62.07
GH,Product-5796,405,53.39
KE,Product-5797,994,68.82
ZA,Product-5798,520,25.05
MA,Product-5799,679,11.29
NG,Product-5800,587,53.77
GH,Product-5801,433,47.08
KE,Product-5802,689,69.47
ZA,Product-5803,820,3.48
MA,Product-5804,251,74.55
NG,Product-5805,824,65.05
GH,Product-5806,983,97.22
KE,Product-5807,652,8.27
ZA,Product-5808,338,11.96
MA,Product-5809,166,21.01
NG,Product-5810,146,28.44
GH,Product-5811,922,19.38
KE,Product-5812,616,67.23
ZA,Product-5813,997,23.29
MA,Product-5814,744,10.05
NG,Product-5815,394,49.92
GH,Product-5816,716,39.19
KE,Product-5817,211,82.84
ZA,Product-5818,549,78.20
MA,Product-5819,797,92.68
NG,Product-5820,41,76.65
GH,Product-5821,578,65.39
KE,Product-5822,41,1.06
ZA,Product-5823,883,15.39
MA,Product-5824,135,61.66
NG,Product-5825,914,39.90
GH,Product-5826,831,76.72
KE,Product-5827,440,46.52
ZA,Product-5828,519,76.18
MA,Product-5829,127,60.49
NG,Product-5830,950,80.97
GH,Product-5831,129,88.65
KE,Product-5832,120,27.24
ZA,Product-5833,41,57.69
MA,Product-5834,303,1.84
NG,Product-5835,875,47.14
GH,Product-5836,773,94.02
KE,Product-5837,217,91.87
ZA,Product-5838,310,7.59
MA,Product-5839,901,63.46
NG,Product-5840,40,1.03
GH,Product-5841,909,14.47
KE,Product-5842,38,93.15
ZA,Product-5843,646,48.29
MA,Product-5844,949,62.89
NG,Product-5845,792,36.92
GH,Product-5846,435,11.24
KE,Product-5847,715,96.71
ZA,Product-5848,778,38.65
MA,Product-5849,838,46.15
NG,Product-5850,484,62.26
GH,Product-5851,46,59.60
KE,Product-5852,28,39.79
ZA,Product-5853,24,3.60
MA,Product-5854,437,15.47
NG,Product-5855,329,16.25
GH,Product-5856,277,21.36
KE,Product-5857,823,81.91
ZA,Product-5858,288,34.44
MA,Product-5859,257,38.24
NG,Product-5860,424,28.78
GH,Product-5861,707,99.55
KE,Product-5862,133,21.00
ZA,Product-5863,672,17.25
MA,Product-5864,194,62.19
NG,Product-5865,156,4.23
GH,Product-5866,734,98.96
KE,Product-5867,268,76.61
ZA,Product-5868,528,72.79
MA,Product-5869,70,17.42
NG,Product-5870,435,41.40
GH,Product-5871,340,74.23
KE,Product-5872,990,68.41
ZA,Product-5873,968,48.32
MA,Product-5874,243,38.76
NG,Product-5875,845,49.84
GH,Product-5876,556,61.49
KE,Product-5877,913,36.84
ZA,Product-5878,796,95.97
MA,Product-5879,495,2.92
NG,Product-5880,827,78.83
GH,Product-5881,318,80.02
KE,Product-5882,867,92.78
ZA,Product-5883,352,45.50
MA,Product-5884,614,75.45
NG,Product-5885,153,34.76
GH,Product-5886,373,50.44
KE,Product-5887,547,88.41
ZA,Product-5888,387,5.54
MA,Product-5889,972,41.55
NG,Product-5890,706,61.03
GH,Product-5891,652,0.53
KE,Product-5892,17,92.25
ZA,Product-5893,290,94.76
MA,Product-5894,355,5.08
NG,Product-5895,456,26.07
GH,Product-5896,39,97.53
KE,Product-5897,863,9.56
ZA,Product-5898,48,16.28
MA,Product-5899,478,30.48
NG,Product-5900,113,26.26
GH,Product-5901,218,38.89
KE,Product-5902,124,69.94
ZA,Product-5903,163,59.43
MA,Product-5904,717,90.87
NG,Product-5905,992,44.43
GH,Product-5906,974,74.04
KE,Product-5907,141,1.51
ZA,Product-5908,444,14.77
MA,Product-5909,304,88.58
NG,Product-5910,135,73.88
GH,Product-5911,847,9.42
KE,Product-5912,151,18.86
ZA,Product-5913,682,62.63
MA,Product-5914,734,0.38
NG,Product-5915,318,63.89
GH,Product-5916,125,92.58
KE,Product-5917,66,17.13
ZA,Product-5918,791,22.99
MA,Product-5919,172,98.02
NG,Product-5920,546,71.02
GH,Product-5921,459,61.26
KE,Product-5922,518,8.57
ZA,Product-5923,977,88.69
MA,Product-5924,661,37.65
NG,Product-5925,190,54.05
GH,Product-5926,536,18.85
KE,Product-5927,220,24.53
ZA,Product-5928,695,14.74
MA,Product-5929,287,5.38
NG,Product-5930,507,21.26
GH,Product-5931,736,3.12
KE,Product-5932,620,72.95
ZA,Product-5933,367,60.72
MA,Product-5934,658,87.62
NG,Product-5935,484,93.35
GH,Product-5936,146,44.70
KE,Product-5937,436,96.54
ZA,Product-5938,580,81.26
MA,Product-5939,232,93.96
NG,Product-5940,527,36.56
GH,Product-5941,36,88.79
KE,Product-5942,634,43.45
ZA,Product-5943,685,5.38
MA,Product-5944,674,52.31
NG,Product-5945,350,15.63
GH,Product-5946,193,96.17
KE,Product-5947,507,77.57
ZA,Product-5948,843,39.68
MA,Product-5949,291,81.46
NG,Product-5950,574,92.73
GH,Product-5951,485,13.93
KE,Product-5952,221,89.92
ZA,Product-5953,764,27.54
MA,Product-5954,164,91.79
NG,Product-5955,769,63.68
GH,Product-5956,690,44.46
KE,Product-5957,675,3.79
ZA,Product-5958,711,77.45
MA,Product-5959,489,69.36
NG,Product-5960,142,72.07
GH,Product-5961,539,83.63
KE,Product-5962,225,37.04
ZA,Product-5963,665,64.74
MA,Product-5964,272,55.93
NG,Product-5965,788,95.10
GH,Product-5966,615,50.88
KE,Product-5967,445,46.99
ZA,Product-5968,536,77.62
MA,Product-5969,626,49.68
NG,Product-5970,779,69.12
GH,Product-5971,210,91.71
KE,Product-5972,20,49.45
ZA,Product-5973,637,17.30
MA,Product-5974,117,50.87
NG,Product-5975,410,61.47
GH,Product-5976,559,99.25
KE,Product-5977,249,48.18
ZA,Product-5978,140,27.58
MA,Product-5979,647,12.64
NG,Product-5980,625,39.65
GH,Product-5981,14,91.04
KE,Product-5982,943,74.79
ZA,Product-5983,326,60.84
MA,Product-5984,706,25.22
NG,Product-5985,810,53.13
GH,Product-5986,213,10.72
KE,Product-5987,230,16.47
ZA,Product-5988,125,92.11
MA,Product-5989,393,84.52
NG,Product-5990,722,97.38
GH,Product-5991,166,60.19
KE,Product-5992,224,73.05
ZA,Product-5993,34,42.14
MA,Product-5994,693,93.31
NG,Product-5995,857,62.12
GH,Product-5996,515,23.05
KE,Product-5997,67,75.40
ZA,Product-5998,829,88.37
MA,Product-5999,507,95.24
NG,Product-6000,148,41.60
GH,Product-6001,451,65.96
KE,Product-6002,862,37.23
ZA,Product-6003,551,70.25
MA,Product-6004,353,49.29
NG,Product-6005,156,94.87
GH,Product-6006,361,86.88
KE,Product-6007,7,38.94
ZA,Product-6008,843,94.13
MA,Product-6009,590,48.40
NG,Product-6010,655,47.62
GH,Product-6011,70,18.00
KE,Product-6012,750,98.04
ZA,Product-6013,396,44.60
MA,Product-6014,25,34.28
NG,Product-6015,530,74.49
GH,Product-6016,542,19.59
KE,Product-6017,597,60.01
ZA,Product-6018,503,37.37
MA,Product-6019,649,50.47
NG,Product-6020,864,84.62
GH,Product-6021,109,10.92
KE,Product-6022,71,87.36
ZA,Product-6023,763,19.62
MA,Product-6024,620,47.36
NG,Product-6025,532,20.25
GH,Product-6026,262,22.72
KE,Product-6027,585,19.96
ZA,Product-6028,811,78.49
MA,Product-6029,937,56.64
NG,Product-6030,993,13.21
GH,Product-6031,781,29.04
KE,Product-6032,139,6.30
ZA,Product-6033,299,19.66
MA,Product-6034,605,24.81
NG,Product-6035,338,35.92
GH,Product-6036,226,13.13
KE,Product-6037,970,3.04
ZA,Product-6038,852,32.63
MA,Product-6039,541,32.31
NG,Product-6040,824,17.89
GH,Product-6041,228,9.70
KE,Product-6042,112,12.23
ZA,Product-6043,73,24.59
MA,Product-6044,109,84.22
NG,Product-6045,742,60.93
GH,Product-6046,22,17.50
KE,Product-6047,869,9.82
ZA,Product-6048,883,18.70
MA,Product-6049,810,40.52
NG,Product-6050,242,14.40
GH,Product-6051,935,12.24
KE,Product-6052,330,74.50
ZA,Product-6053,270,70.93
MA,Product-6054,597,20.29
NG,Product-6055,603,89.34
GH,Product-6056,698,75.09
KE,Product-6057,786,15.37
ZA,Product-6058,400,43.82
MA,Product-6059,701,19.44
NG,Product-6060,391,65.28
GH,Product-6061,115,58.96
KE,Product-6062,162,24.54
ZA,Product-6063,534,17.05
MA,Product-6064,609,11.64
NG,Product-6065,33,97.98
GH,Product-6066,263,19.52
KE,Product-6067,223,8.05
ZA,Product-6068,669,79.29
MA,Product-6069,77,18.12
NG,Product-6070,22,90.18
GH,Product-6071,160,66.65
KE,Product-6072,4,55.92
ZA,Product-6073,540,81.02
MA,Product-6074,230,65.51
NG,Product-6075,899,52.88
GH,Product-6076,724,66.78
KE,Product-6077,406,60.02
ZA,Product-6078,162,26.08
MA,Product-6079,540,52.80
NG,Product-6080,927,56.39
GH,Product-6081,273,67.99
KE,Product-6082,465,59.40
ZA,Product-6083,403,28.74
MA,Product-6084,364,63.85
NG,Product-6085,67,0.62
GH,Product-6086,567,17.25
KE,Product-6087,220,41.83
ZA,Product-6088,762,65.93
MA,Product-6089,793,80.08
NG,Product-6090,419,71.27
GH,Product-6091,824,77.18
KE,Product-6092,393,99.64
ZA,Product-6093,806,25.40
MA,Product-6094,260,93.34
NG,Product-6095,153,67.35
GH,Product-6096,183,36.17
KE,Product-6097,20,38.62
ZA,Product-6098,112,59.33
MA,Product-6099,125,91.59
NG,Product-6100,231,5.40
GH,Product-6101,795,52.63
KE,Product-6102,34,12.54
ZA,Product-6103,153,11.46
MA,Product-6104,895,76.57
NG,Product-6105,346,95.80
GH,Product-6106,936,73.10
KE,Product-6107,216,94.65
ZA,Product-6108,936,70.57
MA,Product-6109,99,53.44
NG,Product-6110,872,41.85
GH,Product-6111,390,99.30
KE,Product-6112,78,21.15
ZA,Product-6113,279,73.52
MA,Product-6114,299,29.29
NG,Product-6115,113,51.47
GH,Product-6116,941,8.34
KE,Product-6117,344,50.51
ZA,Product-6118,195,28.15
MA,Product-6119,243,43.88
NG,Product-6120,296,40.69
GH,Product-6121,291,94.41
KE,Product-6122,630,79.59
ZA,Product-6123,811,15.29
MA,Product-6124,592,78.00
NG,Product-6125,711,45.54
GH,Product-6126,405,58.34
KE,Product-6127,202,97.92
ZA,Product-6128,936,70.71
MA,Product-6129,863,34.84
NG,Product-6130,305,36.51
GH,Product-6131,214,66.10
KE,Product-6132,596,53.91
ZA,Product-6133,313,81.97
MA,Product-6134,438,74.21
NG,Product-6135,48,53.17
GH,Product-6136,344,36.08
KE,Product-6137,692,56.73
ZA,Product-6138,176,62.69
MA,Product-6139,79,41.12
NG,Product-6140,857,70.94
GH,Product-6141,932,39.07
KE,Product-6142,870,99.00
ZA,Product-6143,524,95.05
MA,Product-6144,883,52.03
NG,Product-6145,680,79.60
GH,Product-6146,631,28.83
KE,Product-6147,550,47.84
ZA,Product-6148,448,79.36
MA,Product-6149,533,54.47
NG,Product-6150,962,10.83
GH,Product-6151,921,51.04
KE,Product-6152,565,50.70
ZA,Product-6153,86,66.59
MA,Product-6154,557,26.96
NG,Product-6155,620,16.07
GH,Product-6156,185,22.97
KE,Product-6157,774,76.44
ZA,Product-6158,948,16.44
MA,Product-6159,544,99.35
NG,Product-6160,107,15.18
GH,Product-6161,499,64.21
KE,Product-6162,447,49.51
ZA,Product-6163,330,67.14
MA,Product-6164,914,69.92
NG,Product-6165,27,84.02
GH,Product-6166,27,2.81
KE,Product-6167,781,48.69
ZA,Product-6168,401,63.40
MA,Product-6169,387,7.32
NG,Product-6170,485,4.70
GH,Product-6171,897,49.47
KE,Product-6172,274,26.67
ZA,Product-6173,658,83.60
MA,Product-6174,646,9.01
NG,Product-6175,466,84.97
GH,Product-6176,941,58.59
KE,Product-6177,661,70.34
ZA,Product-6178,679,9.99
MA,Product-6179,20,66.23
NG,Product-6180,27,60.42
GH,Product-6181,240,18.56
KE,Product-6182,363,62.72
ZA,Product-6183,599,46.16
MA,Product-6184,268,53.86
NG,Product-6185,606,57.46
GH,Product-6186,632,53.45
KE,Product-6187,5,36.16
ZA,Product-6188,701,26.88
MA,Product-6189,46,2.22
NG,Product-6190,870,58.88
GH,Product-6191,368,64.10
KE,Product-6192,387,62.62
ZA,Product-6193,187,80.71
MA,Product-6194,484,42.54
NG,Product-6195,744,9.22
GH,Product-6196,141,11.04
KE,Product-6197,407,42.67
ZA,Product-6198,17,17.06
MA,Product-6199,56,17.41
NG,Product-6200,215,60.44
GH,Product-6201,440,47.74
KE,Product-6202,697,43.15
ZA,Product-6203,580,56.16
MA,Product-6204,35,60.52
NG,Product-6205,932,20.46
GH,Product-6206,170,45.60
KE,Product-6207,65,32.59
ZA,Product-6208,104,6.89
MA,Product-6209,870,90.08
NG,Product-6210,74,44.57
GH,Product-6211,688,87.02
KE,Product-6212,180,62.90
ZA,Product-6213,617,18.83
MA,Product-6214,901,45.91
NG,Product-6215,732,43.29
GH,Product-6216,491,22.05
KE,Product-6217,691,2.26
ZA,Product-6218,854,14.67
MA,Product-6219,392,69.28
NG,Product-6220,477,81.08
GH,Product-6221,982,81.07
KE,Product-6222,80,33.97
ZA,Product-6223,510,76.08
MA,Product-6224,661,80.38
NG,Product-6225,748,55.55
GH,Product-6226,682,79.43
KE,Product-6227,362,35.21
ZA,Product-6228,669,99.67
MA,Product-6229,441,49.83
NG,Product-6230,899,90.45
GH,Product-6231,641,49.66
KE,Product-6232,592,28.58
ZA,Product-6233,838,42.95
MA,Product-6234,847,28.89
NG,Product-6235,480,81.40
GH,Product-6236,180,10.74
KE,Product-6237,280,91.76
ZA,Product-6238,731,15.88
MA,Product-6239,209,64.42
NG,Product-6240,587,62.57
GH,Product-6241,19,43.56
KE,Product-6242,598,97.94
ZA,Product-6243,4,91.31
MA,Product-6244,859,91.79
NG,Product-6245,459,55.41
GH,Product-6246,853,7.78
KE,Product-6247,235,85.01
ZA,Product-6248,525,78.38
MA,Product-6249,880,3.40
NG,Product-6250,127,60.31
GH,Product-6251,62,9.40
KE,Product-6252,466,4.93
ZA,Product-6253,889,94.75
MA,Product-6254,212,37.48
NG,Product-6255,661,44.82
GH,Product-6256,744,91.35
KE,Product-6257,917,7.39
ZA,Product-6258,35,76.63
MA,Product-6259,237,24.73
NG,Product-6260,375,40.73
GH,Product-6261,809,26.53
KE,Product-6262,370,37.00
ZA,Product-6263,520,71.57
MA,Product-6264,899,68.68
NG,Product-6265,16,94.02
GH,Product-6266,569,50.45
KE,Product-6267,37,1.51
ZA,Product-6268,723,27.37
MA,Product-6269,52,45.19
NG,Product-6270,587,11.79
GH,Product-6271,582,19.97
KE,Product-6272,169,72.15
ZA,Product-6273,821,15.72
MA,Product-6274,917,82.40
NG,Product-6275,204,20.43
GH,Product-6276,102,88.82
KE,Product-6277,623,55.25
ZA,Product-6278,534,10.14
MA,Product-6279,863,55.83
NG,Product-6280,501,44.50
GH,Product-6281,604,56.27
KE,Product-6282,922,80.86
ZA,Product-6283,285,75.72
MA,Product-6284,846,70.42
NG,Product-6285,810,53.03
GH,Product-6286,701,7.01
KE,Product-6287,22,37.66
ZA,Product-6288,194,11.42
MA,Product-6289,0,59.31
NG,Product-6290,185,10.03
GH,Product-6291,213,40.95
KE,Product-6292,409,29.50
ZA,Product-6293,358,11.28
MA,Product-6294,411,76.83
NG,Product-6295,398,11.52
GH,Product-6296,644,66.01
KE,Product-6297,116,36.60
ZA,Product-6298,709,76.11
MA,Product-6299,855,6.19
NG,Product-6300,734,61.57
GH,Product-6301,707,78.77
KE,Product-6302,623,16.09
ZA,Product-6303,53,19.56
MA,Product-6304,475,15.16
NG,Product-6305,756,57.16
GH,Product-6306,631,34.64
KE,Product-6307,774,90.22
ZA,Product-6308,87,71.86
MA,Product-6309,867,99.43
NG,Product-6310,979,63.78
GH,Product-6311,249,31.86
KE,Product-6312,492,39.86
ZA,Product-6313,13,33.51
MA,Product-6314,737,30.30
NG,Product-6315,949,39.24
GH,Product-6316,191,51.13
KE,Product-6317,888,97.29
ZA,Product-6318,818,19.46
MA,Product-6319,746,39.94
NG,Product-6320,799,13.20
GH,Product-6321,909,32.73
KE,Product-6322,528,59.56
ZA,Product-6323,686,31.00
MA,Product-6324,343,67.12
NG,Product-6325,816,97.89
GH,Product-6326,516,2.91
KE,Product-6327,305,88.05
ZA,Product-6328,856,45.92
MA,Product-6329,737,3.08
NG,Product-6330,91,35.58
GH,Product-6331,371,49.86
KE,Product-6332,799,39.25
ZA,Product-6333,902,83.44
MA,Product-6334,53,15.75
NG,Product-6335,238,87.27
GH,Product-6336,558,99.66
KE,Product-6337,86,29.05
ZA,Product-6338,558,6.44
MA,Product-6339,982,26.85
NG,Product-6340,245,5.28
GH,Product-6341,243,75.06
KE,Product-6342,584,60.38
ZA,Product-6343,164,22.20
MA,Product-6344,905,44.81
NG,Product-6345,248,27.01
GH,Product-6346,824,44.56
KE,Product-6347,573,45.13
ZA,Product-6348,466,58.81
MA,Product-6349,80,14.23
NG,Product-6350,278,0.66
GH,Product-6351,690,29.65
KE,Product-6352,308,57.78
ZA,Product-6353,144,50.61
MA,Product-6354,323,67.67
NG,Product-6355,463,87.66
GH,Product-6356,379,54.43
KE,Product-6357,252,0.48
ZA,Product-6358,675,48.01
MA,Product-6359,206,2.43
NG,Product-6360,125,53.17
GH,Product-6361,77,85.89
KE,Product-6362,874,81.03
ZA,Product-6363,989,95.08
MA,Product-6364,824,17.00
NG,Product-6365,181,60.97
GH,Product-6366,618,73.36
KE,Product-6367,52,6.71
ZA,Product-6368,38,50.63
MA,Product-6369,306,48.19
NG,Product-6370,216,14.49
GH,Product-6371,508,15.50
KE,Product-6372,881,66.89
ZA,Product-6373,991,64.69
MA,Product-6374,584,4.32
NG,Product-6375,820,45.65
GH,Product-6376,392,93.94
KE,Product-6377,221,43.25
ZA,Product-6378,0,16.23
MA,Product-6379,338,1.00
NG,Product-6380,637,82.90
GH,Product-6381,876,68.91
KE,Product-6382,386,44.78
ZA,Product-6383,578,50.79
MA,Product-6384,878,0.49
NG,Product-6385,433,59.93
GH,Product-6386,483,92.47
KE,Product-6387,824,33.42
ZA,Product-6388,239,7.55
MA,Product-6389,832,26.13
NG,Product-6390,718,44.71
GH,Product-6391,492,15.12
KE,Product-6392,620,63.84
ZA,Product-6393,503,54.94
MA,Product-6394,694,2.32
NG,Product-6395,114,48.87
GH,Product-6396,411,99.48
KE,Product-6397,407,44.00
ZA,Product-6398,596,53.88
MA,Product-6399,251,73.19
NG,Product-6400,352,20.49
GH,Product-6401,142,62.85
KE,Product-6402,295,26.73
ZA,Product-6403,745,41.17
MA,Product-6404,682,66.58
NG,Product-6405,150,36.36
GH,Product-6406,748,64.67
KE,Product-6407,78,24.08
ZA,Product-6408,953,11.99
MA,Product-6409,14,0.01
NG,Product-6410,327,23.58
GH,Product-6411,484,61.56
KE,Product-6412,18,43.36
ZA,Product-6413,896,0.13
MA,Product-6414,661,86.25
NG,Product-6415,207,93.80
GH,Product-6416,990,43.14
KE,Product-6417,500,11.32
ZA,Product-6418,96,35.40
MA,Product-6419,339,23.49
NG,Product-6420,442,95.62
GH,Product-6421,20,18.92
KE,Product-6422,688,30.25
ZA,Product-6423,832,15.88
MA,Product-6424,608,53.39
NG,Product-6425,105,93.94
GH,Product-6426,981,66.04
KE,Product-6427,139,58.82
ZA,Product-6428,125,54.64
MA,Product-6429,289,24.33
NG,Product-6430,407,34.60
GH,Product-6431,840,42.49
KE,Product-6432,91,73.98
ZA,Product-6433,805,1.83
MA,Product-6434,443,13.90
NG,Product-6435,851,11.81
GH,Product-6436,122,49.48
KE,Product-6437,901,22.00
ZA,Product-6438,261,87.71
MA,Product-6439,310,70.02
NG,Product-6440,769,67.93
GH,Product-6441,546,81.45
KE,Product-6442,918,21.42
ZA,Product-6443,24,39.23
MA,Product-6444,629,69.60
NG,Product-6445,130,47.84
GH,Product-6446,459,85.26
KE,Product-6447,835,86.86
ZA,Product-6448,901,43.48
MA,Product-6449,392,73.82
NG,Product-6450,47,39.79
GH,Product-6451,652,37.30
KE,Product-6452,215,68.27
ZA,Product-6453,484,1.45
MA,Product-6454,907,51.69
NG,Product-6455,441,78.99
GH,Product-6456,346,7.15
KE,Product-6457,522,89.17
ZA,Product-6458,317,10.66
MA,Product-6459,836,9.67
NG,Product-6460,941,81.50
GH,Product-6461,115,2.71
KE,Product-6462,419,46.13
ZA,Product-6463,429,55.13
MA,Product-6464,754,8.41
NG,Product-6465,715,67.05
GH,Product-6466,230,80.07
KE,Product-6467,54,50.11
ZA,Product-6468,364,39.14
MA,Product-6469,493,76.81
NG,Product-6470,732,44.11
GH,Product-6471,792,76.54
KE,Product-6472,827,33.66
ZA,Product-6473,12,46.42
MA,Product-6474,424,70.50
NG,Product-6475,687,76.26
GH,Product-6476,558,95.85
KE,Product-6477,807,0.38
ZA,Product-6478,619,27.10
MA,Product-6479,836,11.64
NG,Product-6480,518,30.94
GH,Product-6481,272,72.77
KE,Product-6482,736,46.90
ZA,Product-6483,384,51.72
MA,Product-6484,487,85.29
NG,Product-6485,586,22.25
GH,Product-6486,611,16.24
KE,Product-6487,285,43.99
ZA,Product-6488,206,35.55
MA,Product-6489,340,54.04
NG,Product-6490,210,20.96
GH,Product-6491,205,31.20
KE,Product-6492,597,17.94
ZA,Product-6493,437,22.29
MA,Product-6494,861,29.13
NG,Product-6495,625,81.05
GH,Product-6496,419,93.68
KE,Product-6497,438,30.65
ZA,Product-6498,218,50.25
MA,Product-6499,538,99.08
NG,Product-6500,610,81.94
GH,Product-6501,803,54.64
KE,Product-6502,378,25.87
ZA,Product-6503,804,34.23
MA,Product-6504,203,42.56
NG,Product-6505,874,78.84
GH,Product-6506,836,27.37
KE,Product-6507,282,82.33
ZA,Product-6508,939,59.61
MA,Product-6509,205,82.47
NG,Product-6510,51,6.01
GH,Product-6511,921,51.54
KE,Product-6512,35,14.68
ZA,Product-6513,938,43.41
MA,Product-6514,232,4.41
NG,Product-6515,395,57.31
GH,Product-6516,543,33.12
KE,Product-6517,769,49.09
ZA,Product-6518,564,55.49
MA,Product-6519,757,70.57
NG,Product-6520,879,92.23
GH,Product-6521,277,55.35
KE,Product-6522,814,45.03
ZA,Product-6523,494,92.75
MA,Product-6524,231,81.63
NG,Product-6525,938,48.94
GH,Product-6526,245,7.08
KE,Product-6527,888,93.90
ZA,Product-6528,317,21.18
MA,Product-6529,742,80.59
NG,Product-6530,662,17.58
GH,Product-6531,23,15.77
KE,Product-6532,853,42.16
ZA,Product-6533,186,91.18
MA,Product-6534,432,30.10
NG,Product-6535,162,21.41
GH,Product-6536,949,64.87
KE,Product-6537,833,88.55
ZA,Product-6538,573,55.02
MA,Product-6539,925,53.27
NG,Product-6540,686,58.04
GH,Product-6541,342,36.84
KE,Product-6542,373,0.02
ZA,Product-6543,698,74.61
MA,Product-6544,368,76.76
NG,Product-6545,168,97.07
GH,Product-6546,97,8.53
KE,Product-6547,400,32.76
ZA,Product-6548,818,25.30
MA,Product-6549,861,70.03
NG,Product-6550,448,59.32
GH,Product-6551,910,34.66
KE,Product-6552,864,4.87
ZA,Product-6553,712,65.51
MA,Product-6554,651,36.00
NG,Product-6555,84,50.71
GH,Product-6556,484,21.65
KE,Product-6557,789,56.85
ZA,Product-6558,291,17.41
MA,Product-6559,70,1.97
NG,Product-6560,680,0.21
GH,Product-6561,920,84.45
KE,Product-6562,908,26.57
ZA,Product-6563,942,53.24
MA,Product-6564,110,91.03
NG,Product-6565,71,66.55
GH,Product-6566,14,49.77
KE,Product-6567,179,92.75
ZA,Product-6568,994,13.49
MA,Product-6569,712,28.34
NG,Product-6570,839,4.26
GH,Product-6571,60,2.03
KE,Product-6572,492,50.92
ZA,Product-6573,443,56.43
MA,Product-6574,17,40.32
NG,Product-6575,538,77.57
GH,Product-6576,229,10.59
KE,Product-6577,875,73.18
ZA,Product-6578,172,57.94
MA,Product-6579,412,19.98
NG,Product-6580,186,78.88
GH,Product-6581,961,98.44
KE,Product-6582,725,99.83
ZA,Product-6583,636,63.08
MA,Product-6584,157,15.31
NG,Product-6585,638,41.53
GH,Product-6586,581,38.39
KE,Product-6587,874,0.28
ZA,Product-6588,685,50.70
MA,Product-6589,176,66.76
NG,Product-6590,151,78.89
GH,Product-6591,677,45.91
KE,Product-6592,359,56.62
ZA,Product-6593,823,88.74
MA,Product-6594,997,83.14
NG,Product-6595,145,94.98
GH,Product-6596,940,69.03
KE,Product-6597,563,14.42
ZA,Product-6598,709,56.26
MA,Product-6599,27,38.48
NG,Product-6600,276,17.70
GH,Product-6601,893,52.07
KE,Product-6602,619,44.69
ZA,Product-6603,307,15.20
MA,Product-6604,377,76.46
NG,Product-6605,844,68.12
GH,Product-6606,820,68.62
KE,Product-6607,624,62.05
ZA,Product-6608,533,57.04
MA,Product-6609,407,22.19
NG,Product-6610,694,28.06
GH,Product-6611,856,30.92
KE,Product-6612,428,36.04
ZA,Product-6613,349,81.00
MA,Product-6614,355,98.01
NG,Product-6615,384,24.35
GH,Product-6616,158,67.72
KE,Product-6617,162,66.89
ZA,Product-6618,598,34.41
MA,Product-6619,814,74.44
NG,Product-6620,641,65.28
GH,Product-6621,229,3.24
KE,Product-6622,61,51.18
ZA,Product-6623,74,76.16
MA,Product-6624,707,68.61
NG,Product-6625,324,27.02
GH,Product-6626,77,50.12
KE,Product-6627,681,92.66
ZA,Product-6628,868,38.75
MA,Product-6629,730,66.31
NG,Product-6630,911,45.77
GH,Product-6631,615,37.33
KE,Product-6632,730,56.58
ZA,Product-6633,87,76.45
MA,Product-6634,307,66.03
NG,Product-6635,344,28.26
GH,Product-6636,452,77.25
KE,Product-6637,778,81.22
ZA,Product-6638,600,92.06
MA,Product-6639,968,28.03
NG,Product-6640,428,97.37
GH,Product-6641,30,48.43
KE,Product-6642,612,10.37
ZA,Product-6643,757,80.88
MA,Product-6644,992,25.12
NG,Product-6645,797,76.85
GH,Product-6646,387,38.99
KE,Product-6647,126,73.85
ZA,Product-6648,867,76.29
MA,Product-6649,332,18.79
NG,Product-6650,410,26.74
GH,Product-6651,371,81.63
KE,Product-6652,489,89.95
ZA,Product-6653,5,73.91
MA,Product-6654,47,84.53
NG,Product-6655,591,58.20
GH,Product-6656,887,76.50
KE,Product-6657,173,36.27
ZA,Product-6658,318,8.36
MA,Product-6659,701,60.70
NG,Product-6660,898,64.50
GH,Product-6661,640,13.64
KE,Product-6662,817,7.33
ZA,Product-6663,807,33.67
MA,Product-6664,907,96.80
NG,Product-6665,953,20.03
GH,Product-6666,572,29.72
KE,Product-6667,334,77.51
ZA,Product-6668,174,27.36
MA,Product-6669,538,24.99
NG,Product-6670,411,70.62
GH,Product-6671,687,70.44
KE,Product-6672,947,1.28
ZA,Product-6673,341,94.99
MA,Product-6674,912,1.02
NG,Product-6675,540,54.93
GH,Product-6676,936,60.84
KE,Product-6677,660,76.46
ZA,Product-6678,300,3.31
MA,Product-6679,690,15.52
NG,Product-6680,623,17.51
GH,Product-6681,489,7.08
KE,Product-6682,971,68.56
ZA,Product-6683,952,90.73
MA,Product-6684,427,66.29
NG,Product-6685,806,43.11
GH,Product-6686,755,99.99
KE,Product-6687,448,84.14
ZA,Product-6688,379,13.02
MA,Product-6689,589,89.76
NG,Product-6690,353,26.52
GH,Product-6691,538,36.18
KE,Product-6692,880,93.26
ZA,Product-6693,892,68.58
MA,Product-6694,293,33.20
NG,Product-6695,711,90.69
GH,Product-6696,29,19.07
KE,Product-6697,898,26.11
ZA,Product-6698,186,43.40
MA,Product-6699,593,59.31
NG,Product-6700,317,71.08
GH,Product-6701,786,83.39
KE,Product-6702,454,24.97
ZA,Product-6703,910,79.58
MA,Product-6704,921,4.83
NG,Product-6705,746,60.33
GH,Product-6706,855,45.13
KE,Product-6707,289,64.83
ZA,Product-6708,240,73.27
MA,Product-6709,514,97.95
NG,Product-6710,521,84.09
GH,Product-6711,522,35.16
KE,Product-6712,840,53.47
ZA,Product-6713,364,39.61
MA,Product-6714,558,17.79
NG,Product-6715,353,88.07
GH,Product-6716,726,58.48
KE,Product-6717,623,73.95
ZA,Product-6718,194,56.56
MA,Product-6719,613,22.88
NG,Product-6720,127,29.84
GH,Product-6721,313,23.01
KE,Product-6722,439,9.23
ZA,Product-6723,580,47.03
MA,Product-6724,942,57.60
NG,Product-6725,590,89.33
GH,Product-6726,382,58.49
KE,Product-6727,403,43.52
ZA,Product-6728,700,61.27
MA,Product-6729,37,58.60
NG,Product-6730,833,82.36
GH,Product-6731,959,28.90
KE,Product-6732,477,64.68
ZA,Product-6733,617,12.09
MA,Product-6734,364,15.29
NG,Product-6735,967,71.15
GH,Product-6736,473,24.03
KE,Product-6737,244,97.15
ZA,Product-6738,977,36.08
MA,Product-6739,228,46.99
NG,Product-6740,383,87.97
GH,Product-6741,654,62.12
KE,Product-6742,493,25.44
ZA,Product-6743,309,68.76
MA,Product-6744,87,0.86
NG,Product-6745,846,9.68
GH,Product-6746,557,27.92
KE,Product-6747,194,76.35
ZA,Product-6748,623,45.06
MA,Product-6749,523,20.89
NG,Product-6750,20,32.47
GH,Product-6751,151,95.19
KE,Product-6752,293,66.68
ZA,Product-6753,898,68.78
MA,Product-6754,597,75.69
NG,Product-6755,190,78.50
GH,Product-6756,826,78.34
KE,Product-6757,692,17.69
ZA,Product-6758,5,92.06
MA,Product-6759,34,14.25
NG,Product-6760,726,54.45
GH,Product-6761,240,43.52
KE,Product-6762,745,26.63
ZA,Product-6763,470,78.16
MA,Product-6764,616,92.50
NG,Product-6765,310,55.68
GH,Product-6766,69,6.25
KE,Product-6767,152,82.91
ZA,Product-6768,345,58.68
MA,Product-6769,925,87.55
NG,Product-6770,86,37.49
GH,Product-6771,248,39.86
KE,Product-6772,111,42.28
ZA,Product-6773,833,83.62
MA,Product-6774,846,84.09
NG,Product-6775,699,8.17
GH,Product-6776,255,39.84
KE,Product-6777,877,5.56
ZA,Product-6778,182,15.80
MA,Product-6779,226,44.14
NG,Product-6780,730,30.39
GH,Product-6781,97,44.73
KE,Product-6782,171,33.63
ZA,Product-6783,432,68.35
MA,Product-6784,822,93.62
NG,Product-6785,313,16.88
GH,Product-6786,180,36.11
KE,Product-6787,177,69.08
ZA,Product-6788,11,64.95
MA,Product-6789,688,80.80
NG,Product-6790,745,92.04
GH,Product-6791,841,14.28
KE,Product-6792,715,42.31
ZA,Product-6793,813,83.31
MA,Product-6794,75,34.40
NG,Product-6795,339,65.86
GH,Product-6796,644,2.75
KE,Product-6797,28,97.39
ZA,Product-6798,28,93.14
MA,Product-6799,796,56.43
NG,Product-6800,756,46.22
GH,Product-6801,337,22.90
KE,Product-6802,478,96.25
ZA,Product-6803,71,45.39
MA,Product-6804,688,86.82
NG,Product-6805,910,14.37
GH,Product-6806,210,95.83
KE,Product-6807,448,71.65
ZA,Product-6808,492,59.49
MA,Product-6809,221,49.21
NG,Product-6810,756,1.27
GH,Product-6811,626,98.37
KE,Product-6812,227,85.97
ZA,Product-6813,499,33.42
MA,Product-6814,217,0.18
NG,Product-6815,556,88.89
GH,Product-6816,82,87.12
KE,Product-6817,596,29.43
ZA,Product-6818,115,13.39
MA,Product-6819,225,94.42
NG,Product-6820,177,98.63
GH,Product-6821,829,67.03
KE,Product-6822,488,53.48
ZA,Product-6823,202,0.81
MA,Product-6824,650,47.16
NG,Product-6825,111,35.91
GH,Product-6826,57,31.35
KE,Product-6827,54,38.82
ZA,Product-6828,378,2.32
MA,Product-6829,340,69.83
NG,Product-6830,191,94.52
GH,Product-6831,480,73.85
KE,Product-6832,431,93.93
ZA,Product-6833,363,68.81
MA,Product-6834,194,2.77
NG,Product-6835,594,31.31
GH,Product-6836,812,39.58
KE,Product-6837,253,49.07
ZA,Product-6838,132,57.77
MA,Product-6839,259,54.54
NG,Product-6840,50,8.38
GH,Product-6841,609,80.69
KE,Product-6842,870,9.23
ZA,Product-6843,68,22.78
MA,Product-6844,724,11.70
NG,Product-6845,512,24.77
GH,Product-6846,637,45.71
KE,Product-6847,882,52.18
ZA,Product-6848,320,69.22
MA,Product-6849,93,42.90
NG,Product-6850,547,32.11
GH,Product-6851,415,7.68
KE,Product-6852,336,62.21
ZA,Product-6853,67,8.11
MA,Product-6854,83,90.35
NG,Product-6855,685,53.76
GH,Product-6856,589,19.09
KE,Product-6857,646,35.55
ZA,Product-6858,848,62.54
MA,Product-6859,796,27.54
NG,Product-6860,111,2.43
GH,Product-6861,198,36.50
KE,Product-6862,724,7.01
ZA,Product-6863,611,19.43
MA,Product-6864,205,20.04
NG,Product-6865,49,61.71
GH,Product-6866,228,25.47
KE,Product-6867,355,50.34
ZA,Product-6868,975,50.56
MA,Product-6869,231,63.13
NG,Product-6870,171,59.17
GH,Product-6871,896,1.88
KE,Product-6872,718,86.19
ZA,Product-6873,497,46.20
MA,Product-6874,360,69.55
NG,Product-6875,9,18.19
GH,Product-6876,452,56.86
KE,Product-6877,760,88.08
ZA,Product-6878,848,82.72
MA,Product-6879,960,36.14
NG,Product-6880,655,47.51
GH,Product-6881,319,52.67
KE,Product-6882,222,33.52
ZA,Product-6883,25,90.37
MA,Product-6884,955,99.33
NG,Product-6885,546,79.18
GH,Product-6886,999,93.14
KE,Product-6887,86,82.62
ZA,Product-6888,1,15.43
MA,Product-6889,135,14.31
NG,Product-6890,751,41.21
GH,Product-6891,874,10.41
KE,Product-6892,68,12.38
ZA,Product-6893,719,99.40
MA,Product-6894,598,27.41
NG,Product-6895,555,19.88
GH,Product-6896,716,74.07
KE,Product-6897,972,12.30
ZA,Product-6898,428,26.69
MA,Product-6899,927,59.03
NG,Product-6900,343,66.49
GH,Product-6901,276,79.72
KE,Product-6902,107,69.17
ZA,Product-6903,276,46.28
MA,Product-6904,184,63.51
NG,Product-6905,274,1.55
GH,Product-6906,702,1.88
KE,Product-6907,371,8.24
ZA,Product-6908,727,50.47
MA,Product-6909,935,88.45
NG,Product-6910,419,63.52
GH,Product-6911,605,31.58
KE,Product-6912,223,18.27
ZA,Product-6913,898,15.49
MA,Product-6914,606,60.84
NG,Product-6915,108,48.96
GH,Product-6916,602,72.80
KE,Product-6917,313,64.47
ZA,Product-6918,109,77.38
MA,Product-6919,976,90.97
NG,Product-6920,858,38.77
GH,Product-6921,772,85.28
KE,Product-6922,246,48.02
ZA,Product-6923,566,11.68
MA,Product-6924,191,41.71
NG,Product-6925,414,8.24
GH,Product-6926,263,87.85
KE,Product-6927,259,76.09
ZA,Product-6928,699,23.37
MA,Product-6929,903,19.78
NG,Product-6930,548,2.72
GH,Product-6931,337,35.06
KE,Product-6932,607,48.92
ZA,Product-6933,369,93.79
MA,Product-6934,681,81.56
NG,Product-6935,13,98.87
GH,Product-6936,619,75.78
KE,Product-6937,939,12.49
ZA,Product-6938,752,95.22
MA,Product-6939,26,38.81
NG,Product-6940,34,49.21
GH,Product-6941,219,38.52
KE,Product-6942,117,7.36
ZA,Product-6943,191,38.34
MA,Product-6944,853,61.13
NG,Product-6945,279,41.33
GH,Product-6946,127,73.48
KE,Product-6947,528,46.88
ZA,Product-6948,376,86.12
MA,Product-6949,920,0.14
NG,Product-6950,610,8.16
GH,Product-6951,736,80.02
KE,Product-6952,158,17.51
ZA,Product-6953,483,45.51
MA,Product-6954,807,29.19
NG,Product-6955,499,49.58
GH,Product-6956,143,60.49
KE,Product-6957,602,12.75
ZA,Product-6958,970,63.61
MA,Product-6959,504,59.58
NG,Product-6960,895,58.12
GH,Product-6961,292,99.68
KE,Product-6962,213,39.44
ZA,Product-6963,977,3.92
MA,Product-6964,831,23.60
NG,Product-6965,368,35.71
GH,Product-6966,847,59.85
KE,Product-6967,366,60.05
ZA,Product-6968,940,80.12
MA,Product-6969,474,18.43
NG,Product-6970,423,74.33
GH,Product-6971,914,21.96
KE,Product-6972,763,17.47
ZA,Product-6973,275,83.23
MA,Product-6974,970,82.30
NG,Product-6975,186,84.08
GH,Product-6976,274,83.66
KE,Product-6977,29,87.06
ZA,Product-6978,31,11.16
MA,Product-6979,732,55.13
NG,Product-6980,269,42.26
GH,Product-6981,406,38.96
KE,Product-6982,510,97.19
ZA,Product-6983,738,31.74
MA,Product-6984,722,12.11
NG,Product-6985,803,51.29
GH,Product-6986,689,49.96
KE,Product-6987,521,95.88
ZA,Product-6988,429,59.91
MA,Product-6989,55,43.42
NG,Product-6990,306,42.93
GH,Product-6991,16,49.51
KE,Product-6992,543,55.01
ZA,Product-6993,912,93.65
MA,Product-6994,839,98.41
NG,Product-6995,139,56.34
GH,Product-6996,751,51.26
KE,Product-6997,416,46.55
ZA,Product-6998,669,7.97
MA,Product-6999,908,19.29
NG,Product-7000,289,83.36
GH,Product-7001,14,51.79
KE,Product-7002,274,14.13
ZA,Product-7003,242,92.51
MA,Product-7004,175,71.72
NG,Product-7005,422,1.12
GH,Product-7006,667,9.70
KE,Product-7007,622,86.20
ZA,Product-7008,607,15.66
MA,Product-7009,416,26.95
NG,Product-7010,320,70.48
GH,Product-7011,209,69.53
KE,Product-7012,374,49.00
ZA,Product-7013,535,33.16
MA,Product-7014,681,25.83
NG,Product-7015,845,54.81
GH,Product-7016,242,0.86
KE,Product-7017,229,91.29
ZA,Product-7018,782,33.48
MA,Product-7019,398,98.98
NG,Product-7020,547,91.75
GH,Product-7021,260,92.68
KE,Product-7022,520,30.04
ZA,Product-7023,212,96.49
MA,Product-7024,105,51.13
NG,Product-7025,78,12.47
GH,Product-7026,362,14.10
KE,Product-7027,522,81.31
ZA,Product-7028,745,37.79
MA,Product-7029,777,42.43
NG,Product-7030,471,0.64
GH,Product-7031,393,42.74
KE,Product-7032,937,91.14
ZA,Product-7033,745,36.17
MA,Product-7034,456,31.43
NG,Product-7035,723,13.13
GH,Product-7036,596,52.71
KE,Product-7037,144,49.70
ZA,Product-7038,783,44.51
MA,Product-7039,144,28.27
NG,Product-7040,593,63.60
GH,Product-7041,729,24.43
KE,Product-7042,27,89.96
ZA,Product-7043,984,18.74
MA,Product-7044,209,25.14
NG,Product-7045,525,23.91
GH,Product-7046,236,42.04
KE,Product-7047,726,87.18
ZA,Product-7048,66,27.78
MA,Product-7049,505,51.94
NG,Product-7050,625,62.14
GH,Product-7051,52,86.11
KE,Product-7052,306,51.77
ZA,Product-7053,908,94.34
MA,Product-7054,611,44.80
NG,Product-7055,52,35.54
GH,Product-7056,443,83.56
KE,Product-7057,392,87.92
ZA,Product-7058,778,2.40
MA,Product-7059,217,67.00
NG,Product-7060,454,47.30
GH,Product-7061,628,25.64
KE,Product-7062,641,1.72
ZA,Product-7063,647,74.33
MA,Product-7064,102,61.03
NG,Product-7065,180,57.91
GH,Product-7066,455,96.04
KE,Product-7067,695,57.49
ZA,Product-7068,820,50.02
MA,Product-7069,185,63.58
NG,Product-7070,804,22.52
GH,Product-7071,250,14.56
KE,Product-7072,274,82.77
ZA,Product-7073,209,1.74
MA,Product-7074,522,89.97
NG,Product-7075,674,14.59
GH,Product-7076,497,13.10
KE,Product-7077,321,51.68
ZA,Product-7078,406,8.59
MA,Product-7079,149,41.94
NG,Product-7080,676,96.68
GH,Product-7081,213,38.61
KE,Product-7082,737,74.35
ZA,Product-7083,449,19.87
MA,Product-7084,31,47.27
NG,Product-7085,940,22.54
GH,Product-7086,751,67.64
KE,Product-7087,963,5.92
ZA,Product-7088,153,57.86
MA,Product-7089,764,42.66
NG,Product-7090,321,2.15
GH,Product-7091,131,17.67
KE,Product-7092,992,13.96
ZA,Product-7093,40,60.89
MA,Product-7094,754,54.11
NG,Product-7095,988,45.44
GH,Product-7096,770,89.50
KE,Product-7097,272,5.78
ZA,Product-7098,339,97.05
MA,Product-7099,87,48.80
NG,Product-7100,294,7.46
GH,Product-7101,702,95.15
KE,Product-7102,934,29.48
ZA,Product-7103,445,23.17
MA,Product-7104,25,41.95
NG,Product-7105,21,90.35
GH,Product-7106,314,0.68
KE,Product-7107,525,67.47
ZA,Product-7108,529,65.00
MA,Product-7109,849,18.62
NG,Product-7110,805,6.05
GH,Product-7111,641,26.61
KE,Product-7112,666,20.00
ZA,Product-7113,433,72.59
MA,Product-7114,775,45.11
NG,Product-7115,959,91.51
GH,Product-7116,149,40.24
KE,Product-7117,501,32.16
ZA,Product-7118,971,24.70
MA,Product-7119,590,8.45
NG,Product-7120,126,98.85
GH,Product-7121,446,50.25
KE,Product-7122,526,79.92
ZA,Product-7123,82,81.59
MA,Product-7124,159,58.69
NG,Product-7125,789,17.32
GH,Product-7126,169,28.20
KE,Product-7127,329,74.91
ZA,Product-7128,95,96.06
MA,Product-7129,180,0.82
NG,Product-7130,772,13.89
GH,Product-7131,561,15.68
KE,Product-7132,764,74.64
ZA,Product-7133,855,26.66
MA,Product-7134,828,23.96
NG,Product-7135,832,48.33
GH,Product-7136,580,3.30
KE,Product-7137,820,23.67
ZA,Product-7138,879,84.40
MA,Product-7139,798,66.45
NG,Product-7140,538,0.63
GH,Product-7141,266,99.34
KE,Product-7142,474,60.36
ZA,Product-7143,661,71.39
MA,Product-7144,440,88.47
NG,Product-7145,916,11.35
GH,Product-7146,895,94.61
KE,Product-7147,210,77.98
ZA,Product-7148,471,55.55
MA,Product-7149,503,37.27
NG,Product-7150,291,8.56
GH,Product-7151,389,22.21
KE,Product-7152,323,98.22
ZA,Product-7153,747,36.47
MA,Product-7154,256,15.06
NG,Product-7155,780,65.72
GH,Product-7156,998,94.18
KE,Product-7157,95,92.64
ZA,Product-7158,580,53.59
MA,Product-7159,201,88.98
NG,Product-7160,619,5.37
GH,Product-7161,956,2.49
KE,Product-7162,476,62.79
ZA,Product-7163,688,64.80
MA,Product-7164,51,38.49
NG,Product-7165,899,41.10
GH,Product-7166,907,78.40
KE,Product-7167,878,3.92
ZA,Product-7168,723,75.14
MA,Product-7169,823,21.47
NG,Product-7170,84,25.97
GH,Product-7171,925,100.00
KE,Product-7172,656,70.42
ZA,Product-7173,866,68.81
MA,Product-7174,664,39.67
NG,Product-7175,269,69.40
GH,Product-7176,809,33.66
KE,Product-7177,83,3.67
ZA,Product-7178,432,59.87
MA,Product-7179,864,56.81
NG,Product-7180,22,75.46
GH,Product-7181,807,22.13
KE,Product-7182,949,50.34
ZA,Product-7183,436,63.89
MA,Product-7184,987,2.31
NG,Product-7185,689,32.33
GH,Product-7186,653,59.74
KE,Product-7187,289,2.44
ZA,Product-7188,682,84.16
MA,Product-7189,903,64.74
NG,Product-7190,586,54.52
GH,Product-7191,560,26.12
KE,Product-7192,986,51.09
ZA,Product-7193,564,70.06
MA,Product-7194,447,89.62
NG,Product-7195,774,50.11
GH,Product-7196,928,94.02
KE,Product-7197,411,6.31
ZA,Product-7198,136,90.42
MA,Product-7199,762,77.78
NG,Product-7200,535,70.32
GH,Product-7201,770,14.57
KE,Product-7202,118,66.01
ZA,Product-7203,958,53.34
MA,Product-7204,408,72.51
NG,Product-7205,547,27.14
GH,Product-7206,67,25.16
KE,Product-7207,487,2.44
ZA,Product-7208,792,19.55
MA,Product-7209,482,50.68
NG,Product-7210,325,39.78
GH,Product-7211,4,88.98
KE,Product-7212,334,58.92
ZA,Product-7213,779,98.61
MA,Product-7214,348,27.70
NG,Product-7215,848,27.49
GH,Product-7216,591,93.82
KE,Product-7217,108,34.23
ZA,Product-7218,556,2.85
MA,Product-7219,816,91.58
NG,Product-7220,424,2.00
GH,Product-7221,668,88.81
KE,Product-7222,450,68.15
ZA,Product-7223,598,29.44
MA,Product-7224,729,67.41
NG,Product-7225,886,39.54
GH,Product-7226,991,54.32
KE,Product-7227,51,57.33
ZA,Product-7228,208,57.60
MA,Product-7229,781,35.88
NG,Product-7230,415,23.56
GH,Product-7231,776,0.26
KE,Product-7232,311,48.73
ZA,Product-7233,178,93.86
MA,Product-7234,206,2.41
NG,Product-7235,688,18.90
GH,Product-7236,670,56.11
KE,Product-7237,491,14.51
ZA,Product-7238,934,15.43
MA,Product-7239,462,99.39
NG,Product-7240,107,75.84
GH,Product-7241,949,57.96
KE,Product-7242,455,19.90
ZA,Product-7243,519,89.86
MA,Product-7244,528,35.36
NG,Product-7245,769,11.13
GH,Product-7246,286,96.37
KE,Product-7247,559,34.19
ZA,Product-7248,689,11.83
MA,Product-7249,983,73.47
NG,Product-7250,725,75.44
GH,Product-7251,530,37.75
KE,Product-7252,153,7.70
ZA,Product-7253,805,72.87
MA,Product-7254,115,68.79
NG,Product-7255,548,2.44
GH,Product-7256,977,95.95
KE,Product-7257,528,45.56
ZA,Product-7258,75,3.81
MA,Product-7259,443,86.49
NG,Product-7260,514,18.14
GH,Product-7261,424,62.58
KE,Product-7262,969,39.91
ZA,Product-7263,531,88.99
MA,Product-7264,60,8.90
NG,Product-7265,496,65.58
GH,Product-7266,701,2.34
KE,Product-7267,464,37.78
ZA,Product-7268,614,79.87
MA,Product-7269,272,12.60
NG,Product-7270,151,8.55
GH,Product-7271,405,21.69
KE,Product-7272,331,18.60
ZA,Product-7273,491,35.41
MA,Product-7274,447,20.89
NG,Product-7275,766,93.48
GH,Product-7276,378,68.07
KE,Product-7277,78,18.57
ZA,Product-7278,795,86.41
MA,Product-7279,899,6.98
NG,Product-7280,250,12.44
GH,Product-7281,289,75.97
KE,Product-7282,489,6.77
ZA,Product-7283,492,54.86
MA,Product-7284,302,80.12
NG,Product-7285,129,99.76
GH,Product-7286,731,93.82
KE,Product-7287,440,56.98
ZA,Product-7288,846,13.75
MA,Product-7289,693,65.17
NG,Product-7290,413,94.89
GH,Product-7291,16,1.15
KE,Product-7292,874,12.68
ZA,Product-7293,314,31.19
MA,Product-7294,220,95.51
NG,Product-7295,907,40.54
GH,Product-7296,593,9.79
KE,Product-7297,78,78.76
ZA,Product-7298,128,13.73
MA,Product-7299,105,74.19
NG,Product-7300,44,91.09
GH,Product-7301,623,12.48
KE,Product-7302,780,80.64
ZA,Product-7303,300,52.17
MA,Product-7304,655,28.32
NG,Product-7305,538,10.45
GH,Product-7306,295,34.51
KE,Product-7307,523,98.37
ZA,Product-7308,267,64.32
MA,Product-7309,814,39.43
NG,Product-7310,235,26.72
GH,Product-7311,180,64.51
KE,Product-7312,265,3.60
ZA,Product-7313,396,79.24
MA,Product-7314,557,36.54
NG,Product-7315,294,18.52
GH,Product-7316,502,80.38
KE,Product-7317,450,15.63
ZA,Product-7318,754,87.88
MA,Product-7319,944,19.72
NG,Product-7320,606,37.50
GH,Product-7321,436,79.09
KE,Product-7322,143,19.35
ZA,Product-7323,253,39.06
MA,Product-7324,765,2.25
NG,Product-7325,899,41.37
GH,Product-7326,713,45.05
KE,Product-7327,590,73.41
ZA,Product-7328,671,29.69
MA,Product-7329,234,32.81
NG,Product-7330,9,18.38
GH,Product-7331,131,9.22
KE,Product-7332,808,87.49
ZA,Product-7333,975,90.51
MA,Product-7334,809,60.01
NG,Product-7335,936,38.13
GH,Product-7336,61,47.67
KE,Product-7337,709,20.28
ZA,Product-7338,298,37.53
MA,Product-7339,598,11.69
NG,Product-7340,551,24.28
GH,Product-7341,402,60.20
KE,Product-7342,251,65.11
ZA,Product-7343,839,72.49
MA,Product-7344,159,23.21
NG,Product-7345,211,81.72
GH,Product-7346,749,31.96
KE,Product-7347,71,20.72
ZA,Product-7348,113,30.38
MA,Product-7349,248,74.12
NG,Product-7350,274,38.75
GH,Product-7351,105,81.19
KE,Product-7352,255,82.16
ZA,Product-7353,903,56.65
MA,Product-7354,955,83.10
NG,Product-7355,144,17.31
GH,Product-7356,922,19.56
KE,Product-7357,806,58.52
ZA,Product-7358,945,83.44
MA,Product-7359,339,9.00
NG,Product-7360,261,99.98
GH,Product-7361,746,80.45
KE,Product-7362,963,20.80
ZA,Product-7363,408,76.33
MA,Product-7364,292,51.09
NG,Product-7365,527,40.60
GH,Product-7366,11,62.99
KE,Product-7367,582,61.38
ZA,Product-7368,658,90.71
MA,Product-7369,450,41.76
NG,Product-7370,669,74.86
GH,Product-7371,615,56.18
KE,Product-7372,469,82.05
ZA,Product-7373,734,10.13
MA,Product-7374,143,26.90
NG,Product-7375,976,88.00
GH,Product-7376,534,81.72
KE,Product-7377,815,56.69
ZA,Product-7378,374,30.31
MA,Product-7379,275,75.99
NG,Product-7380,406,96.29
GH,Product-7381,871,8.26
KE,Product-7382,369,95.29
ZA,Product-7383,629,90.79
MA,Product-7384,715,8.81
NG,Product-7385,359,98.43
GH,Product-7386,777,69.43
KE,Product-7387,806,67.90
ZA,Product-7388,234,30.95
MA,Product-7389,739,15.45
NG,Product-7390,300,71.99
GH,Product-7391,221,98.56
KE,Product-7392,21,23.78
ZA,Product-7393,914,90.78
MA,Product-7394,281,73.42
NG,Product-7395,291,18.98
GH,Product-7396,501,55.26
KE,Product-7397,87,71.95
ZA,Product-7398,758,76.22
MA,Product-7399,109,55.25
NG,Product-7400,523,36.44
GH,Product-7401,355,87.99
KE,Product-7402,300,68.84
ZA,Product-7403,883,41.50
MA,Product-7404,164,7.07
NG,Product-7405,143,88.36
GH,Product-7406,715,25.65
KE,Product-7407,839,14.64
ZA,Product-7408,103,41.05
MA,Product-7409,762,7.68
NG,Product-7410,681,23.80
GH,Product-7411,48,14.79
KE,Product-7412,818,1.62
ZA,Product-7413,557,3.76
MA,Product-7414,750,34.13
NG,Product-7415,685,3.91
GH,Product-7416,969,56.77
KE,Product-7417,448,90.94
ZA,Product-7418,852,81.90
MA,Product-7419,532,13.72
NG,Product-7420,198,36.82
GH,Product-7421,578,86.78
KE,Product-7422,849,16.79
ZA,Product-7423,874,12.92
MA,Product-7424,202,28.22
NG,Product-7425,578,54.97
GH,Product-7426,391,41.42
KE,Product-7427,667,48.14
ZA,Product-7428,999,36.90
MA,Product-7429,401,81.95
NG,Product-7430,854,86.78
GH,Product-7431,113,86.38
KE,Product-7432,141,50.55
ZA,Product-7433,824,18.84
MA,Product-7434,704,31.81
NG,Product-7435,489,67.20
GH,Product-7436,685,6.43
KE,Product-7437,779,0.35
ZA,Product-7438,849,52.66
MA,Product-7439,452,76.25
NG,Product-7440,351,49.00
GH,Product-7441,633,76.36
KE,Product-7442,267,15.45
ZA,Product-7443,265,86.66
MA,Product-7444,871,92.01
NG,Product-7445,729,96.06
GH,Product-7446,792,35.16
KE,Product-7447,552,73.37
ZA,Product-7448,636,99.72
MA,Product-7449,751,45.43
NG,Product-7450,391,5.55
GH,Product-7451,974,95.67
KE,Product-7452,608,87.12
ZA,Product-7453,906,56.59
MA,Product-7454,161,34.61
NG,Product-7455,56,61.18
GH,Product-7456,249,14.37
KE,Product-7457,480,47.73
ZA,Product-7458,888,61.15
MA,Product-7459,585,21.04
NG,Product-7460,280,95.86
GH,Product-7461,326,97.46
KE,Product-7462,792,43.07
ZA,Product-7463,547,97.04
MA,Product-7464,31,53.02
NG,Product-7465,133,30.63
GH,Product-7466,13,37.93
KE,Product-7467,278,72.76
ZA,Product-7468,679,3.92
MA,Product-7469,879,56.68
NG,Product-7470,574,96.15
GH,Product-7471,356,83.00
KE,Product-7472,949,58.27
ZA,Product-7473,238,51.84
MA,Product-7474,230,96.04
NG,Product-7475,935,79.62
GH,Product-7476,774,57.76
KE,Product-7477,656,28.71
ZA,Product-7478,318,80.01
MA,Product-7479,696,66.55
NG,Product-7480,517,19.96
GH,Product-7481,89,60.98
KE,Product-7482,372,22.07
ZA,Product-7483,569,80.76
MA,Product-7484,737,92.24
NG,Product-7485,314,86.15
GH,Product-7486,256,71.50
KE,Product-7487,580,74.00
ZA,Product-7488,465,33.19
MA,Product-7489,857,16.61
NG,Product-7490,635,87.34
GH,Product-7491,672,27.27
KE,Product-7492,649,19.67
ZA,Product-7493,880,44.58
MA,Product-7494,591,41.98
NG,Product-7495,479,93.22
GH,Product-7496,460,15.67
KE,Product-7497,399,99.53
ZA,Product-7498,698,40.30
MA,Product-7499,599,55.95
NG,Product-7500,228,46.53
GH,Product-7501,362,83.12
KE,Product-7502,542,80.18
ZA,Product-7503,944,73.66
MA,Product-7504,959,91.87
NG,Product-7505,208,67.48
GH,Product-7506,953,43.97
KE,Product-7507,842,87.87
ZA,Product-7508,601,1.36
MA,Product-7509,268,16.00
NG,Product-7510,883,4.81
GH,Product-7511,688,17.38
KE,Product-7512,866,71.40
ZA,Product-7513,328,29.68
MA,Product-7514,788,31.10
NG,Product-7515,183,10.12
GH,Product-7516,560,15.69
KE,Product-7517,623,34.62
ZA,Product-7518,29,87.79
MA,Product-7519,155,76.11
NG,Product-7520,167,26.60
GH,Product-7521,976,38.52
KE,Product-7522,705,68.08
ZA,Product-7523,452,37.97
MA,Product-7524,232,40.59
NG,Product-7525,274,9.37
GH,Product-7526,715,21.51
KE,Product-7527,491,41.88
ZA,Product-7528,52,61.84
MA,Product-7529,15,37.00
NG,Product-7530,203,75.11
GH,Product-7531,580,98.67
KE,Product-7532,512,6.20
ZA,Product-7533,950,74.23
MA,Product-7534,953,5.06
NG,Product-7535,544,45.56
GH,Product-7536,135,91.08
KE,Product-7537,649,86.21
ZA,Product-7538,349,67.36
MA,Product-7539,913,60.15
NG,Product-7540,533,38.54
GH,Product-7541,264,47.59
KE,Product-7542,295,36.72
ZA,Product-7543,339,12.69
MA,Product-7544,344,76.31
NG,Product-7545,84,25.72
GH,Product-7546,15,32.51
KE,Product-7547,247,88.38
ZA,Product-7548,768,5.27
MA,Product-7549,981,67.65
NG,Product-7550,630,75.99
GH,Product-7551,413,83.71
KE,Product-7552,236,86.09
ZA,Product-7553,13,94.64
MA,Product-7554,8,85.13
NG,Product-7555,517,72.27
GH,Product-7556,951,56.79
KE,Product-7557,485,32.45
ZA,Product-7558,100,20.14
MA,Product-7559,790,16.99
NG,Product-7560,180,87.31
GH,Product-7561,801,76.84
KE,Product-7562,338,81.28
ZA,Product-7563,799,11.31
MA,Product-7564,726,18.83
NG,Product-7565,754,17.50
GH,Product-7566,809,17.38
KE,Product-7567,269,28.14
ZA,Product-7568,436,51.91
MA,Product-7569,70,46.55
NG,Product-7570,366,80.68
GH,Product-7571,390,52.85
KE,Product-7572,858,1.13
ZA,Product-7573,649,25.87
MA,Product-7574,962,3.07
NG,Product-7575,80,47.54
GH,Product-7576,938,89.17
KE,Product-7577,798,24.25
ZA,Product-7578,360,55.68
MA,Product-7579,352,31.34
NG,Product-7580,31,17.45
GH,Product-7581,190,13.78
KE,Product-7582,93,50.67
ZA,Product-7583,177,28.09
MA,Product-7584,574,85.61
NG,Product-7585,186,44.86
GH,Product-7586,56,7.93
KE,Product-7587,922,10.56
ZA,Product-7588,806,62.46
MA,Product-7589,823,54.58
NG,Product-7590,115,29.50
GH,Product-7591,617,86.58
KE,Product-7592,543,64.50
ZA,Product-7593,334,15.05
MA,Product-7594,761,96.46
NG,Product-7595,331,37.43
GH,Product-7596,258,5.43
KE,Product-7597,382,31.70
ZA,Product-7598,45,87.67
MA,Product-7599,647,76.66
NG,Product-7600,625,78.95
GH,Product-7601,400,16.13
KE,Product-7602,793,10.42
ZA,Product-7603,266,2.87
MA,Product-7604,90,22.45
NG,Product-7605,995,9.56
GH,Product-7606,921,3.93
KE,Product-7607,339,98.18
ZA,Product-7608,206,69.78
MA,Product-7609,155,34.33
NG,Product-7610,825,64.99
GH,Product-7611,928,17.38
KE,Product-7612,327,24.49
ZA,Product-7613,504,86.84
MA,Product-7614,552,34.38
NG,Product-7615,891,26.87
GH,Product-7616,572,10.54
KE,Product-7617,199,71.81
ZA,Product-7618,345,25.12
MA,Product-7619,355,66.22
NG,Product-7620,999,37.49
GH,Product-7621,562,43.32
KE,Product-7622,479,83.75
ZA,Product-7623,57,5.51
MA,Product-7624,653,53.94
NG,Product-7625,114,91.67
GH,Product-7626,2,8.83
KE,Product-7627,550,16.46
ZA,Product-7628,275,92.60
MA,Product-7629,726,50.76
NG,Product-7630,177,47.56
GH,Product-7631,330,82.20
KE,Product-7632,824,44.10
ZA,Product-7633,378,15.42
MA,Product-7634,886,30.58
NG,Product-7635,554,89.81
GH,Product-7636,339,53.78
KE,Product-7637,147,53.27
ZA,Product-7638,251,6.08
MA,Product-7639,574,28.91
NG,Product-7640,545,1.45
GH,Product-7641,508,30.14
KE,Product-7642,711,51.06
ZA,Product-7643,516,19.38
MA,Product-7644,440,46.38
NG,Product-7645,414,5.25
GH,Product-7646,587,95.98
KE,Product-7647,310,66.51
ZA,Product-7648,247,7.04
MA,Product-7649,526,69.24
NG,Product-7650,566,62.33
GH,Product-7651,733,45.93
KE,Product-7652,921,1.07
ZA,Product-7653,105,50.77
MA,Product-7654,762,88.17
NG,Product-7655,680,96.86
GH,Product-7656,840,74.31
KE,Product-7657,69,60.86
ZA,Product-7658,995,74.91
MA,Product-7659,808,77.37
NG,Product-7660,151,0.44
GH,Product-7661,366,55.69
KE,Product-7662,427,76.12
ZA,Product-7663,48,52.62
MA,Product-7664,917,19.09
NG,Product-7665,676,0.06
GH,Product-7666,955,51.27
KE,Product-7667,977,17.60
ZA,Product-7668,348,57.25
MA,Product-7669,560,61.57
NG,Product-7670,569,86.32
GH,Product-7671,79,26.99
KE,Product-7672,340,17.65
ZA,Product-7673,796,4.10
MA,Product-7674,732,62.40
NG,Product-7675,486,3.16
GH,Product-7676,827,92.32
KE,Product-7677,47,61.08
ZA,Product-7678,49,57.73
MA,Product-7679,842,69.69
NG,Product-7680,837,37.35
GH,Product-7681,779,22.92
KE,Product-7682,889,98.91
ZA,Product-7683,600,80.70
MA,Product-7684,354,64.03
NG,Product-7685,375,50.09
GH,Product-7686,504,38.96
KE,Product-7687,756,43.00
ZA,Product-7688,77,43.46
MA,Product-7689,981,26.88
NG,Product-7690,52,7.82
GH,Product-7691,153,75.07
KE,Product-7692,646,25.99
ZA,Product-7693,493,78.41
MA,Product-7694,385,50.66
NG,Product-7695,928,35.20
GH,Product-7696,454,69.73
KE,Product-7697,809,96.96
ZA,Product-7698,30,60.54
MA,Product-7699,792,37.38
NG,Product-7700,442,30.68
GH,Product-7701,742,35.50
KE,Product-7702,525,54.15
ZA,Product-7703,573,79.70
MA,Product-7704,871,16.30
NG,Product-7705,470,57.03
GH,Product-7706,13,20.65
KE,Product-7707,847,67.76
ZA,Product-7708,890,4.45
MA,Product-7709,468,5.85
NG,Product-7710,862,66.22
GH,Product-7711,239,40.01
KE,Product-7712,568,85.94
ZA,Product-7713,157,87.47
MA,Product-7714,737,12.29
NG,Product-7715,218,96.37
GH,Product-7716,429,44.73
KE,Product-7717,708,18.82
ZA,Product-7718,166,2.15
MA,Product-7719,175,62.28
NG,Product-7720,523,18.51
GH,Product-7721,988,45.10
KE,Product-7722,500,28.35
ZA,Product-7723,422,15.28
MA,Product-7724,748,76.23
NG,Product-7725,428,46.80
GH,Product-7726,670,0.85
KE,Product-7727,706,16.76
ZA,Product-7728,982,31.82
MA,Product-7729,664,53.34
NG,Product-7730,383,48.27
GH,Product-7731,770,20.06
KE,Product-7732,740,42.70
ZA,Product-7733,932,44.85
MA,Product-7734,950,71.82
NG,Product-7735,877,19.21
GH,Product-7736,921,45.84
KE,Product-7737,872,16.49
ZA,Product-7738,362,9.99
MA,Product-7739,646,63.51
NG,Product-7740,815,59.55
GH,Product-7741,539,81.29
KE,Product-7742,10,60.69
ZA,Product-7743,648,75.77
MA,Product-7744,380,90.45
NG,Product-7745,77,15.98
GH,Product-7746,820,22.00
KE,Product-7747,907,68.89
ZA,Product-7748,607,10.17
MA,Product-7749,753,17.01
NG,Product-7750,194,46.59
GH,Product-7751,970,17.26
KE,Product-7752,445,60.57
ZA,Product-7753,808,33.95
MA,Product-7754,501,8.84
NG,Product-7755,472,24.42
GH,Product-7756,359,8.42
KE,Product-7757,686,76.57
ZA,Product-7758,379,18.35
MA,Product-7759,107,53.07
NG,Product-7760,389,42.30
GH,Product-7761,533,81.87
KE,Product-7762,943,93.42
ZA,Product-7763,113,45.04
MA,Product-7764,125,55.94
NG,Product-7765,154,98.27
GH,Product-7766,863,98.32
KE,Product-7767,417,14.38
ZA,Product-7768,778,76.17
MA,Product-7769,226,50.48
NG,Product-7770,362,42.81
GH,Product-7771,413,93.77
KE,Product-7772,726,22.78
ZA,Product-7773,403,7.53
MA,Product-7774,77,11.45
NG,Product-7775,665,14.13
GH,Product-7776,799,50.00
KE,Product-7777,797,62.93
ZA,Product-7778,986,17.64
MA,Product-7779,184,28.37
NG,Product-7780,764,77.90
GH,Product-7781,554,53.95
KE,Product-7782,684,22.64
ZA,Product-7783,615,25.97
MA,Product-7784,636,20.87
NG,Product-7785,787,12.22
GH,Product-7786,375,5.48
KE,Product-7787,142,68.03
ZA,Product-7788,503,74.37
MA,Product-7789,117,70.20
NG,Product-7790,396,17.88
GH,Product-7791,283,2.37
KE,Product-7792,770,32.83
ZA,Product-7793,536,2.60
MA,Product-7794,902,55.92
NG,Product-7795,189,69.21
GH,Product-7796,316,43.51
KE,Product-7797,919,46.81
ZA,Product-7798,870,96.32
MA,Product-7799,206,16.78
NG,Product-7800,616,36.30
GH,Product-7801,540,92.98
KE,Product-7802,587,65.63
ZA,Product-7803,562,31.18
MA,Product-7804,624,1.72
NG,Product-7805,183,31.24
GH,Product-7806,594,94.75
KE,Product-7807,276,58.47
ZA,Product-7808,40,49.42
MA,Product-7809,368,46.65
NG,Product-7810,902,83.92
GH,Product-7811,179,85.73
KE,Product-7812,927,34.11
ZA,Product-7813,350,72.10
MA,Product-7814,387,10.06
NG,Product-7815,18,34.92
GH,Product-7816,336,30.72
KE,Product-7817,621,69.45
ZA,Product-7818,85,99.97
MA,Product-7819,525,81.83
NG,Product-7820,792,28.63
GH,Product-7821,34,56.20
KE,Product-7822,276,79.73
ZA,Product-7823,424,99.65
MA,Product-7824,871,29.22
NG,Product-7825,721,52.70
GH,Product-7826,532,34.15
KE,Product-7827,484,34.57
ZA,Product-7828,247,68.90
MA,Product-7829,627,12.99
NG,Product-7830,6,98.05
GH,Product-7831,894,35.73
KE,Product-7832,517,91.87
ZA,Product-7833,864,22.11
MA,Product-7834,414,10.07
NG,Product-7835,524,98.46
GH,Product-7836,849,43.90
KE,Product-7837,646,80.62
ZA,Product-7838,304,34.75
MA,Product-7839,906,83.01
NG,Product-7840,692,95.01
GH,Product-7841,938,32.68
KE,Product-7842,560,49.69
ZA,Product-7843,358,6.04
MA,Product-7844,396,60.78
NG,Product-7845,863,37.85
GH,Product-7846,653,57.37
KE,Product-7847,365,12.17
ZA,Product-7848,649,7.40
MA,Product-7849,515,17.02
NG,Product-7850,505,26.48
GH,Product-7851,37,13.89
KE,Product-7852,653,76.31
ZA,Product-7853,51,43.38
MA,Product-7854,305,3.32
NG,Product-7855,683,84.65
GH,Product-7856,976,46.75
KE,Product-7857,426,70.86
ZA,Product-7858,756,4.77
MA,Product-7859,758,75.94
NG,Product-7860,679,51.75
GH,Product-7861,416,19.54
KE,Product-7862,846,29.07
ZA,Product-7863,79,69.24
MA,Product-7864,114,75.63
NG,Product-7865,862,73.10
GH,Product-7866,221,41.37
KE,Product-7867,773,19.36
ZA,Product-7868,113,59.76
MA,Product-7869,517,64.89
NG,Product-7870,308,99.56
GH,Product-7871,603,37.00
KE,Product-7872,356,96.68
ZA,Product-7873,734,68.39
MA,Product-7874,424,6.28
NG,Product-7875,446,45.38
GH,Product-7876,741,39.42
KE,Product-7877,423,4.62
ZA,Product-7878,692,42.48
MA,Product-7879,977,91.55
NG,Product-7880,947,21.65
GH,Product-7881,789,3.74
KE,Product-7882,453,22.90
ZA,Product-7883,257,61.52
MA,Product-7884,632,80.75
NG,Product-7885,564,80.10
GH,Product-7886,845,48.84
KE,Product-7887,144,99.78
ZA,Product-7888,358,77.05
MA,Product-7889,879,6.43
NG,Product-7890,808,84.01
GH,Product-7891,484,37.83
KE,Product-7892,8,65.91
ZA,Product-7893,272,28.89
MA,Product-7894,727,84.70
NG,Product-7895,702,17.44
GH,Product-7896,394,9.13
KE,Product-7897,858,5.99
ZA,Product-7898,662,22.33
MA,Product-7899,629,97.29
NG,Product-7900,654,30.50
GH,Product-7901,309,79.92
KE,Product-7902,94,94.44
ZA,Product-7903,474,10.80
MA,Product-7904,365,17.32
NG,Product-7905,747,99.24
GH,Product-7906,622,47.86
KE,Product-7907,692,87.92
ZA,Product-7908,91,69.11
MA,Product-7909,808,22.83
NG,Product-7910,203,30.64
GH,Product-7911,313,68.68
KE,Product-7912,358,25.30
ZA,Product-7913,186,21.19
MA,Product-7914,31,81.86
NG,Product-7915,717,40.71
GH,Product-7916,49,29.92
KE,Product-7917,503,26.97
ZA,Product-7918,977,40.50
MA,Product-7919,224,56.36
NG,Product-7920,359,3.68
GH,Product-7921,124,27.68
KE,Product-7922,994,2.35
ZA,Product-7923,269,47.62
MA,Product-7924,527,19.63
NG,Product-7925,98,8.11
GH,Product-7926,489,50.68
KE,Product-7927,345,38.26
ZA,Product-7928,657,26.57
MA,Product-7929,560,73.94
NG,Product-7930,906,78.82
GH,Product-7931,124,70.16
KE,Product-7932,746,15.55
ZA,Product-7933,552,2.58
MA,Product-7934,221,66.48
NG,Product-7935,153,25.91
GH,Product-7936,865,0.83
KE,Product-7937,978,86.05
ZA,Product-7938,517,40.97
MA,Product-7939,554,50.31
NG,Product-7940,931,72.41
GH,Product-7941,799,31.12
KE,Product-7942,728,56.96
ZA,Product-7943,796,82.71
MA,Product-7944,302,57.14
NG,Product-7945,634,73.27
GH,Product-7946,631,75.87
KE,Product-7947,84,41.59
ZA,Product-7948,878,96.84
MA,Product-7949,440,72.58
NG,Product-7950,870,1.32
GH,Product-7951,782,51.22
KE,Product-7952,12,56.90
ZA,Product-7953,35,93.20
MA,Product-7954,498,41.50
NG,Product-7955,748,15.72
GH,Product-7956,64,38.24
KE,Product-7957,910,96.40
ZA,Product-7958,805,25.74
MA,Product-7959,640,18.14
NG,Product-7960,113,22.00
GH,Product-7961,290,56.28
KE,Product-7962,74,90.99
ZA,Product-7963,882,77.97
MA,Product-7964,193,21.62
NG,Product-7965,797,25.83
GH,Product-7966,10,83.98
KE,Product-7967,209,50.06
ZA,Product-7968,110,99.74
MA,Product-7969,575,27.87
NG,Product-7970,936,65.12
GH,Product-7971,257,8.81
KE,Product-7972,396,63.05
ZA,Product-7973,753,85.98
MA,Product-7974,848,56.21
NG,Product-7975,55,39.16
GH,Product-7976,120,27.17
KE,Product-7977,707,64.35
ZA,Product-7978,313,6.33
MA,Product-7979,84,27.84
NG,Product-7980,145,89.26
GH,Product-7981,199,23.58
KE,Product-7982,498,42.67
ZA,Product-7983,120,54.99
MA,Product-7984,824,16.45
NG,Product-7985,388,21.83
GH,Product-7986,391,15.86
KE,Product-7987,789,9.67
ZA,Product-7988,244,46.41
MA,Product-7989,391,21.51
NG,Product-7990,42,61.90
GH,Product-7991,867,76.83
KE,Product-7992,188,72.91
ZA,Product-7993,854,5.29
MA,Product-7994,318,58.22
NG,Product-7995,148,10.73
GH,Product-7996,986,70.88
KE,Product-7997,52,28.49
ZA,Product-7998,157,55.58
MA,Product-7999,918,82.94
NG,Product-8000,582,32.01
GH,Product-8001,210,71.85
KE,Product-8002,574,33.26
ZA,Product-8003,248,18.23
MA,Product-8004,373,84.27
NG,Product-8005,725,14.38
GH,Product-8006,842,59.13
KE,Product-8007,972,74.12
ZA,Product-8008,547,49.20
MA,Product-8009,409,83.35
NG,Product-8010,36,2.07
GH,Product-8011,20,35.58
KE,Product-8012,484,6.77
ZA,Product-8013,675,67.11
MA,Product-8014,929,7.85
NG,Product-8015,123,42.21
GH,Product-8016,683,40.90
KE,Product-8017,416,31.71
ZA,Product-8018,619,1.04
MA,Product-8019,842,76.92
NG,Product-8020,303,14.66
GH,Product-8021,460,68.70
KE,Product-8022,907,24.48
ZA,Product-8023,680,94.35
MA,Product-8024,283,0.94
NG,Product-8025,343,65.04
GH,Product-8026,118,71.85
KE,Product-8027,619,25.01
ZA,Product-8028,399,93.76
MA,Product-8029,472,78.72
NG,Product-8030,340,8.64
GH,Product-8031,82,52.70
KE,Product-8032,762,37.99
ZA,Product-8033,234,71.43
MA,Product-8034,46,22.68
NG,Product-8035,529,28.10
GH,Product-8036,446,98.65
KE,Product-8037,905,88.32
ZA,Product-8038,241,39.09
MA,Product-8039,659,24.37
NG,Product-8040,803,12.70
GH,Product-8041,918,83.66
KE,Product-8042,746,34.76
ZA,Product-8043,606,80.31
MA,Product-8044,416,28.08
NG,Product-8045,145,65.81
GH,Product-8046,104,40.65
KE,Product-8047,624,31.72
ZA,Product-8048,288,97.59
MA,Product-8049,159,63.08
NG,Product-8050,664,12.56
GH,Product-8051,714,53.38
KE,Product-8052,76,51.14
ZA,Product-8053,460,41.14
MA,Product-8054,902,66.00
NG,Product-8055,912,82.39
GH,Product-8056,354,23.25
KE,Product-8057,953,73.60
ZA,Product-8058,229,62.82
MA,Product-8059,682,66.93
NG,Product-8060,13,39.96
GH,Product-8061,222,22.68
KE,Product-8062,933,34.69
ZA,Product-8063,609,40.22
MA,Product-8064,507,81.55
NG,Product-8065,978,45.60
GH,Product-8066,46,41.63
KE,Product-8067,455,76.72
ZA,Product-8068,931,26.72
MA,Product-8069,918,25.58
NG,Product-8070,838,72.76
GH,Product-8071,492,85.30
KE,Product-8072,699,28.83
ZA,Product-8073,480,45.69
MA,Product-8074,266,47.06
NG,Product-8075,545,32.77
GH,Product-8076,395,8.90
KE,Product-8077,511,81.79
ZA,Product-8078,253,21.03
MA,Product-8079,743,17.68
NG,Product-8080,706,99.17
GH,Product-8081,597,25.14
KE,Product-8082,748,23.30
ZA,Product-8083,574,50.67
MA,Product-8084,771,19.58
NG,Product-8085,569,50.08
GH,Product-8086,331,96.60
KE,Product-8087,947,12.49
ZA,Product-8088,95,77.96
MA,Product-8089,184,44.79
NG,Product-8090,616,94.18
GH,Product-8091,373,33.64
KE,Product-8092,375,42.76
ZA,Product-8093,605,99.64
MA,Product-8094,604,30.08
NG,Product-8095,822,68.62
GH,Product-8096,530,23.93
KE,Product-8097,97,92.02
ZA,Product-8098,686,90.59
MA,Product-8099,377,41.63
NG,Product-8100,894,6.24
GH,Product-8101,486,18.04
KE,Product-8102,953,50.59
ZA,Product-8103,672,18.58
MA,Product-8104,704,10.41
NG,Product-8105,857,30.00
GH,Product-8106,677,83.00
KE,Product-8107,689,14.62
ZA,Product-8108,18,72.22
MA,Product-8109,535,74.95
NG,Product-8110,909,91.19
GH,Product-8111,608,31.63
KE,Product-8112,165,30.74
ZA,Product-8113,902,52.83
MA,Product-8114,712,97.02
NG,Product-8115,742,26.46
GH,Product-8116,423,7.48
KE,Product-8117,414,14.38
ZA,Product-8118,89,41.02
MA,Product-8119,935,73.93
NG,Product-8120,967,62.30
GH,Product-8121,384,49.74
KE,Product-8122,9,36.83
ZA,Product-8123,239,9.05
MA,Product-8124,56,22.78
NG,Product-8125,45,72.48
GH,Product-8126,695,32.70
KE,Product-8127,217,66.36
ZA,Product-8128,674,50.12
MA,Product-8129,713,21.15
NG,Product-8130,613,75.21
GH,Product-8131,441,19.32
KE,Product-8132,504,42.18
ZA,Product-8133,707,61.27
MA,Product-8134,158,27.24
NG,Product-8135,223,95.24
GH,Product-8136,936,3.55
KE,Product-8137,450,19.95
ZA,Product-8138,271,11.50
MA,Product-8139,416,10.46
NG,Product-8140,339,46.11
GH,Product-8141,186,65.16
KE,Product-8142,220,32.83
ZA,Product-8143,748,30.32
MA,Product-8144,270,66.45
NG,Product-8145,238,93.88
GH,Product-8146,370,75.53
KE,Product-8147,91,49.89
ZA,Product-8148,470,61.35
MA,Product-8149,303,39.77
NG,Product-8150,702,46.83
GH,Product-8151,340,84.30
KE,Product-8152,707,0.56
ZA,Product-8153,677,87.02
MA,Product-8154,834,5.36
NG,Product-8155,96,13.92
GH,Product-8156,548,27.09
KE,Product-8157,348,64.05
ZA,Product-8158,455,69.77
MA,Product-8159,955,50.06
NG,Product-8160,480,57.10
GH,Product-8161,534,36.26
KE,Product-8162,559,72.05
ZA,Product-8163,8,38.48
MA,Product-8164,53,98.58
NG,Product-8165,67,47.87
GH,Product-8166,207,88.62
KE,Product-8167,750,58.98
ZA,Product-8168,584,48.63
MA,Product-8169,251,49.20
NG,Product-8170,253,66.01
GH,Product-8171,975,46.25
KE,Product-8172,882,58.21
ZA,Product-8173,997,42.32
MA,Product-8174,422,22.26
NG,Product-8175,122,65.13
GH,Product-8176,742,95.41
KE,Product-8177,307,98.80
ZA,Product-8178,777,17.12
MA,Product-8179,155,90.00
NG,Product-8180,554,53.23
GH,Product-8181,81,47.56
KE,Product-8182,284,30.51
ZA,Product-8183,130,39.91
MA,Product-8184,954,10.40
NG,Product-8185,453,53.49
GH,Product-8186,639,24.67
KE,Product-8187,989,32.30
ZA,Product-8188,838,26.63
MA,Product-8189,894,53.32
NG,Product-8190,902,96.58
GH,Product-8191,181,16.66
KE,Product-8192,228,71.79
ZA,Product-8193,264,45.11
MA,Product-8194,885,28.17
NG,Product-8195,577,80.81
GH,Product-8196,606,34.33
KE,Product-8197,225,74.17
ZA,Product-8198,980,60.93
MA,Product-8199,729,8.34
NG,Product-8200,979,63.94
GH,Product-8201,397,4.79
KE,Product-8202,368,39.43
ZA,Product-8203,88,64.05
MA,Product-8204,627,32.33
NG,Product-8205,289,3.42
GH,Product-8206,320,90.05
KE,Product-8207,995,51.16
ZA,Product-8208,613,17.99
MA,Product-8209,617,14.34
NG,Product-8210,117,98.09
GH,Product-8211,634,35.72
KE,Product-8212,527,95.24
ZA,Product-8213,128,50.68
MA,Product-8214,257,49.08
NG,Product-8215,728,69.18
GH,Product-8216,837,51.09
KE,Product-8217,589,53.44
ZA,Product-8218,614,12.38
MA,Product-8219,354,6.40
NG,Product-8220,839,19.21
GH,Product-8221,474,80.49
KE,Product-8222,173,23.10
ZA,Product-8223,349,68.84
MA,Product-8224,946,82.18
NG,Product-8225,125,62.75
GH,Product-8226,632,98.07
KE,Product-8227,56,42.44
ZA,Product-8228,56,14.39
MA,Product-8229,400,42.62
NG,Product-8230,76,44.88
GH,Product-8231,279,93.89
KE,Product-8232,42,56.80
ZA,Product-8233,148,57.77
MA,Product-8234,998,80.05
NG,Product-8235,24,68.59
GH,Product-8236,5,29.32
KE,Product-8237,808,77.27
ZA,Product-8238,320,91.58
MA,Product-8239,917,36.55
NG,Product-8240,239,50.54
GH,Product-8241,540,12.01
KE,Product-8242,578,25.44
ZA,Product-8243,105,57.05
MA,Product-8244,36,79.86
NG,Product-8245,906,58.58
GH,Product-8246,545,84.90
KE,Product-8247,81,11.85
ZA,Product-8248,392,54.37
MA,Product-8249,940,81.89
NG,Product-8250,580,60.33
GH,Product-8251,743,74.40
KE,Product-8252,535,10.77
ZA,Product-8253,466,39.83
MA,Product-8254,948,23.66
NG,Product-8255,243,91.73
GH,Product-8256,872,66.86
KE,Product-8257,825,98.91
ZA,Product-8258,375,58.67
MA,Product-8259,85,25.18
NG,Product-8260,317,35.46
GH,Product-8261,336,57.28
KE,Product-8262,782,13.44
ZA,Product-8263,847,88.85
MA,Product-8264,625,45.64
NG,Product-8265,244,10.49
GH,Product-8266,775,93.89
KE,Product-8267,722,67.18
ZA,Product-8268,319,8.60
MA,Product-8269,971,28.69
NG,Product-8270,361,37.75
GH,Product-8271,168,67.25
KE,Product-8272,798,30.11
ZA,Product-8273,442,24.56
MA,Product-8274,996,44.33
NG,Product-8275,996,37.32
GH,Product-8276,781,6.16
KE,Product-8277,918,14.01
ZA,Product-8278,226,74.36
MA,Product-8279,628,80.37
NG,Product-8280,307,82.08
GH,Product-8281,963,70.66
KE,Product-8282,465,36.33
ZA,Product-8283,136,53.73
MA,Product-8284,411,67.72
NG,Product-8285,152,17.99
GH,Product-8286,830,7.35
KE,Product-8287,535,1.96
ZA,Product-8288,301,74.78
MA,Product-8289,888,4.65
NG,Product-8290,250,43.48
GH,Product-8291,120,60.16
KE,Product-8292,709,76.78
ZA,Product-8293,729,65.15
MA,Product-8294,714,23.30
NG,Product-8295,506,12.45
GH,Product-8296,999,32.16
KE,Product-8297,699,33.04
ZA,Product-8298,38,15.86
MA,Product-8299,786,97.25
NG,Product-8300,191,9.59
GH,Product-8301,280,6.33
KE,Product-8302,202,58.76
ZA,Product-8303,645,87.49
MA,Product-8304,5,68.25
NG,Product-8305,227,54.02
GH,Product-8306,458,38.67
KE,Product-8307,881,86.65
ZA,Product-8308,257,99.36
MA,Product-8309,674,25.54
NG,Product-8310,917,0.25
GH,Product-8311,713,30.21
KE,Product-8312,32,89.70
ZA,Product-8313,535,70.40
MA,Product-8314,323,95.74
NG,Product-8315,290,83.46
GH,Product-8316,160,5.27
KE,Product-8317,236,90.37
ZA,Product-8318,274,98.45
MA,Product-8319,94,60.10
NG,Product-8320,73,99.69
GH,Product-8321,496,80.27
KE,Product-8322,221,86.62
ZA,Product-8323,787,91.62
MA,Product-8324,33,87.98
NG,Product-8325,161,7.31
GH,Product-8326,481,20.80
KE,Product-8327,769,81.16
ZA,Product-8328,816,31.29
MA,Product-8329,708,99.61
NG,Product-8330,456,73.87
GH,Product-8331,363,84.64
KE,Product-8332,607,59.89
ZA,Product-8333,691,56.61
MA,Product-8334,455,31.52
NG,Product-8335,317,46.52
GH,Product-8336,968,98.66
KE,Product-8337,908,93.57
ZA,Product-8338,154,20.39
MA,Product-8339,812,13.99
NG,Product-8340,719,18.08
GH,Product-8341,26,92.19
KE,Product-8342,406,61.32
ZA,Product-8343,238,57.65
MA,Product-8344,312,20.12
NG,Product-8345,415,28.86
GH,Product-8346,937,85.73
KE,Product-8347,591,30.39
ZA,Product-8348,689,91.94
MA,Product-8349,362,80.24
NG,Product-8350,890,55.03
GH,Product-8351,150,78.76
KE,Product-8352,428,88.14
ZA,Product-8353,563,17.44
MA,Product-8354,639,33.80
NG,Product-8355,312,33.54
GH,Product-8356,759,43.75
KE,Product-8357,311,45.25
ZA,Product-8358,607,26.75
MA,Product-8359,663,79.43
NG,Product-8360,586,71.65
GH,Product-8361,490,84.14
KE,Product-8362,377,42.91
ZA,Product-8363,339,97.14
MA,Product-8364,885,15.98
NG,Product-8365,85,76.16
GH,Product-8366,902,87.82
KE,Product-8367,150,65.59
ZA,Product-8368,139,96.19
MA,Product-8369,504,63.72
NG,Product-8370,337,0.17
GH,Product-8371,723,60.48
KE,Product-8372,723,87.87
ZA,Product-8373,120,78.66
MA,Product-8374,578,84.72
NG,Product-8375,605,87.05
GH,Product-8376,413,60.38
KE,Product-8377,716,57.40
ZA,Product-8378,51,99.89
MA,Product-8379,923,84.43
NG,Product-8380,953,69.74
GH,Product-8381,86,51.79
KE,Product-8382,971,91.81
ZA,Product-8383,170,66.75
MA,Product-8384,726,28.51
NG,Product-8385,229,79.01
GH,Product-8386,547,51.89
KE,Product-8387,878,32.13
ZA,Product-8388,329,70.51
MA,Product-8389,793,50.28
NG,Product-8390,64,83.27
GH,Product-8391,261,31.89
KE,Product-8392,59,14.83
ZA,Product-8393,897,33.83
MA,Product-8394,233,74.07
NG,Product-8395,579,52.61
GH,Product-8396,646,7.23
KE,Product-8397,613,23.54
ZA,Product-8398,193,2.26
MA,Product-8399,162,78.59
NG,Product-8400,618,34.30
GH,Product-8401,874,8.19
KE,Product-8402,382,55.29
ZA,Product-8403,470,1.48
MA,Product-8404,783,4.32
NG,Product-8405,833,26.46
GH,Product-8406,154,12.15
KE,Product-8407,167,4.55
ZA,Product-8408,906,70.90
MA,Product-8409,228,37.10
NG,Product-8410,286,97.96
GH,Product-8411,280,42.04
KE,Product-8412,989,22.97
ZA,Product-8413,378,81.36
MA,Product-8414,246,86.16
NG,Product-8415,605,76.31
GH,Product-8416,243,43.73
KE,Product-8417,902,88.28
ZA,Product-8418,354,72.21
MA,Product-8419,439,89.83
NG,Product-8420,744,52.18
GH,Product-8421,4,85.21
KE,Product-8422,86,49.07
ZA,Product-8423,63,41.52
MA,Product-8424,625,95.38
NG,Product-8425,832,72.28
GH,Product-8426,145,55.10
KE,Product-8427,187,90.86
ZA,Product-8428,760,64.54
MA,Product-8429,256,1.48
NG,Product-8430,551,83.16
GH,Product-8431,354,35.17
KE,Product-8432,578,5.91
ZA,Product-8433,149,66.97
MA,Product-8434,266,30.39
NG,Product-8435,590,21.15
GH,Product-8436,395,15.61
KE,Product-8437,410,49.91
ZA,Product-8438,122,11.99
MA,Product-8439,861,32.42
NG,Product-8440,407,55.55
GH,Product-8441,315,77.12
KE,Product-8442,459,32.06
ZA,Product-8443,697,62.34
MA,Product-8444,161,58.65
NG,Product-8445,771,65.05
GH,Product-8446,304,55.49
KE,Product-8447,312,74.84
ZA,Product-8448,267,69.80
MA,Product-8449,856,72.85
NG,Product-8450,241,18.94
GH,Product-8451,964,21.60
KE,Product-8452,714,80.26
ZA,Product-8453,118,50.14
MA,Product-8454,841,10.10
NG,Product-8455,875,88.59
GH,Product-8456,951,2.77
KE,Product-8457,59,47.14
ZA,Product-8458,597,59.34
MA,Product-8459,791,13.38
NG,Product-8460,675,48.04
GH,Product-8461,260,15.79
KE,Product-8462,75,93.43
ZA,Product-8463,594,70.34
MA,Product-8464,895,90.81
NG,Product-8465,526,98.29
GH,Product-8466,424,57.74
KE,Product-8467,32,71.66
ZA,Product-8468,928,92.61
MA,Product-8469,322,8.04
NG,Product-8470,592,24.97
GH,Product-8471,220,52.52
KE,Product-8472,825,66.41
ZA,Product-8473,986,20.29
MA,Product-8474,997,16.63
NG,Product-8475,982,62.96
GH,Product-8476,320,42.84
KE,Product-8477,830,63.83
ZA,Product-8478,980,71.14
MA,Product-8479,246,24.51
NG,Product-8480,403,51.80
GH,Product-8481,783,25.54
KE,Product-8482,724,26.38
ZA,Product-8483,685,17.08
MA,Product-8484,337,36.04
NG,Product-8485,937,47.55
GH,Product-8486,996,97.71
KE,Product-8487,702,54.68
ZA,Product-8488,834,18.83
MA,Product-8489,361,84.84
NG,Product-8490,426,18.94
GH,Product-8491,68,63.17
KE,Product-8492,745,90.76
ZA,Product-8493,708,10.62
MA,Product-8494,813,29.11
NG,Product-8495,648,24.43
GH,Product-8496,215,97.98
KE,Product-8497,152,80.35
ZA,Product-8498,435,84.29
MA,Product-8499,429,92.70
NG,Product-8500,689,69.13
GH,Product-8501,226,79.83
KE,Product-8502,764,74.27
ZA,Product-8503,409,72.77
MA,Product-8504,581,75.92
NG,Product-8505,675,65.66
GH,Product-8506,231,4.13
KE,Product-8507,739,90.12
ZA,Product-8508,532,36.66
MA,Product-8509,547,87.47
NG,Product-8510,627,79.43
GH,Product-8511,698,39.64
KE,Product-8512,404,2.03
ZA,Product-8513,118,85.77
MA,Product-8514,961,62.02
NG,Product-8515,703,56.18
GH,Product-8516,560,95.39
KE,Product-8517,309,28.06
ZA,Product-8518,575,51.87
MA,Product-8519,83,7.98
NG,Product-8520,913,25.53
GH,Product-8521,473,16.39
KE,Product-8522,965,17.90
ZA,Product-8523,684,77.51
MA,Product-8524,268,51.92
NG,Product-8525,392,14.21
GH,Product-8526,478,20.43
KE,Product-8527,688,93.41
ZA,Product-8528,137,66.73
MA,Product-8529,638,1.45
NG,Product-8530,80,9.41
GH,Product-8531,724,17.07
KE,Product-8532,409,15.39
ZA,Product-8533,639,28.30
MA,Product-8534,361,7.47
NG,Product-8535,703,74.93
GH,Product-8536,311,58.94
KE,Product-8537,703,14.93
ZA,Product-8538,64,8.13
MA,Product-8539,529,46.33
NG,Product-8540,408,19.64
GH,Product-8541,437,91.17
KE,Product-8542,634,64.76
ZA,Product-8543,731,41.64
MA,Product-8544,92,48.06
NG,Product-8545,764,52.91
GH,Product-8546,465,48.91
KE,Product-8547,240,82.29
ZA,Product-8548,16,78.23
MA,Product-8549,344,96.52
NG,Product-8550,194,24.19
GH,Product-8551,76,90.35
KE,Product-8552,248,42.25
ZA,Product-8553,102,10.01
MA,Product-8554,165,83.05
NG,Product-8555,360,1.86
GH,Product-8556,128,91.28
KE,Product-8557,622,95.91
ZA,Product-8558,61,69.73
MA,Product-8559,789,16.20
NG,Product-8560,822,78.18
GH,Product-8561,381,84.06
KE,Product-8562,105,65.31
ZA,Product-8563,122,41.53
MA,Product-8564,310,13.31
NG,Product-8565,383,19.11
GH,Product-8566,405,66.16
KE,Product-8567,829,54.12
ZA,Product-8568,559,45.33
MA,Product-8569,15,51.60
NG,Product-8570,741,49.39
GH,Product-8571,352,14.59
KE,Product-8572,471,59.07
ZA,Product-8573,996,85.11
MA,Product-8574,306,96.21
NG,Product-8575,693,77.75
GH,Product-8576,763,37.60
KE,Product-8577,632,95.31
ZA,Product-8578,865,1.34
MA,Product-8579,195,90.11
NG,Product-8580,219,91.42
GH,Product-8581,176,65.94
KE,Product-8582,158,83.64
ZA,Product-8583,110,95.02
MA,Product-8584,908,42.08
NG,Product-8585,191,98.13
GH,Product-8586,623,63.09
KE,Product-8587,599,56.73
ZA,Product-8588,504,76.64
MA,Product-8589,594,15.32
NG,Product-8590,45,69.75
GH,Product-8591,997,6.71
KE,Product-8592,192,74.91
ZA,Product-8593,541,51.98
MA,Product-8594,357,9.05
NG,Product-8595,556,49.02
GH,Product-8596,459,12.57
KE,Product-8597,629,23.17
ZA,Product-8598,14,12.93
MA,Product-8599,434,52.73
NG,Product-8600,822,8.35
GH,Product-8601,676,42.74
KE,Product-8602,200,21.18
ZA,Product-8603,465,8.18
MA,Product-8604,709,19.31
NG,Product-8605,137,76.44
GH,Product-8606,643,53.66
KE,Product-8607,366,93.82
ZA,Product-8608,188,81.48
MA,Product-8609,23,98.56
NG,Product-8610,662,97.84
GH,Product-8611,764,65.76
KE,Product-8612,627,40.64
ZA,Product-8613,429,62.82
MA,Product-8614,669,17.24
NG,Product-8615,686,15.60
GH,Product-8616,911,19.88
KE,Product-8617,773,31.35
ZA,Product-8618,89,15.75
MA,Product-8619,929,81.24
NG,Product-8620,158,97.73
GH,Product-8621,513,50.68
KE,Product-8622,635,57.11
ZA,Product-8623,610,30.70
MA,Product-8624,613,13.73
NG,Product-8625,256,54.80
GH,Product-8626,443,23.23
KE,Product-8627,30,33.34
ZA,Product-8628,681,75.29
MA,Product-8629,896,64.02
NG,Product-8630,688,7.95
GH,Product-8631,201,78.11
KE,Product-8632,444,56.07
ZA,Product-8633,976,6.90
MA,Product-8634,907,3.58
NG,Product-8635,33,63.99
GH,Product-8636,322,44.73
KE,Product-8637,760,7.83
ZA,Product-8638,818,15.82
MA,Product-8639,268,68.54
NG,Product-8640,721,26.31
GH,Product-8641,559,55.43
KE,Product-8642,761,61.76
ZA,Product-8643,176,9.44
MA,Product-8644,208,39.43
NG,Product-8645,707,72.02
GH,Product-8646,871,57.62
KE,Product-8647,47,65.15
ZA,Product-8648,834,48.24
MA,Product-8649,423,17.30
NG,Product-8650,178,92.67
GH,Product-8651,660,12.79
KE,Product-8652,816,35.39
ZA,Product-8653,561,28.97
MA,Product-8654,624,77.45
NG,Product-8655,4,85.85
GH,Product-8656,328,67.86
KE,Product-8657,785,20.16
ZA,Product-8658,771,10.01
MA,Product-8659,458,81.13
NG,Product-8660,533,23.61
GH,Product-8661,288,8.38
KE,Product-8662,305,36.17
ZA,Product-8663,669,63.24
MA,Product-8664,871,59.82
NG,Product-8665,420,55.19
GH,Product-8666,484,85.67
KE,Product-8667,221,36.10
ZA,Product-8668,223,77.99
MA,Product-8669,633,75.87
NG,Product-8670,13,3.49
GH,Product-8671,845,3.73
KE,Product-8672,433,74.31
ZA,Product-8673,63,29.63
MA,Product-8674,74,23.05
NG,Product-8675,805,76.87
GH,Product-8676,151,52.73
KE,Product-8677,198,63.39
ZA,Product-8678,516,94.33
MA,Product-8679,924,14.10
NG,Product-8680,820,36.08
GH,Product-8681,370,16.89
KE,Product-8682,709,87.06
ZA,Product-8683,381,99.44
MA,Product-8684,530,96.13
NG,Product-8685,401,6.27
GH,Product-8686,450,89.75
KE,Product-8687,253,70.94
ZA,Product-8688,107,0.37
MA,Product-8689,338,32.81
NG,Product-8690,336,17.61
GH,Product-8691,312,5.70
KE,Product-8692,368,47.84
ZA,Product-8693,678,82.60
MA,Product-8694,798,72.79
NG,Product-8695,755,30.91
GH,Product-8696,54,83.24
KE,Product-8697,939,54.95
ZA,Product-8698,245,94.39
MA,Product-8699,182,92.53
NG,Product-8700,499,62.81
GH,Product-8701,206,5.68
KE,Product-8702,755,56.56
ZA,Product-8703,463,29.71
MA,Product-8704,558,76.39
NG,Product-8705,764,29.33
GH,Product-8706,741,97.31
KE,Product-8707,862,70.79
ZA,Product-8708,202,10.21
MA,Product-8709,278,54.67
NG,Product-8710,272,96.51
GH,Product-8711,960,63.52
KE,Product-8712,473,46.37
ZA,Product-8713,571,38.00
MA,Product-8714,347,77.43
NG,Product-8715,676,38.55
GH,Product-8716,556,11.77
KE,Product-8717,551,63.33
ZA,Product-8718,757,88.53
MA,Product-8719,391,69.64
NG,Product-8720,494,98.32
GH,Product-8721,554,25.13
KE,Product-8722,952,61.31
ZA,Product-8723,402,13.62
MA,Product-8724,814,33.83
NG,Product-8725,382,92.02
GH,Product-8726,687,18.86
KE,Product-8727,268,58.00
ZA,Product-8728,986,72.03
MA,Product-8729,535,96.08
NG,Product-8730,600,61.38
GH,Product-8731,382,63.43
KE,Product-8732,136,78.25
ZA,Product-8733,77,40.71
MA,Product-8734,359,91.39
NG,Product-8735,44,54.98
GH,Product-8736,409,79.85
KE,Product-8737,674,55.38
ZA,Product-8738,974,27.86
MA,Product-8739,374,66.74
NG,Product-8740,647,31.01
GH,Product-8741,829,12.78
KE,Product-8742,302,13.49
ZA,Product-8743,944,96.80
MA,Product-8744,546,81.99
NG,Product-8745,726,13.27
GH,Product-8746,755,77.92
KE,Product-8747,655,24.43
ZA,Product-8748,531,32.51
MA,Product-8749,6,53.36
NG,Product-8750,408,37.33
GH,Product-8751,127,63.93
KE,Product-8752,734,94.97
ZA,Product-8753,879,17.54
MA,Product-8754,104,21.39
NG,Product-8755,965,49.39
GH,Product-8756,440,1.37
KE,Product-8757,375,15.21
ZA,Product-8758,697,33.01
MA,Product-8759,503,59.34
NG,Product-8760,933,59.07
GH,Product-8761,193,75.81
KE,Product-8762,279,73.97
ZA,Product-8763,235,29.06
MA,Product-8764,955,88.10
NG,Product-8765,557,71.74
GH,Product-8766,813,68.93
KE,Product-8767,463,16.68
ZA,Product-8768,647,30.64
MA,Product-8769,631,64.91
NG,Product-8770,952,79.28
GH,Product-8771,310,39.06
KE,Product-8772,945,48.01
ZA,Product-8773,543,40.71
MA,Product-8774,678,16.21
NG,Product-8775,903,5.19
GH,Product-8776,838,17.19
KE,Product-8777,104,32.94
ZA,Product-8778,86,4.54
MA,Product-8779,484,87.18
NG,Product-8780,633,41.17
GH,Product-8781,714,5.78
KE,Product-8782,23,56.07
ZA,Product-8783,106,57.24
MA,Product-8784,261,8.24
NG,Product-8785,641,3.36
GH,Product-8786,404,12.33
KE,Product-8787,762,36.02
ZA,Product-8788,200,74.24
MA,Product-8789,455,10.01
NG,Product-8790,358,35.26
GH,Product-8791,331,73.06
KE,Product-8792,385,36.09
ZA,Product-8793,620,12.57
MA,Product-8794,519,66.53
NG,Product-8795,700,36.42
GH,Product-8796,145,23.15
KE,Product-8797,768,36.78
ZA,Product-8798,679,53.65
MA,Product-8799,857,16.23
NG,Product-8800,810,59.02
GH,Product-8801,542,6.84
KE,Product-8802,994,11.79
ZA,Product-8803,541,23.10
MA,Product-8804,593,89.77
NG,Product-8805,928,49.24
GH,Product-8806,633,46.86
KE,Product-8807,910,58.13
ZA,Product-8808,347,28.82
MA,Product-8809,425,61.60
NG,Product-8810,930,31.28
GH,Product-8811,402,29.56
KE,Product-8812,655,93.28
ZA,Product-8813,106,8.65
MA,Product-8814,235,26.98
NG,Product-8815,8,65.92
GH,Product-8816,961,53.53
KE,Product-8817,349,72.14
ZA,Product-8818,575,53.18
MA,Product-8819,745,55.60
NG,Product-8820,382,78.20
GH,Product-8821,767,41.84
KE,Product-8822,58,39.25
ZA,Product-8823,361,0.16
MA,Product-8824,215,1.29
NG,Product-8825,800,99.01
GH,Product-8826,106,92.88
KE,Product-8827,710,73.55
ZA,Product-8828,759,43.24
MA,Product-8829,338,87.22
NG,Product-8830,801,47.03
GH,Product-8831,21,47.95
KE,Product-8832,766,55.43
ZA,Product-8833,415,54.25
MA,Product-8834,699,32.10
NG,Product-8835,121,81.11
GH,Product-8836,419,50.89
KE,Product-8837,868,86.94
ZA,Product-8838,666,54.89
MA,Product-8839,265,65.80
NG,Product-8840,398,46.88
GH,Product-8841,119,14.73
KE,Product-8842,739,57.06
ZA,Product-8843,335,31.72
MA,Product-8844,420,20.20
NG,Product-8845,560,64.59
GH,Product-8846,94,27.02
KE,Product-8847,312,93.89
ZA,Product-8848,462,16.55
MA,Product-8849,903,30.17
NG,Product-8850,830,85.40
GH,Product-8851,558,30.84
KE,Product-8852,60,50.83
ZA,Product-8853,29,11.70
MA,Product-8854,58,56.55
NG,Product-8855,566,64.45
GH,Product-8856,922,28.67
KE,Product-8857,452,94.05
ZA,Product-8858,254,29.50
MA,Product-8859,129,98.67
NG,Product-8860,603,37.55
GH,Product-8861,445,78.64
KE,Product-8862,713,53.91
ZA,Product-8863,177,26.97
MA,Product-8864,407,32.09
NG,Product-8865,426,18.57
GH,Product-8866,277,25.77
KE,Product-8867,694,34.03
ZA,Product-8868,751,24.24
MA,Product-8869,588,39.80
NG,Product-8870,608,58.28
GH,Product-8871,587,2.15
KE,Product-8872,180,37.35
ZA,Product-8873,240,65.14
MA,Product-8874,560,45.53
NG,Product-8875,861,31.92
GH,Product-8876,283,57.17
KE,Product-8877,809,34.77
ZA,Product-8878,613,7.09
MA,Product-8879,972,61.52
NG,Product-8880,673,29.48
GH,Product-8881,313,81.56
KE,Product-8882,488,10.37
ZA,Product-8883,318,94.39
MA,Product-8884,766,22.74
NG,Product-8885,990,67.83
GH,Product-8886,671,13.56
KE,Product-8887,147,24.40
ZA,Product-8888,822,80.62
MA,Product-8889,512,65.04
NG,Product-8890,494,74.85
GH,Product-8891,801,60.45
KE,Product-8892,893,93.52
ZA,Product-8893,519,59.14
MA,Product-8894,892,43.82
NG,Product-8895,736,46.26
GH,Product-8896,410,30.52
KE,Product-8897,781,28.54
ZA,Product-8898,980,2.31
MA,Product-8899,350,77.34
NG,Product-8900,844,91.45
GH,Product-8901,468,3.94
KE,Product-8902,337,53.48
ZA,Product-8903,219,15.80
MA,Product-8904,224,67.16
NG,Product-8905,281,47.00
GH,Product-8906,162,85.06
KE,Product-8907,383,79.97
ZA,Product-8908,566,57.14
MA,Product-8909,20,18.71
NG,Product-8910,50,16.30
GH,Product-8911,839,95.25
KE,Product-8912,400,31.76
ZA,Product-8913,927,91.89
MA,Product-8914,261,27.72
NG,Product-8915,106,15.51
GH,Product-8916,163,31.98
KE,Product-8917,448,94.72
ZA,Product-8918,210,11.80
MA,Product-8919,848,50.26
NG,Product-8920,220,19.74
GH,Product-8921,206,69.28
KE,Product-8922,108,58.73
ZA,Product-8923,861,75.53
MA,Product-8924,997,49.91
NG,Product-8925,886,40.97
GH,Product-8926,434,38.15
KE,Product-8927,561,89.02
ZA,Product-8928,256,22.25
MA,Product-8929,769,50.83
NG,Product-8930,637,67.27
GH,Product-8931,449,66.51
KE,Product-8932,136,16.39
ZA,Product-8933,30,25.63
MA,Product-8934,526,5.08
NG,Product-8935,415,69.86
GH,Product-8936,79,5.68
KE,Product-8937,787,78.77
ZA,Product-8938,976,56.07
MA,Product-8939,737,68.81
NG,Product-8940,728,62.18
GH,Product-8941,787,81.65
KE,Product-8942,981,29.21
ZA,Product-8943,518,60.71
MA,Product-8944,702,57.59
NG,Product-8945,76,51.16
GH,Product-8946,477,6.59
KE,Product-8947,483,4.75
ZA,Product-8948,460,67.43
MA,Product-8949,534,56.11
NG,Product-8950,493,35.42
GH,Product-8951,541,37.81
KE,Product-8952,970,46.87
ZA,Product-8953,350,9.87
MA,Product-8954,695,60.67
NG,Product-8955,194,77.46
GH,Product-8956,463,69.37
KE,Product-8957,711,88.02
ZA,Product-8958,210,20.20
MA,Product-8959,557,21.88
NG,Product-8960,311,54.48
GH,Product-8961,28,40.35
KE,Product-8962,590,97.03
ZA,Product-8963,133,25.33
MA,Product-8964,467,22.53
NG,Product-8965,974,28.37
GH,Product-8966,885,64.40
KE,Product-8967,122,47.03
ZA,Product-8968,708,28.78
MA,Product-8969,675,6.64
NG,Product-8970,976,35.56
GH,Product-8971,648,88.81
KE,Product-8972,40,99.12
ZA,Product-8973,980,26.69
MA,Product-8974,57,52.65
NG,Product-8975,44,84.20
GH,Product-8976,203,25.41
KE,Product-8977,848,12.85
ZA,Product-8978,15,21.39
MA,Product-8979,333,64.39
NG,Product-8980,722,41.31
GH,Product-8981,423,80.91
KE,Product-8982,843,0.30
ZA,Product-8983,462,1.72
MA,Product-8984,479,67.22
NG,Product-8985,284,30.32
GH,Product-8986,680,36.77
KE,Product-8987,707,31.88
ZA,Product-8988,755,78.88
MA,Product-8989,931,0.01
NG,Product-8990,338,38.44
GH,Product-8991,899,8.31
KE,Product-8992,951,73.51
ZA,Product-8993,552,76.13
MA,Product-8994,611,80.94
NG,Product-8995,701,1.83
GH,Product-8996,429,77.84
KE,Product-8997,982,92.82
ZA,Product-8998,825,57.78
MA,Product-8999,861,24.16
NG,Product-9000,905,94.50
GH,Product-9001,938,30.03
KE,Product-9002,186,77.15
ZA,Product-9003,420,51.58
MA,Product-9004,480,47.68
NG,Product-9005,102,44.31
GH,Product-9006,120,22.23
KE,Product-9007,752,68.42
ZA,Product-9008,817,97.72
MA,Product-9009,566,36.08
NG,Product-9010,741,85.69
GH,Product-9011,978,55.61
KE,Product-9012,684,58.60
ZA,Product-9013,168,57.51
MA,Product-9014,807,71.30
NG,Product-9015,311,23.89
GH,Product-9016,465,66.37
KE,Product-9017,985,98.47
ZA,Product-9018,779,90.21
MA,Product-9019,272,84.37
NG,Product-9020,158,40.48
GH,Product-9021,308,41.34
KE,Product-9022,397,30.80
ZA,Product-9023,93,91.15
MA,Product-9024,341,46.72
NG,Product-9025,28,8.50
GH,Product-9026,680,36.96
KE,Product-9027,774,71.24
ZA,Product-9028,775,37.22
MA,Product-9029,671,77.96
NG,Product-9030,38,83.97
GH,Product-9031,430,86.22
KE,Product-9032,108,96.53
ZA,Product-9033,344,12.80
MA,Product-9034,605,17.55
NG,Product-9035,989,3.27
GH,Product-9036,870,49.22
KE,Product-9037,157,35.47
ZA,Product-9038,327,31.10
MA,Product-9039,743,86.37
NG,Product-9040,31,28.31
GH,Product-9041,494,28.24
KE,Product-9042,166,39.38
ZA,Product-9043,750,42.80
MA,Product-9044,159,34.97
NG,Product-9045,574,13.13
GH,Product-9046,199,74.05
KE,Product-9047,314,47.48
ZA,Product-9048,80,15.37
MA,Product-9049,515,94.22
NG,Product-9050,573,12.49
GH,Product-9051,207,57.37
KE,Product-9052,801,2.34
ZA,Product-9053,742,73.19
MA,Product-9054,964,21.86
NG,Product-9055,415,49.85
GH,Product-9056,315,30.36
KE,Product-9057,551,5.15
ZA,Product-9058,602,80.16
MA,Product-9059,707,89.01
NG,Product-9060,286,94.93
GH,Product-9061,813,8.65
KE,Product-9062,225,60.35
ZA,Product-9063,302,26.90
MA,Product-9064,357,44.79
NG,Product-9065,736,9.58
GH,Product-9066,365,91.09
KE,Product-9067,169,21.43
ZA,Product-9068,732,61.87
MA,Product-9069,834,72.77
NG,Product-9070,44,17.38
GH,Product-9071,80,33.84
KE,Product-9072,572,76.80
ZA,Product-9073,619,14.64
MA,Product-9074,366,1.96
NG,Product-9075,338,16.81
GH,Product-9076,496,25.82
KE,Product-9077,975,19.38
ZA,Product-9078,751,52.22
MA,Product-9079,569,25.43
NG,Product-9080,743,91.31
GH,Product-9081,317,68.28
KE,Product-9082,887,77.60
ZA,Product-9083,187,54.09
MA,Product-9084,960,37.55
NG,Product-9085,602,49.51
GH,Product-9086,405,61.94
KE,Product-9087,112,76.43
ZA,Product-9088,387,73.91
MA,Product-9089,177,39.41
NG,Product-9090,556,39.71
GH,Product-9091,396,12.90
KE,Product-9092,139,81.83
ZA,Product-9093,887,56.13
MA,Product-9094,686,33.54
NG,Product-9095,43,17.69
GH,Product-9096,421,75.96
KE,Product-9097,45,69.01
ZA,Product-9098,821,74.09
MA,Product-9099,129,85.39
NG,Product-9100,19,32.93
GH,Product-9101,450,37.30
KE,Product-9102,780,38.24
ZA,Product-9103,286,45.64
MA,Product-9104,611,38.64
NG,Product-9105,0,42.73
GH,Product-9106,56,48.49
KE,Product-9107,161,22.22
ZA,Product-9108,248,91.07
MA,Product-9109,845,92.51
NG,Product-9110,201,74.32
GH,Product-9111,485,38.53
KE,Product-9112,45,16.16
ZA,Product-9113,98,61.39
MA,Product-9114,828,48.84
NG,Product-9115,239,26.52
GH,Product-9116,873,35.15
KE,Product-9117,811,77.63
ZA,Product-9118,811,53.97
MA,Product-9119,548,53.61
NG,Product-9120,392,68.30
GH,Product-9121,712,83.76
KE,Product-9122,318,81.29
ZA,Product-9123,763,98.72
MA,Product-9124,928,34.06
NG,Product-9125,498,93.86
GH,Product-9126,872,91.85
KE,Product-9127,284,55.34
ZA,Product-9128,640,26.27
MA,Product-9129,869,11.21
NG,Product-9130,585,78.00
GH,Product-9131,727,22.69
KE,Product-9132,101,97.80
ZA,Product-9133,101,79.29
MA,Product-9134,907,36.84
NG,Product-9135,688,20.20
GH,Product-9136,125,16.13
KE,Product-9137,615,51.10
ZA,Product-9138,444,74.86
MA,Product-9139,976,94.04
NG,Product-9140,373,81.53
GH,Product-9141,315,55.52
KE,Product-9142,877,55.69
ZA,Product-9143,336,3.99
MA,Product-9144,813,56.28
NG,Product-9145,540,67.13
GH,Product-9146,946,41.54
KE,Product-9147,338,29.70
ZA,Product-9148,476,2.66
MA,Product-9149,740,82.77
NG,Product-9150,140,34.09
GH,Product-9151,891,88.83
KE,Product-9152,868,63.35
ZA,Product-9153,643,43.42
MA,Product-9154,143,30.37
NG,Product-9155,344,7.12
GH,Product-9156,441,71.25
KE,Product-9157,925,46.64
ZA,Product-9158,611,88.40
MA,Product-9159,67,34.06
NG,Product-9160,176,87.41
GH,Product-9161,64,50.23
KE,Product-9162,82,70.96
ZA,Product-9163,132,85.78
MA,Product-9164,141,21.04
NG,Product-9165,516,65.99
GH,Product-9166,172,8.91
KE,Product-9167,212,62.10
ZA,Product-9168,760,59.25
MA,Product-9169,943,69.09
NG,Product-9170,15,92.34
GH,Product-9171,866,51.25
KE,Product-9172,967,57.25
ZA,Product-9173,11,2.52
MA,Product-9174,999,4.68
NG,Product-9175,28,93.45
GH,Product-9176,801,64.79
KE,Product-9177,799,89.52
ZA,Product-9178,837,84.76
MA,Product-9179,251,70.90
NG,Product-9180,926,9.52
GH,Product-9181,530,24.76
KE,Product-9182,777,11.21
ZA,Product-9183,575,20.45
MA,Product-9184,631,69.54
NG,Product-9185,85,20.92
GH,Product-9186,799,39.00
KE,Product-9187,924,74.93
ZA,Product-9188,771,92.38
MA,Product-9189,878,14.21
NG,Product-9190,327,76.66
GH,Product-9191,746,90.78
KE,Product-9192,970,74.81
ZA,Product-9193,325,79.25
MA,Product-9194,91,60.88
NG,Product-9195,755,67.23
GH,Product-9196,984,39.25
KE,Product-9197,781,58.12
ZA,Product-9198,502,35.47
MA,Product-9199,631,43.68
NG,Product-9200,955,40.64
GH,Product-9201,687,7.40
KE,Product-9202,417,0.85
ZA,Product-9203,969,43.73
MA,Product-9204,186,34.88
NG,Product-9205,486,62.99
GH,Product-9206,145,68.60
KE,Product-9207,175,5.20
ZA,Product-9208,288,23.64
MA,Product-9209,99,89.32
NG,Product-9210,491,92.12
GH,Product-9211,323,41.02
KE,Product-9212,290,2.13
ZA,Product-9213,961,29.72
MA,Product-9214,410,42.29
NG,Product-9215,841,44.72
GH,Product-9216,917,89.93
KE,Product-9217,496,17.95
ZA,Product-9218,470,59.46
MA,Product-9219,237,88.31
NG,Product-9220,588,49.50
GH,Product-9221,106,11.11
KE,Product-9222,428,40.10
ZA,Product-9223,830,79.93
MA,Product-9224,455,26.74
NG,Product-9225,897,60.69
GH,Product-9226,965,71.61
KE,Product-9227,865,34.87
ZA,Product-9228,629,9.45
MA,Product-9229,261,22.48
NG,Product-9230,333,42.65
GH,Product-9231,76,68.49
KE,Product-9232,263,82.19
ZA,Product-9233,165,36.38
MA,Product-9234,772,57.11
NG,Product-9235,145,45.42
GH,Product-9236,143,48.94
KE,Product-9237,391,78.15
ZA,Product-9238,909,14.10
MA,Product-9239,57,17.90
NG,Product-9240,368,38.33
GH,Product-9241,10,86.86
KE,Product-9242,770,46.85
ZA,Product-9243,528,64.02
MA,Product-9244,107,31.84
NG,Product-9245,995,5.61
GH,Product-9246,161,40.18
KE,Product-9247,167,23.78
ZA,Product-9248,201,53.26
MA,Product-9249,954,17.44
NG,Product-9250,424,75.50
GH,Product-9251,702,18.35
KE,Product-9252,857,80.90
ZA,Product-9253,133,62.50
MA,Product-9254,69,80.78
NG,Product-9255,993,38.65
GH,Product-9256,88,65.63
KE,Product-9257,146,69.71
ZA,Product-9258,519,68.82
MA,Product-9259,903,73.60
NG,Product-9260,41,36.65
GH,Product-9261,593,92.80
KE,Product-9262,60,20.04
ZA,Product-9263,229,28.37
MA,Product-9264,132,72.59
NG,Product-9265,17,98.04
GH,Product-9266,833,12.71
KE,Product-9267,78,24.58
ZA,Product-9268,56,0.72
MA,Product-9269,545,8.16
NG,Product-9270,9,97.79
GH,Product-9271,2,96.25
KE,Product-9272,170,2.31
ZA,Product-9273,670,8.50
MA,Product-9274,629,20.29
NG,Product-9275,506,93.74
GH,Product-9276,111,26.44
KE,Product-9277,572,65.66
ZA,Product-9278,99,77.57
MA,Product-9279,678,63.43
NG,Product-9280,962,67.88
GH,Product-9281,147,31.43
KE,Product-9282,985,92.69
ZA,Product-9283,144,84.55
MA,Product-9284,15,91.64
NG,Product-9285,98,53.55
GH,Product-9286,822,46.69
KE,Product-9287,174,73.35
ZA,Product-9288,391,58.86
MA,Product-9289,516,62.87
NG,Product-9290,625,8.44
GH,Product-9291,306,54.18
KE,Product-9292,152,93.63
ZA,Product-9293,568,32.54
MA,Product-9294,900,64.24
NG,Product-9295,848,17.27
GH,Product-9296,87,84.61
KE,Product-9297,348,13.97
ZA,Product-9298,505,72.44
MA,Product-9299,45,68.87
NG,Product-9300,228,10.75
GH,Product-9301,33,92.22
KE,Product-9302,228,60.83
ZA,Product-9303,201,16.77
MA,Product-9304,989,2.10
NG,Product-9305,109,21.00
GH,Product-9306,319,99.42
KE,Product-9307,317,36.27
ZA,Product-9308,446,21.63
MA,Product-9309,380,94.30
NG,Product-9310,200,53.29
GH,Product-9311,958,76.47
KE,Product-9312,219,58.65
ZA,Product-9313,368,99.33
MA,Product-9314,838,69.99
NG,Product-9315,827,77.49
GH,Product-9316,422,55.48
KE,Product-9317,228,87.21
ZA,Product-9318,594,85.65
MA,Product-9319,974,67.11
NG,Product-9320,961,62.11
GH,Product-9321,108,56.42
KE,Product-9322,367,82.83
ZA,Product-9323,398,3.21
MA,Product-9324,286,13.81
NG,Product-9325,138,52.87
GH,Product-9326,747,57.90
KE,Product-9327,374,72.58
ZA,Product-9328,119,18.45
MA,Product-9329,249,48.59
NG,Product-9330,934,35.19
GH,Product-9331,469,85.70
KE,Product-9332,360,16.02
ZA,Product-9333,304,72.73
MA,Product-9334,126,76.53
NG,Product-9335,569,12.57
GH,Product-9336,248,89.67
KE,Product-9337,484,34.42
ZA,Product-9338,715,89.44
MA,Product-9339,946,7.04
NG,Product-9340,456,75.03
GH,Product-9341,778,3.57
KE,Product-9342,229,8.44
ZA,Product-9343,554,23.15
MA,Product-9344,665,25.63
NG,Product-9345,483,18.89
GH,Product-9346,728,76.06
KE,Product-9347,696,26.48
ZA,Product-9348,601,98.17
MA,Product-9349,717,76.01
NG,Product-9350,605,49.64
GH,Product-9351,69,85.16
KE,Product-9352,345,10.93
ZA,Product-9353,316,51.41
MA,Product-9354,607,51.18
NG,Product-9355,595,31.18
GH,Product-9356,799,71.73
KE,Product-9357,757,87.60
ZA,Product-9358,625,39.77
MA,Product-9359,857,60.67
NG,Product-9360,880,73.26
GH,Product-9361,879,90.13
KE,Product-9362,915,99.52
ZA,Product-9363,894,12.71
MA,Product-9364,755,96.57
NG,Product-9365,432,54.65
GH,Product-9366,80,19.08
KE,Product-9367,28,72.11
ZA,Product-9368,493,61.11
MA,Product-9369,500,33.37
NG,Product-9370,260,12.08
GH,Product-9371,304,72.32
KE,Product-9372,25,26.95
ZA,Product-9373,313,43.95
MA,Product-9374,610,79.51
NG,Product-9375,879,20.45
GH,Product-9376,251,52.79
KE,Product-9377,83,16.48
ZA,Product-9378,467,66.63
MA,Product-9379,617,64.87
NG,Product-9380,471,79.78
GH,Product-9381,179,62.31
KE,Product-9382,899,84.06
ZA,Product-9383,233,24.46
MA,Product-9384,547,70.81
NG,Product-9385,317,29.38
GH,Product-9386,23,60.91
KE,Product-9387,42,64.63
ZA,Product-9388,688,42.93
MA,Product-9389,138,76.77
NG,Product-9390,77,97.79
GH,Product-9391,722,54.52
KE,Product-9392,267,68.94
ZA,Product-9393,802,60.41
MA,Product-9394,497,9.97
NG,Product-9395,819,20.34
GH,Product-9396,427,4.52
KE,Product-9397,319,91.81
ZA,Product-9398,627,10.25
MA,Product-9399,516,15.25
NG,Product-9400,858,69.50
GH,Product-9401,276,24.68
KE,Product-9402,950,12.98
ZA,Product-9403,205,81.89
MA,Product-9404,904,64.01
NG,Product-9405,313,98.83
GH,Product-9406,835,88.50
KE,Product-9407,774,8.97
ZA,Product-9408,852,1.43
MA,Product-9409,149,50.72
NG,Product-9410,145,52.88
GH,Product-9411,835,20.53
KE,Product-9412,531,55.17
ZA,Product-9413,557,76.39
MA,Product-9414,276,92.25
NG,Product-9415,198,20.02
GH,Product-9416,37,32.64
KE,Product-9417,87,97.30
ZA,Product-9418,308,22.21
MA,Product-9419,691,44.78
NG,Product-9420,57,24.87
GH,Product-9421,760,76.53
KE,Product-9422,305,63.91
ZA,Product-9423,895,13.25
MA,Product-9424,10,59.87
NG,Product-9425,29,98.87
GH,Product-9426,252,19.65
KE,Product-9427,997,20.13
ZA,Product-9428,150,4.88
MA,Product-9429,422,33.61
NG,Product-9430,665,16.53
GH,Product-9431,548,16.07
KE,Product-9432,612,74.58
ZA,Product-9433,557,70.02
MA,Product-9434,753,42.06
NG,Product-9435,217,30.88
GH,Product-9436,841,70.34
KE,Product-9437,285,79.07
ZA,Product-9438,24,63.13
MA,Product-9439,760,69.96
NG,Product-9440,544,34.39
GH,Product-9441,198,10.46
KE,Product-9442,193,22.55
ZA,Product-9443,201,33.68
MA,Product-9444,893,78.21
NG,Product-9445,98,79.40
GH,Product-9446,677,94.22
KE,Product-9447,26,88.94
ZA,Product-9448,298,15.73
MA,Product-9449,791,98.27
NG,Product-9450,156,29.06
GH,Product-9451,632,51.22
KE,Product-9452,970,11.19
ZA,Product-9453,391,28.50
MA,Product-9454,76,92.89
NG,Product-9455,936,91.74
GH,Product-9456,355,76.51
KE,Product-9457,183,76.01
ZA,Product-9458,634,28.08
MA,Product-9459,115,48.58
NG,Product-9460,272,77.83
GH,Product-9461,455,33.08
KE,Product-9462,192,77.38
ZA,Product-9463,585,31.81
MA,Product-9464,91,44.63
NG,Product-9465,31,75.40
GH,Product-9466,148,39.22
KE,Product-9467,885,29.75
ZA,Product-9468,307,83.58
MA,Product-9469,522,54.97
NG,Product-9470,328,60.27
GH,Product-9471,847,84.75
KE,Product-9472,580,67.13
ZA,Product-9473,173,11.71
MA,Product-9474,490,35.68
NG,Product-9475,767,42.68
GH,Product-9476,544,11.97
KE,Product-9477,122,15.33
ZA,Product-9478,832,69.18
MA,Product-9479,308,26.97
NG,Product-9480,410,89.94
GH,Product-9481,779,57.63
KE,Product-9482,468,30.25
ZA,Product-9483,320,36.73
MA,Product-9484,241,84.64
NG,Product-9485,928,83.13
GH,Product-9486,981,56.68
KE,Product-9487,694,18.29
ZA,Product-9488,608,0.31
MA,Product-9489,579,88.64
NG,Product-9490,823,92.28
GH,Product-9491,627,90.27
KE,Product-9492,787,33.77
ZA,Product-9493,97,97.08
MA,Product-9494,396,0.96
NG,Product-9495,693,97.97
GH,Product-9496,119,61.37
KE,Product-9497,371,79.49
ZA,Product-9498,944,37.06
MA,Product-9499,716,18.42
NG,Product-9500,351,3.16
GH,Product-9501,335,44.51
KE,Product-9502,367,95.87
ZA,Product-9503,901,22.23
MA,Product-9504,289,27.46
NG,Product-9505,891,19.33
GH,Product-9506,471,83.64
KE,Product-9507,80,24.35
ZA,Product-9508,193,99.74
MA,Product-9509,745,3.76
NG,Product-9510,650,42.39
GH,Product-9511,445,99.13
KE,Product-9512,258,80.10
ZA,Product-9513,702,12.81
MA,Product-9514,448,24.40
NG,Product-9515,214,6.12
GH,Product-9516,535,91.13
KE,Product-9517,416,73.19
ZA,Product-9518,576,18.16
MA,Product-9519,187,14.38
NG,Product-9520,455,88.95
GH,Product-9521,739,91.21
KE,Product-9522,865,10.02
ZA,Product-9523,629,37.31
MA,Product-9524,676,45.23
NG,Product-9525,506,28.13
GH,Product-9526,7,22.97
KE,Product-9527,422,73.90
ZA,Product-9528,936,36.76
MA,Product-9529,117,7.60
NG,Product-9530,929,24.88
GH,Product-9531,197,2.29
KE,Product-9532,334,44.94
ZA,Product-9533,806,47.25
MA,Product-9534,549,28.78
NG,Product-9535,59,38.72
GH,Product-9536,425,83.23
KE,Product-9537,268,60.15
ZA,Product-9538,991,20.46
MA,Product-9539,976,63.07
NG,Product-9540,115,36.91
GH,Product-9541,171,13.45
KE,Product-9542,925,50.73
ZA,Product-9543,559,38.49
MA,Product-9544,896,48.44
NG,Product-9545,923,46.30
GH,Product-9546,140,2.81
KE,Product-9547,962,14.86
ZA,Product-9548,695,89.78
MA,Product-9549,523,79.49
NG,Product-9550,323,1.87
GH,Product-9551,936,53.79
KE,Product-9552,449,71.76
ZA,Product-9553,554,36.76
MA,Product-9554,43,92.41
NG,Product-9555,475,64.60
GH,Product-9556,460,66.99
KE,Product-9557,753,23.45
ZA,Product-9558,900,97.45
MA,Product-9559,101,89.04
NG,Product-9560,797,73.29
GH,Product-9561,822,89.88
KE,Product-9562,399,97.70
ZA,Product-9563,105,83.34
MA,Product-9564,927,99.69
NG,Product-9565,277,58.07
GH,Product-9566,163,23.29
KE,Product-9567,698,41.51
ZA,Product-9568,91,76.49
MA,Product-9569,89,93.09
NG,Product-9570,285,82.34
GH,Product-9571,484,71.93
KE,Product-9572,431,81.02
ZA,Product-9573,103,38.70
MA,Product-9574,850,42.09
NG,Product-9575,960,22.45
GH,Product-9576,728,34.80
KE,Product-9577,447,66.50
ZA,Product-9578,246,33.16
MA,Product-9579,867,92.91
NG,Product-9580,836,12.91
GH,Product-9581,257,10.18
KE,Product-9582,449,46.09
ZA,Product-9583,944,12.46
MA,Product-9584,686,3.88
NG,Product-9585,737,51.67
GH,Product-9586,102,91.31
KE,Product-9587,332,56.10
ZA,Product-9588,700,30.61
MA,Product-9589,222,75.64
NG,Product-9590,794,88.97
GH,Product-9591,685,85.52
KE,Product-9592,158,72.58
ZA,Product-9593,15,64.40
MA,Product-9594,347,48.13
NG,Product-9595,732,57.06
GH,Product-9596,850,50.52
KE,Product-9597,270,73.42
ZA,Product-9598,313,65.11
MA,Product-9599,97,77.40
NG,Product-9600,191,20.79
GH,Product-9601,159,40.86
KE,Product-9602,554,84.25
ZA,Product-9603,287,21.74
MA,Product-9604,653,94.35
NG,Product-9605,281,6.54
GH,Product-9606,568,71.91
KE,Product-9607,688,29.14
ZA,Product-9608,504,79.81
MA,Product-9609,173,76.48
NG,Product-9610,803,13.20
GH,Product-9611,871,4.60
KE,Product-9612,237,43.66
ZA,Product-9613,575,30.86
MA,Product-9614,443,34.39
NG,Product-9615,369,55.93
GH,Product-9616,412,90.24
KE,Product-9617,673,91.38
ZA,Product-9618,937,8.88
MA,Product-9619,424,39.69
NG,Product-9620,988,31.02
GH,Product-9621,137,7.10
KE,Product-9622,863,22.12
ZA,Product-9623,913,88.86
MA,Product-9624,630,79.87
NG,Product-9625,787,15.57
GH,Product-9626,690,81.81
KE,Product-9627,357,19.93
ZA,Product-9628,37,76.02
MA,Product-9629,299,71.51
NG,Product-9630,589,62.81
GH,Product-9631,780,7.06
KE,Product-9632,7,16.20
ZA,Product-9633,758,39.44
MA,Product-9634,138,59.59
NG,Product-9635,211,79.65
GH,Product-9636,718,85.43
KE,Product-9637,220,26.49
ZA,Product-9638,882,16.39
MA,Product-9639,670,91.08
NG,Product-9640,177,22.74
GH,Product-9641,510,3.21
KE,Product-9642,83,55.60
ZA,Product-9643,260,20.28
MA,Product-9644,612,86.38
NG,Product-9645,608,40.71
GH,Product-9646,303,85.87
KE,Product-9647,746,50.03
ZA,Product-9648,945,94.40
MA,Product-9649,211,36.67
NG,Product-9650,362,80.81
GH,Product-9651,427,52.58
KE,Product-9652,962,60.03
ZA,Product-9653,880,99.17
MA,Product-9654,884,33.66
NG,Product-9655,219,23.99
GH,Product-9656,726,82.85
KE,Product-9657,281,57.75
ZA,Product-9658,76,54.08
MA,Product-9659,824,12.83
NG,Product-9660,349,28.66
GH,Product-9661,492,3.97
KE,Product-9662,613,85.66
ZA,Product-9663,299,5.61
MA,Product-9664,541,23.07
NG,Product-9665,800,84.35
GH,Product-9666,954,53.29
KE,Product-9667,841,58.21
ZA,Product-9668,148,10.22
MA,Product-9669,508,10.69
NG,Product-9670,893,97.59
GH,Product-9671,107,14.45
KE,Product-9672,118,95.10
ZA,Product-9673,258,31.08
MA,Product-9674,481,29.75
NG,Product-9675,869,27.93
GH,Product-9676,99,80.61
KE,Product-9677,721,70.22
ZA,Product-9678,298,88.25
MA,Product-9679,28,31.42
NG,Product-9680,850,55.05
GH,Product-9681,356,79.46
KE,Product-9682,348,27.90
ZA,Product-9683,609,5.56
MA,Product-9684,430,92.31
NG,Product-9685,223,18.52
GH,Product-9686,544,3.16
KE,Product-9687,956,20.78
ZA,Product-9688,749,47.82
MA,Product-9689,845,31.25
NG,Product-9690,205,36.08
GH,Product-9691,357,82.37
KE,Product-9692,185,28.31
ZA,Product-9693,2,13.25
MA,Product-9694,904,35.02
NG,Product-9695,754,33.06
GH,Product-9696,277,48.56
KE,Product-9697,266,22.28
ZA,Product-9698,511,67.71
MA,Product-9699,937,57.95
NG,Product-9700,457,85.11
GH,Product-9701,446,14.77
KE,Product-9702,502,62.99
ZA,Product-9703,764,28.03
MA,Product-9704,105,0.78
NG,Product-9705,615,95.89
GH,Product-9706,414,81.38
KE,Product-9707,330,20.83
ZA,Product-9708,366,76.59
MA,Product-9709,123,6.15
NG,Product-9710,624,57.35
GH,Product-9711,881,9.69
KE,Product-9712,957,62.65
ZA,Product-9713,130,11.89
MA,Product-9714,706,64.88
NG,Product-9715,117,11.45
GH,Product-9716,211,96.69
KE,Product-9717,772,29.24
ZA,Product-9718,729,26.82
MA,Product-9719,833,10.67
NG,Product-9720,327,1.59
GH,Product-9721,188,48.30
KE,Product-9722,359,19.02
ZA,Product-9723,428,48.96
MA,Product-9724,409,53.68
NG,Product-9725,675,69.55
GH,Product-9726,555,13.29
KE,Product-9727,502,44.78
ZA,Product-9728,256,14.58
MA,Product-9729,278,72.57
NG,Product-9730,211,21.69
GH,Product-9731,782,42.47
KE,Product-9732,156,90.68
ZA,Product-9733,934,60.13
MA,Product-9734,988,55.74
NG,Product-9735,610,2.48
GH,Product-9736,907,39.99
KE,Product-9737,547,95.33
ZA,Product-9738,686,74.05
MA,Product-9739,788,75.39
NG,Product-9740,486,43.64
GH,Product-9741,826,15.93
KE,Product-9742,815,44.19
ZA,Product-9743,631,40.53
MA,Product-9744,138,0.87
NG,Product-9745,367,25.93
GH,Product-9746,742,15.17
KE,Product-9747,938,57.46
ZA,Product-9748,757,94.41
MA,Product-9749,644,29.25
NG,Product-9750,249,91.00
GH,Product-9751,216,92.69
KE,Product-9752,205,5.07
ZA,Product-9753,934,43.20
MA,Product-9754,818,86.18
NG,Product-9755,718,67.69
GH,Product-9756,64,95.33
KE,Product-9757,390,90.61
ZA,Product-9758,698,60.26
MA,Product-9759,439,8.03
NG,Product-9760,217,27.29
GH,Product-9761,710,47.59
KE,Product-9762,794,61.14
ZA,Product-9763,787,65.22
MA,Product-9764,752,62.04
NG,Product-9765,90,65.81
GH,Product-9766,453,15.73
KE,Product-9767,305,71.72
ZA,Product-9768,166,35.88
MA,Product-9769,624,56.11
NG,Product-9770,552,67.89
GH,Product-9771,452,62.03
KE,Product-9772,212,27.19
ZA,Product-9773,452,26.84
MA,Product-9774,66,68.24
NG,Product-9775,340,40.28
GH,Product-9776,224,11.27
KE,Product-9777,196,59.13
ZA,Product-9778,187,76.39
MA,Product-9779,144,44.14
NG,Product-9780,696,69.99
GH,Product-9781,552,37.89
KE,Product-9782,759,46.83
ZA,Product-9783,592,26.16
MA,Product-9784,329,90.07
NG,Product-9785,488,31.24
GH,Product-9786,285,91.67
KE,Product-9787,854,40.39
ZA,Product-9788,972,18.72
MA,Product-9789,4,0.26
NG,Product-9790,535,14.78
GH,Product-9791,685,66.64
KE,Product-9792,385,9.94
ZA,Product-9793,944,40.10
MA,Product-9794,52,82.40
NG,Product-9795,278,52.14
GH,Product-9796,172,21.42
KE,Product-9797,761,25.36
ZA,Product-9798,682,12.60
MA,Product-9799,765,71.68
NG,Product-9800,409,99.78
GH,Product-9801,490,71.66
KE,Product-9802,486,70.55
ZA,Product-9803,377,4.79
MA,Product-9804,854,16.10
NG,Product-9805,835,26.56
GH,Product-9806,214,53.35
KE,Product-9807,656,40.02
ZA,Product-9808,312,1.72
MA,Product-9809,444,42.70
NG,Product-9810,83,40.42
GH,Product-9811,91,45.96
KE,Product-9812,425,0.44
ZA,Product-9813,556,3.48
MA,Product-9814,746,98.93
NG,Product-9815,531,77.73
GH,Product-9816,456,40.30
KE,Product-9817,371,47.72
ZA,Product-9818,565,92.11
MA,Product-9819,796,47.22
NG,Product-9820,917,0.96
GH,Product-9821,73,36.68
KE,Product-9822,929,17.23
ZA,Product-9823,656,38.82
MA,Product-9824,608,7.27
NG,Product-9825,494,4.00
GH,Product-9826,363,45.01
KE,Product-9827,37,27.64
ZA,Product-9828,818,9.38
MA,Product-9829,805,77.54
NG,Product-9830,679,98.40
GH,Product-9831,272,8.63
KE,Product-9832,863,20.35
ZA,Product-9833,399,86.52
MA,Product-9834,511,55.70
NG,Product-9835,419,29.49
GH,Product-9836,374,13.20
KE,Product-9837,814,72.59
ZA,Product-9838,824,30.76
MA,Product-9839,559,7.24
NG,Product-9840,440,25.76
GH,Product-9841,592,76.68
KE,Product-9842,105,4.35
ZA,Product-9843,334,69.12
MA,Product-9844,689,10.64
NG,Product-9845,592,69.71
GH,Product-9846,666,40.49
KE,Product-9847,164,48.83
ZA,Product-9848,123,66.90
MA,Product-9849,101,42.92
NG,Product-9850,24,64.80
GH,Product-9851,263,42.52
KE,Product-9852,292,4.36
ZA,Product-9853,466,29.37
MA,Product-9854,660,70.23
NG,Product-9855,396,25.51
GH,Product-9856,881,82.33
KE,Product-9857,851,14.56
ZA,Product-9858,140,36.33
MA,Product-9859,697,98.85
NG,Product-9860,512,46.19
GH,Product-9861,411,91.99
KE,Product-9862,630,99.32
ZA,Product-9863,561,91.74
MA,Product-9864,717,80.84
NG,Product-9865,691,90.75
GH,Product-9866,911,83.03
KE,Product-9867,207,71.31
ZA,Product-9868,10,66.47
MA,Product-9869,617,16.98
NG,Product-9870,414,28.85
GH,Product-9871,277,19.11
KE,Product-9872,394,90.44
ZA,Product-9873,678,56.70
MA,Product-9874,147,89.22
NG,Product-9875,441,77.78
GH,Product-9876,34,9.28
KE,Product-9877,554,42.07
ZA,Product-9878,6,1.94
MA,Product-9879,878,12.49
NG,Product-9880,423,31.55
GH,Product-9881,15,75.81
KE,Product-9882,620,76.11
ZA,Product-9883,368,85.19
MA,Product-9884,122,0.12
NG,Product-9885,99,88.51
GH,Product-9886,310,61.13
KE,Product-9887,442,23.09
ZA,Product-9888,185,10.42
MA,Product-9889,34,15.21
NG,Product-9890,702,26.26
GH,Product-9891,53,5.12
KE,Product-9892,951,86.78
ZA,Product-9893,963,86.14
MA,Product-9894,434,21.58
NG,Product-9895,131,92.45
GH,Product-9896,48,40.70
KE,Product-9897,572,53.13
ZA,Product-9898,303,88.90
MA,Product-9899,793,57.07
NG,Product-9900,403,85.80
GH,Product-9901,616,58.50
KE,Product-9902,286,63.52
ZA,Product-9903,930,54.48
MA,Product-9904,960,13.20
NG,Product-9905,807,76.31
GH,Product-9906,282,37.01
KE,Product-9907,325,98.84
ZA,Product-9908,536,36.67
MA,Product-9909,214,19.22
NG,Product-9910,944,32.26
GH,Product-9911,292,21.80
KE,Product-9912,240,67.86
ZA,Product-9913,261,79.14
MA,Product-9914,277,55.86
NG,Product-9915,469,43.68
GH,Product-9916,925,30.51
KE,Product-9917,662,46.72
ZA,Product-9918,40,81.81
MA,Product-9919,784,62.81
NG,Product-9920,753,59.62
GH,Product-9921,617,10.16
KE,Product-9922,724,79.09
ZA,Product-9923,273,15.33
MA,Product-9924,995,32.79
NG,Product-9925,340,61.86
GH,Product-9926,593,66.89
KE,Product-9927,660,5.59
ZA,Product-9928,12,3.48
MA,Product-9929,102,30.81
NG,Product-9930,909,59.45
GH,Product-9931,908,35.78
KE,Product-9932,736,25.81
ZA,Product-9933,283,12.02
MA,Product-9934,440,28.58
NG,Product-9935,260,91.32
GH,Product-9936,348,23.52
KE,Product-9937,368,15.97
ZA,Product-9938,402,79.78
MA,Product-9939,580,36.77
NG,Product-9940,63,37.38
GH,Product-9941,909,53.24
KE,Product-9942,712,34.71
ZA,Product-9943,419,42.08
MA,Product-9944,659,94.12
NG,Product-9945,582,34.33
GH,Product-9946,411,87.54
KE,Product-9947,948,82.15
ZA,Product-9948,328,44.53
MA,Product-9949,214,76.09
NG,Product-9950,650,60.86
GH,Product-9951,216,31.17
KE,Product-9952,86,69.80
ZA,Product-9953,456,77.90
MA,Product-9954,680,59.21
NG,Product-9955,450,8.72
GH,Product-9956,112,39.93
KE,Product-9957,97,94.06
ZA,Product-9958,124,44.28
MA,Product-9959,768,73.38
NG,Product-9960,237,42.24
GH,Product-9961,553,73.00
KE,Product-9962,496,64.96
ZA,Product-9963,453,51.37
MA,Product-9964,343,37.21
NG,Product-9965,112,68.48
GH,Product-9966,903,26.79
KE,Product-9967,900,35.34
ZA,Product-9968,774,5.46
MA,Product-9969,295,45.18
NG,Product-9970,713,43.02
GH,Product-9971,967,69.38
KE,Product-9972,161,89.33
ZA,Product-9973,540,43.65
MA,Product-9974,462,17.65
NG,Product-9975,538,78.61
GH,Product-9976,781,79.79
KE,Product-9977,870,70.41
ZA,Product-9978,104,3.06
MA,Product-9979,574,55.40
NG,Product-9980,463,35.44
GH,Product-9981,272,87.17
KE,Product-9982,546,26.23
ZA,Product-9983,463,73.01
MA,Product-9984,674,19.42
NG,Product-9985,10,3.94
GH,Product-9986,172,89.41
KE,Product-9987,499,4.62
ZA,Product-9988,656,82.48
MA,Product-9989,322,49.18
NG,Product-9990,992,94.47
GH,Product-9991,670,38.50
KE,Product-9992,893,4.47
ZA,Product-9993,34,86.10
MA,Product-9994,229,93.63
NG,Product-9995,178,0.86
GH,Product-9996,295,29.31
KE,Product-9997,149,2.71
ZA,Product-9998,722,84.53
MA,Product-9999,81,46.65