country,product,quantity,price
GH,product-1,35,68.60
NG,product-2,641,64.15
KE,product-3,880,93.45
NG,product-4,373,2.02
ZA,product-5,482,49.43
GH,product-6,70,17.68
KE,product-7,710,57.93
NG,product-8,730,21.72
GH,product-9,741,44.03
KE,product-10,136,41.88
NG,product-11,713,38.68
NG,product-12,496,51.07
NG,product-13,408,31.94
GH,product-14,544,76.42
ZA,product-15,118,31.87
NG,product-16,884,95.04
KE,product-17,542,12.12
GH,product-18,374,54.34
NG,product-19,969,48.34
KE,product-20,937,55.68
ZA,product-21,545,12.84
ZA,product-22,536,30.49
KE,product-23,515,81.05
GH,product-24,740,51.73
GH,product-25,405,78.62
MA,product-26,717,31.31
MA,product-27,116,11.76
MA,product-28,167,36.77
KE,product-29,436,1.10
KE,product-30,992,67.05
ZA,product-31,633,64.34
KE,product-32,121,84.73
KE,product-33,292,36.99
ZA,product-34,973,23.24
NG,product-35,163,51.95
MA,product-36,699,23.07
GH,product-37,458,27.11
GH,product-38,414,71.14
NG,product-39,442,40.28
GH,product-40,354,83.20
KE,product-41,92,20.27
KE,product-42,455,15.05
KE,product-43,92,99.27
KE,product-44,876,86.48
NG,product-45,526,93.06
GH,product-46,354,85.44
KE,product-47,922,40.40
MA,product-48,198,85.13
ZA,product-49,438,41.74
GH,product-50,51,40.92
KE,product-51,219,17.76
MA,product-52,13,22.07
GH,product-53,739,15.30
ZA,product-54,974,58.80
MA,product-55,774,14.78
ZA,product-56,798,47.13
KE,product-57,634,2.30
KE,product-58,643,92.37
GH,product-59,880,51.64
NG,product-60,893,91.09
ZA,product-61,205,69.67
MA,product-62,129,6.05
KE,product-63,73,14.50
GH,product-64,234,45.56
KE,product-65,285,35.26
KE,product-66,305,74.19
ZA,product-67,834,59.97
ZA,product-68,4,59.81
GH,product-69,799,6.95
GH,product-70,670,35.57
ZA,product-71,575,83.44
KE,product-72,731,33.77
ZA,product-73,418,29.28
NG,product-74,743,9.30
KE,product-75,440,82.59
GH,product-76,230,1.77
ZA,product-77,154,25.74
NG,product-78,193,9.93
ZA,product-79,981,2.65
NG,product-80,964,20.14
NG,product-81,690,31.59
MA,product-82,329,2.51
KE,product-83,708,13.03
GH,product-84,907,71.40
KE,product-85,30,95.35
MA,product-86,784,72.01
MA,product-87,689,75.75
MA,product-88,473,24.10
GH,product-89,696,13.83
ZA,product-90,808,11.84
GH,product-91,637,21.56
KE,product-92,309,73.37
GH,product-93,283,64.16
ZA,product-94,118,67.19
KE,product-95,947,26.93
KE,product-96,221,79.02
KE,product-97,107,24.92
NG,product-98,980,16.12
KE,product-99,818,31.21
KE,product-100,415,81.91
NG,product-101,550,64.52
NG,product-102,745,98.98
NG,product-103,915,82.25
GH,product-104,107,66.15
NG,product-105,155,5.58
GH,product-106,52,89.55
KE,product-107,695,68.56
ZA,product-108,355,10.68
MA,product-109,386,27.79
GH,product-110,12,41.64
MA,product-111,238,80.15
NG,product-112,910,80.35
ZA,product-113,711,26.25
ZA,product-114,489,47.08
NG,product-115,963,4.69
GH,product-116,887,14.64
GH,product-117,384,19.70
GH,product-118,103,31.90
KE,product-119,344,24.57
ZA,product-120,580,46.01
GH,product-121,7,10.72
KE,product-122,153,37.18
NG,product-123,871,31.14
ZA,product-124,514,81.43
MA,product-125,710,38.01
ZA,product-126,575,34.52
MA,product-127,460,69.49
GH,product-128,202,62.15
KE,product-129,822,93.78
GH,product-130,198,32.56
ZA,product-131,561,59.84
MA,product-132,727,27.16
MA,product-133,18,48.48
KE,product-134,708,59.21
MA,product-135,929,23.54
NG,product-136,920,16.92
KE,product-137,138,72.07
KE,product-138,162,46.50
NG,product-139,755,43.60
KE,product-140,497,20.76
KE,product-141,63,69.97
ZA,product-142,498,2.21
MA,product-143,927,25.60
ZA,product-144,77,29.02
KE,product-145,241,49.36
MA,product-146,623,23.98
NG,product-147,683,3.88
MA,product-148,506,24.43
GH,product-149,533,14.56
ZA,product-150,886,33.34
GH,product-151,789,5.92
ZA,product-152,795,65.48
MA,product-153,663,4.74
MA,product-154,979,87.71
KE,product-155,633,82.05
KE,product-156,495,40.26
MA,product-157,775,36.80
MA,product-158,968,84.50
KE,product-159,701,13.78
ZA,product-160,954,70.33
ZA,product-161,401,85.59
NG,product-162,14,33.36
NG,product-163,991,45.85
NG,product-164,766,53.53
ZA,product-165,683,6.21
KE,product-166,673,77.19
NG,product-167,215,17.62
MA,product-168,497,97.30
GH,product-169,349,9.44
KE,product-170,158,52.77
ZA,product-171,220,26.79
KE,product-172,516,31.01
NG,product-173,170,90.04
ZA,product-174,11,55.29
ZA,product-175,634,46.38
GH,product-176,888,93.23
NG,product-177,127,97.08
ZA,product-178,231,50.31
NG,product-179,501,24.92
GH,product-180,474,4.46
NG,product-181,897,41.86
MA,product-182,823,7.31
ZA,product-183,500,14.69
NG,product-184,580,53.99
KE,product-185,595,42.56
KE,product-186,361,38.21
NG,product-187,381,15.70
KE,product-188,937,86.27
NG,product-189,562,34.68
KE,product-190,727,9.20
MA,product-191,582,68.12
ZA,product-192,515,90.24
ZA,product-193,670,58.57
ZA,product-194,427,50.42
ZA,product-195,443,42.28
GH,product-196,165,67.54
ZA,product-197,801,53.96
NG,product-198,681,77.04
NG,product-199,561,33.01
GH,product-200,438,14.65
KE,product-201,903,77.49
MA,product-202,987,61.72
NG,product-203,614,7.41
NG,product-204,637,25.89
MA,product-205,214,44.21
KE,product-206,548,13.16
ZA,product-207,839,58.87
MA,product-208,657,89.39
MA,product-209,124,15.16
NG,product-210,481,30.55
KE,product-211,107,33.63
MA,product-212,201,90.82
NG,product-213,724,7.44
NG,product-214,822,97.29
GH,product-215,147,14.04
MA,product-216,172,54.37
GH,product-217,589,31.39
NG,product-218,956,53.12
ZA,product-219,248,98.39
GH,product-220,169,71.13
GH,product-221,256,85.97
MA,product-222,684,11.68
ZA,product-223,732,57.98
ZA,product-224,560,91.59
NG,product-225,503,47.84
KE,product-226,634,66.70
GH,product-227,232,44.19
GH,product-228,782,5.69
KE,product-229,18,55.99
MA,product-230,809,79.49
KE,product-231,257,94.00
MA,product-232,646,10.79
MA,product-233,891,87.03
NG,product-234,752,63.72
GH,product-235,453,22.30
MA,product-236,710,66.11
NG,product-237,162,58.40
KE,product-238,371,23.60
KE,product-239,564,1.89
MA,product-240,702,20.53
MA,product-241,3,14.31
ZA,product-242,410,15.88
KE,product-243,928,12.93
MA,product-244,419,63.85
KE,product-245,772,23.34
GH,product-246,982,48.46
GH,product-247,686,50.24
KE,product-248,81,95.85
NG,product-249,81,80.17
KE,product-250,574,13.46
ZA,product-251,915,66.80
KE,product-252,705,39.49
ZA,product-253,979,45.16
GH,product-254,948,62.70
MA,product-255,512,22.56
ZA,product-256,400,41.34
MA,product-257,975,1.86
GH,product-258,754,41.49
ZA,product-259,772,11.28
NG,product-260,313,95.00
MA,product-261,33,92.82
NG,product-262,487,12.73
NG,product-263,388,86.68
GH,product-264,876,69.28
GH,product-265,363,30.88
ZA,product-266,286,35.67
ZA,product-267,327,23.36
ZA,product-268,134,34.53
ZA,product-269,532,1.21
NG,product-270,570,39.70
NG,product-271,640,45.15
MA,product-272,433,29.83
ZA,product-273,326,93.02
ZA,product-274,783,46.40
KE,product-275,479,5.37
MA,product-276,596,54.17
KE,product-277,67,92.21
NG,product-278,303,31.87
ZA,product-279,485,19.92
KE,product-280,288,55.02
ZA,product-281,730,40.18
GH,product-282,101,29.09
MA,product-283,474,28.46
GH,product-284,189,33.02
KE,product-285,693,59.14
GH,product-286,109,91.86
KE,product-287,680,96.58
KE,product-288,731,28.16
KE,product-289,743,85.48
NG,product-290,634,24.80
GH,product-291,282,34.46
NG,product-292,539,5.86
NG,product-293,391,20.94
GH,product-294,441,29.75
GH,product-295,948,84.25
ZA,product-296,633,44.59
MA,product-297,892,75.93
KE,product-298,969,52.14
NG,product-299,563,68.92
MA,product-300,59,94.81
ZA,product-301,40,12.89
ZA,product-302,19,35.24
MA,product-303,502,33.30
NG,product-304,375,8.00
ZA,product-305,316,82.57
NG,product-306,142,97.76
MA,product-307,980,31.38
ZA,product-308,270,71.53
GH,product-309,618,60.16
MA,product-310,383,87.19
MA,product-311,177,41.78
KE,product-312,380,17.89
ZA,product-313,596,88.74
ZA,product-314,951,20.73
GH,product-315,347,82.13
GH,product-316,358,85.02
GH,product-317,767,67.17
MA,product-318,960,3.85
NG,product-319,772,11.51
ZA,product-320,782,36.10
MA,product-321,47,6.85
MA,product-322,77,76.00
MA,product-323,752,75.78
KE,product-324,755,34.20
NG,product-325,265,74.49
ZA,product-326,100,27.59
KE,product-327,671,83.20
NG,product-328,538,21.30
KE,product-329,160,7.74
ZA,product-330,942,69.46
MA,product-331,851,29.65
NG,product-332,22,55.91
MA,product-333,566,6.29
KE,product-334,649,69.40
NG,product-335,858,93.28
NG,product-336,371,76.62
MA,product-337,617,33.99
NG,product-338,357,42.73
NG,product-339,397,98.34
MA,product-340,840,83.61
KE,product-341,517,79.78
MA,product-342,801,6.92
KE,product-343,871,50.46
MA,product-344,937,2.20
ZA,product-345,315,48.49
NG,product-346,820,23.85
ZA,product-347,773,86.79
NG,product-348,309,74.56
ZA,product-349,439,22.60
ZA,product-350,422,88.58
ZA,product-351,696,57.16
NG,product-352,799,20.70
NG,product-353,312,65.78
NG,product-354,190,88.14
MA,product-355,850,47.20
NG,product-356,46,76.08
NG,product-357,845,80.64
ZA,product-358,13,11.24
KE,product-359,826,85.18
MA,product-360,712,27.33
KE,product-361,952,51.37
ZA,product-362,212,84.94
KE,product-363,716,62.87
MA,product-364,175,59.12
GH,product-365,306,20.66
KE,product-366,198,50.97
GH,product-367,701,56.46
MA,product-368,647,63.24
MA,product-369,857,38.82
GH,product-370,229,56.49
MA,product-371,105,26.62
MA,product-372,252,27.08
MA,product-373,119,47.38
ZA,product-374,184,47.93
MA,product-375,466,50.62
MA,product-376,416,6.29
MA,product-377,79,58.75
KE,product-378,848,80.18
GH,product-379,573,12.07
KE,product-380,895,62.45
NG,product-381,556,47.62
KE,product-382,772,34.03
KE,product-383,280,3.88
KE,product-384,779,46.15
MA,product-385,939,3.84
GH,product-386,241,43.40
ZA,product-387,580,55.03
NG,product-388,777,60.81
KE,product-389,162,95.36
GH,product-390,75,11.71
ZA,product-391,957,43.22
MA,product-392,815,58.15
KE,product-393,433,19.50
MA,product-394,3,93.64
GH,product-395,258,76.34
GH,product-396,274,26.93
KE,product-397,409,82.04
NG,product-398,76,86.39
KE,product-399,240,13.49
KE,product-400,86,22.41
ZA,product-401,225,22.70
GH,product-402,752,86.16
GH,product-403,368,79.45
GH,product-404,606,36.24
KE,product-405,843,0.60
MA,product-406,46,12.99
ZA,product-407,303,7.03
MA,product-408,603,25.36
MA,product-409,516,19.56
ZA,product-410,75,54.79
ZA,product-411,21,87.77
KE,product-412,286,4.00
GH,product-413,412,71.65
GH,product-414,817,94.83
GH,product-415,837,58.80
NG,product-416,756,21.68
MA,product-417,489,61.12
ZA,product-418,398,3.11
GH,product-419,885,26.92
GH,product-420,607,29.49
NG,product-421,451,75.33
GH,product-422,329,99.70
NG,product-423,929,1.51
MA,product-424,461,33.50
GH,product-425,195,88.32
ZA,product-426,358,1.05
NG,product-427,123,25.38
GH,product-428,218,95.46
KE,product-429,741,11.75
GH,product-430,294,62.44
MA,product-431,913,21.14
ZA,product-432,451,46.90
MA,product-433,619,84.13
ZA,product-434,47,50.16
GH,product-435,132,8.30
GH,product-436,266,96.96
GH,product-437,480,18.47
KE,product-438,404,76.39
NG,product-439,874,36.30
KE,product-440,766,73.04
GH,product-441,818,94.77
NG,product-442,939,6.00
GH,product-443,187,46.83
GH,product-444,612,85.16
GH,product-445,753,57.84
NG,product-446,813,20.37
KE,product-447,81,11.19
ZA,product-448,749,53.48
KE,product-449,727,84.12
ZA,product-450,653,97.35
MA,product-451,452,75.28
ZA,product-452,94,31.29
NG,product-453,902,68.25
KE,product-454,657,97.06
MA,product-455,392,46.36
NG,product-456,240,86.63
ZA,product-457,238,88.45
KE,product-458,338,94.18
ZA,product-459,38,95.46
ZA,product-460,749,1.27
MA,product-461,418,54.07
NG,product-462,712,84.16
KE,product-463,68,1.26
ZA,product-464,244,40.21
MA,product-465,214,78.32
KE,product-466,880,25.39
ZA,product-467,930,60.73
MA,product-468,689,37.58
KE,product-469,432,36.01
GH,product-470,363,56.97
NG,product-471,32,54.49
ZA,product-472,674,54.83
MA,product-473,761,46.11
MA,product-474,358,77.85
ZA,product-475,244,1.92
MA,product-476,46,39.01
ZA,product-477,105,71.84
ZA,product-478,827,55.60
NG,product-479,271,16.98
MA,product-480,737,63.65
KE,product-481,655,49.88
MA,product-482,633,39.61
GH,product-483,52,93.38
NG,product-484,766,52.51
MA,product-485,660,75.11
ZA,product-486,102,37.25
GH,product-487,847,51.75
KE,product-488,162,46.47
KE,product-489,510,38.11
GH,product-490,75,0.52
NG,product-491,216,8.98
GH,product-492,534,30.99
KE,product-493,181,38.93
MA,product-494,675,61.55
NG,product-495,899,51.71
ZA,product-496,955,73.57
NG,product-497,625,75.76
KE,product-498,296,9.47
KE,product-499,825,88.13
KE,product-500,317,15.71
NG,product-501,298,73.11
ZA,product-502,760,0.31
GH,product-503,541,93.82
NG,product-504,194,49.60
ZA,product-505,653,83.45
MA,product-506,454,39.28
NG,product-507,80,59.47
KE,product-508,990,15.66
NG,product-509,322,99.63
NG,product-510,123,32.38
GH,product-511,651,77.74
KE,product-512,283,40.69
ZA,product-513,511,15.55
ZA,product-514,501,73.26
GH,product-515,924,69.84
MA,product-516,396,0.23
NG,product-517,169,41.57
KE,product-518,50,74.18
NG,product-519,257,99.43
GH,product-520,638,74.39
KE,product-521,821,73.90
KE,product-522,716,72.20
MA,product-523,779,17.49
KE,product-524,682,87.40
KE,product-525,349,29.63
KE,product-526,127,34.33
MA,product-527,931,99.93
GH,product-528,798,38.29
MA,product-529,225,81.17
KE,product-530,184,9.04
GH,product-531,594,25.62
ZA,product-532,207,1.74
MA,product-533,255,74.84
ZA,product-534,365,64.61
MA,product-535,161,6.37
MA,product-536,945,96.54
NG,product-537,679,82.40
KE,product-538,422,28.50
KE,product-539,192,87.05
GH,product-540,199,94.85
MA,product-541,854,5.89
NG,product-542,167,65.39
MA,product-543,447,31.28
GH,product-544,151,79.46
GH,product-545,63,21.27
GH,product-546,884,39.44
MA,product-547,130,28.38
GH,product-548,409,55.06
KE,product-549,783,59.60
ZA,product-550,716,78.69
NG,product-551,464,5.09
KE,product-552,842,75.22
GH,product-553,253,27.23
KE,product-554,439,97.91
GH,product-555,241,16.76
ZA,product-556,870,63.71
KE,product-557,802,26.08
KE,product-558,932,86.58
GH,product-559,141,60.70
GH,product-560,152,65.05
ZA,product-561,699,23.34
GH,product-562,961,38.36
ZA,product-563,920,41.17
ZA,product-564,177,33.90
NG,product-565,721,57.93
NG,product-566,741,0.69
MA,product-567,728,60.00
NG,product-568,139,66.36
ZA,product-569,251,52.78
KE,product-570,281,35.86
NG,product-571,410,42.21
MA,product-572,847,7.45
GH,product-573,613,95.19
KE,product-574,0,79.73
ZA,product-575,41,51.75
ZA,product-576,826,87.71
KE,product-577,892,88.17
KE,product-578,883,98.21
ZA,product-579,261,74.59
KE,product-580,627,32.38
GH,product-581,735,83.96
NG,product-582,785,6.04
ZA,product-583,762,12.88
KE,product-584,508,5.13
MA,product-585,37,69.71
ZA,product-586,369,69.44
ZA,product-587,540,78.61
NG,product-588,883,80.96
ZA,product-589,267,43.74
NG,product-590,298,62.59
ZA,product-591,129,36.56
MA,product-592,777,26.99
MA,product-593,607,46.92
NG,product-594,657,98.10
ZA,product-595,0,52.53
ZA,product-596,819,32.11
GH,product-597,208,86.25
ZA,product-598,850,49.63
ZA,product-599,840,98.92
MA,product-600,806,18.90
GH,product-601,299,14.44
KE,product-602,816,83.20
MA,product-603,1,54.05
MA,product-604,677,86.46
GH,product-605,357,74.20
GH,product-606,191,95.22
NG,product-607,607,87.70
GH,product-608,37,76.86
ZA,product-609,739,79.02
NG,product-610,284,85.39
NG,product-611,994,3.99
KE,product-612,362,70.04
ZA,product-613,244,55.86
MA,product-614,454,57.37
ZA,product-615,951,28.72
KE,product-616,567,76.75
GH,product-617,886,6.45
GH,product-618,91,19.44
MA,product-619,992,62.62
NG,product-620,841,20.80
GH,product-621,675,86.67
MA,product-622,181,58.00
NG,product-623,690,9.24
KE,product-624,484,61.28
MA,product-625,572,48.90
KE,product-626,241,64.89
ZA,product-627,516,53.97
KE,product-628,187,85.29
MA,product-629,217,46.64
ZA,product-630,35,5.50
KE,product-631,401,0.40
MA,product-632,784,87.11
NG,product-633,237,54.39
ZA,product-634,277,84.45
ZA,product-635,797,19.97
ZA,product-636,734,8.40
NG,product-637,956,64.80
MA,product-638,524,71.82
NG,product-639,855,42.15
KE,product-640,51,61.20
GH,product-641,681,5.92
MA,product-642,206,36.64
NG,product-643,93,71.82
GH,product-644,95,42.54
KE,product-645,859,1.69
KE,product-646,665,49.79
GH,product-647,382,48.90
GH,product-648,888,37.16
KE,product-649,167,44.21
NG,product-650,185,1.79
MA,product-651,625,7.45
MA,product-652,258,90.42
GH,product-653,976,57.10
ZA,product-654,757,83.80
GH,product-655,462,21.65
ZA,product-656,32,43.83
MA,product-657,331,30.64
NG,product-658,757,17.50
MA,product-659,400,1.22
KE,product-660,695,61.65
KE,product-661,831,78.79
ZA,product-662,299,58.52
ZA,product-663,791,84.84
NG,product-664,259,7.17
KE,product-665,905,19.04
KE,product-666,746,66.44
ZA,product-667,282,41.30
GH,product-668,565,82.67
MA,product-669,452,90.34
ZA,product-670,665,85.04
GH,product-671,343,96.23
KE,product-672,338,88.88
ZA,product-673,996,35.16
MA,product-674,711,55.41
ZA,product-675,526,13.62
KE,product-676,675,31.27
ZA,product-677,492,95.09
NG,product-678,792,22.42
GH,product-679,623,36.36
GH,product-680,560,12.18
GH,product-681,64,22.31
ZA,product-682,602,64.90
NG,product-683,714,79.05
ZA,product-684,336,62.18
ZA,product-685,357,9.54
ZA,product-686,464,4.61
GH,product-687,325,2.94
ZA,product-688,929,89.24
ZA,product-689,770,63.77
NG,product-690,343,95.77
KE,product-691,687,97.45
GH,product-692,239,79.74
ZA,product-693,5,89.87
GH,product-694,778,68.17
KE,product-695,40,11.72
KE,product-696,560,76.80
KE,product-697,837,56.66
NG,product-698,895,10.96
KE,product-699,187,95.56
NG,product-700,638,53.56
KE,product-701,441,36.12
NG,product-702,897,41.27
NG,product-703,458,74.92
NG,product-704,221,55.81
MA,product-705,959,82.54
ZA,product-706,257,38.10
ZA,product-707,229,18.66
MA,product-708,667,57.74
GH,product-709,637,39.34
NG,product-710,965,78.18
KE,product-711,465,62.32
MA,product-712,744,97.29
GH,product-713,220,55.81
GH,product-714,690,12.91
NG,product-715,582,7.29
ZA,product-716,259,10.80
KE,product-717,558,69.78
KE,product-718,717,51.02
MA,product-719,635,49.31
GH,product-720,737,71.36
ZA,product-721,589,60.33
GH,product-722,478,54.70
MA,product-723,310,41.71
GH,product-724,906,43.35
MA,product-725,64,3.99
ZA,product-726,932,11.85
GH,product-727,219,19.87
ZA,product-728,230,56.87
KE,product-729,562,99.06
KE,product-730,114,5.93
MA,product-731,66,34.15
NG,product-732,110,60.70
NG,product-733,436,77.57
KE,product-734,556,50.47
GH,product-735,182,5.28
ZA,product-736,126,40.19
GH,product-737,469,28.57
NG,product-738,578,65.75
MA,product-739,364,54.51
NG,product-740,114,1.42
NG,product-741,530,31.52
GH,product-742,710,61.80
NG,product-743,862,92.58
KE,product-744,465,41.82
NG,product-745,707,60.52
KE,product-746,311,77.68
MA,product-747,319,2.26
MA,product-748,196,81.56
ZA,product-749,545,88.07
ZA,product-750,725,67.68
KE,product-751,699,72.25
ZA,product-752,371,37.72
ZA,product-753,679,90.52
GH,product-754,973,91.78
MA,product-755,714,49.53
NG,product-756,912,9.62
GH,product-757,503,98.89
MA,product-758,231,26.31
MA,product-759,981,47.23
MA,product-760,242,6.87
MA,product-761,884,39.65
ZA,product-762,550,31.95
NG,product-763,480,37.42
NG,product-764,72,78.44
GH,product-765,902,70.05
ZA,product-766,795,90.44
MA,product-767,75,5.41
MA,product-768,34,70.29
NG,product-769,649,20.31
ZA,product-770,329,96.06
MA,product-771,280,39.26
ZA,product-772,571,22.39
MA,product-773,830,95.80
KE,product-774,257,56.47
NG,product-775,992,50.19
GH,product-776,117,7.06
GH,product-777,465,94.98
MA,product-778,733,50.89
KE,product-779,323,23.28
KE,product-780,645,60.87
MA,product-781,321,47.52
ZA,product-782,333,13.42
NG,product-783,624,51.24
ZA,product-784,134,74.82
NG,product-785,572,94.92
GH,product-786,310,33.38
MA,product-787,403,2.03
GH,product-788,396,39.55
NG,product-789,117,16.67
MA,product-790,244,91.90
MA,product-791,633,10.63
KE,product-792,234,87.90
MA,product-793,680,26.75
NG,product-794,951,46.67
KE,product-795,15,13.73
ZA,product-796,780,77.58
KE,product-797,103,97.13
KE,product-798,944,63.40
NG,product-799,892,28.51
KE,product-800,899,80.68
MA,product-801,425,3.25
NG,product-802,121,25.52
ZA,product-803,879,64.84
NG,product-804,340,14.10
ZA,product-805,798,24.13
MA,product-806,979,80.34
KE,product-807,412,67.88
GH,product-808,882,38.68
GH,product-809,299,31.47
MA,product-810,364,67.66
ZA,product-811,767,20.24
ZA,product-812,542,98.32
KE,product-813,345,16.38
ZA,product-814,850,74.71
KE,product-815,399,22.26
GH,product-816,218,92.55
ZA,product-817,962,66.78
MA,product-818,479,76.82
MA,product-819,521,77.42
GH,product-820,60,7.58
MA,product-821,44,56.87
NG,product-822,106,44.42
GH,product-823,485,39.67
ZA,product-824,776,74.26
NG,product-825,935,89.91
NG,product-826,110,27.94
NG,product-827,456,35.98
NG,product-828,174,5.05
NG,product-829,840,84.00
ZA,product-830,341,46.05
ZA,product-831,539,91.15
ZA,product-832,167,97.19
GH,product-833,567,8.63
GH,product-834,533,46.50
KE,product-835,116,3.75
GH,product-836,986,26.61
KE,product-837,143,89.55
KE,product-838,828,7.86
GH,product-839,835,97.22
MA,product-840,668,92.93
NG,product-841,654,81.96
NG,product-842,803,11.50
KE,product-843,679,89.21
GH,product-844,888,51.97
GH,product-845,786,51.30
ZA,product-846,243,41.50
ZA,product-847,463,6.48
KE,product-848,848,85.33
GH,product-849,337,53.97
ZA,product-850,338,89.76
ZA,product-851,338,97.89
NG,product-852,652,26.84
KE,product-853,112,17.36
ZA,product-854,930,54.73
ZA,product-855,191,89.91
ZA,product-856,139,6.96
KE,product-857,225,20.92
ZA,product-858,544,51.66
KE,product-859,999,50.42
NG,product-860,662,51.87
ZA,product-861,512,4.67
GH,product-862,950,91.91
ZA,product-863,226,67.89
MA,product-864,76,44.16
MA,product-865,422,88.42
NG,product-866,117,63.83
ZA,product-867,130,86.90
MA,product-868,29,3.61
NG,product-869,468,8.15
NG,product-870,745,16.09
ZA,product-871,915,53.74
NG,product-872,627,75.13
ZA,product-873,995,47.41
GH,product-874,378,36.94
NG,product-875,717,66.92
ZA,product-876,57,89.00
MA,product-877,637,98.18
NG,product-878,349,75.41
GH,product-879,932,53.10
NG,product-880,199,19.91
ZA,product-881,142,63.50
KE,product-882,244,65.13
NG,product-883,962,66.12
NG,product-884,543,95.09
MA,product-885,57,89.44
NG,product-886,393,38.32
MA,product-887,858,75.34
MA,product-888,736,97.50
MA,product-889,262,43.85
GH,product-890,216,81.95
ZA,product-891,812,46.91
MA,product-892,981,97.47
NG,product-893,877,37.70
GH,product-894,391,83.70
ZA,product-895,42,24.99
NG,product-896,272,14.42
MA,product-897,226,81.06
KE,product-898,715,73.75
MA,product-899,161,87.84
MA,product-900,326,64.65
ZA,product-901,594,78.82
ZA,product-902,727,70.52
KE,product-903,66,46.76
MA,product-904,853,75.97
MA,product-905,445,53.19
NG,product-906,644,14.97
NG,product-907,462,9.38
KE,product-908,993,30.17
ZA,product-909,303,31.41
KE,product-910,775,70.70
KE,product-911,456,27.99
ZA,product-912,82,88.65
ZA,product-913,877,76.94
GH,product-914,698,64.78
NG,product-915,620,59.13
KE,product-916,694,25.85
GH,product-917,547,22.50
ZA,product-918,534,88.56
NG,product-919,377,79.53
KE,product-920,628,80.10
KE,product-921,750,58.94
NG,product-922,668,76.80
ZA,product-923,153,24.69
GH,product-924,283,50.79
MA,product-925,767,70.55
GH,product-926,590,84.92
GH,product-927,103,84.44
KE,product-928,324,1.83
GH,product-929,171,19.94
GH,product-930,589,75.70
KE,product-931,474,18.11
GH,product-932,967,10.93
NG,product-933,148,2.65
ZA,product-934,927,60.51
KE,product-935,357,49.00
KE,product-936,130,2.14
GH,product-937,423,5.83
ZA,product-938,997,7.33
KE,product-939,730,7.21
GH,product-940,287,85.76
KE,product-941,577,94.04
GH,product-942,602,76.17
KE,product-943,39,18.14
NG,product-944,350,71.55
KE,product-945,32,49.57
KE,product-946,97,53.95
NG,product-947,213,53.48
GH,product-948,688,68.49
GH,product-949,758,91.89
NG,product-950,130,10.21
KE,product-951,394,35.57
MA,product-952,269,32.50
GH,product-953,458,48.62
KE,product-954,493,55.55
ZA,product-955,29,63.46
ZA,product-956,545,87.65
KE,product-957,196,19.23
ZA,product-958,468,74.71
MA,product-959,558,69.40
GH,product-960,9,11.81
GH,product-961,673,72.81
ZA,product-962,322,3.45
NG,product-963,838,30.27
MA,product-964,155,37.62
GH,product-965,512,15.35
GH,product-966,876,93.86
NG,product-967,174,59.75
GH,product-968,964,68.21
GH,product-969,563,61.26
NG,product-970,677,43.60
NG,product-971,627,10.79
NG,product-972,469,32.27
GH,product-973,320,82.81
MA,product-974,668,25.39
NG,product-975,848,48.49
ZA,product-976,123,41.57
KE,product-977,496,32.22
ZA,product-978,65,27.73
NG,product-979,830,17.33
GH,product-980,579,61.21
GH,product-981,484,6.23
MA,product-982,521,74.05
ZA,product-983,147,10.55
MA,product-984,768,83.84
MA,product-985,933,48.36
KE,product-986,197,6.95
GH,product-987,126,0.46
KE,product-988,359,73.25
KE,product-989,634,51.55
MA,product-990,552,92.48
ZA,product-991,241,14.63
GH,product-992,598,7.21
NG,product-993,933,43.42
ZA,product-994,295,38.04
NG,product-995,195,62.46
KE,product-996,522,84.56
KE,product-997,88,21.57
MA,product-998,929,59.57
KE,product-999,991,60.79
ZA,product-1000,313,43.55
ZA,product-1001,193,48.35
NG,product-1002,644,89.70
GH,product-1003,325,42.89
ZA,product-1004,539,94.56
MA,product-1005,113,24.09
GH,product-1006,185,7.92
ZA,product-1007,788,33.60
KE,product-1008,416,56.84
KE,product-1009,87,34.85
ZA,product-1010,486,94.05
ZA,product-1011,824,35.16
MA,product-1012,313,25.86
MA,product-1013,682,29.45
KE,product-1014,50,58.04
NG,product-1015,524,52.82
NG,product-1016,335,0.73
KE,product-1017,508,19.16
MA,product-1018,475,89.49
MA,product-1019,217,49.32
GH,product-1020,845,47.80
NG,product-1021,691,0.93
GH,product-1022,660,24.14
KE,product-1023,168,3.48
MA,product-1024,836,61.92
KE,product-1025,412,83.58
NG,product-1026,443,39.43
MA,product-1027,837,39.64
KE,product-1028,169,81.09
MA,product-1029,810,8.97
NG,product-1030,293,39.75
GH,product-1031,552,52.61
MA,product-1032,744,17.19
MA,product-1033,92,14.33
MA,product-1034,214,98.49
MA,product-1035,916,25.52
GH,product-1036,891,45.17
KE,product-1037,842,97.76
NG,product-1038,407,90.38
KE,product-1039,580,71.60
KE,product-1040,720,23.80
NG,product-1041,884,53.01
ZA,product-1042,31,23.37
NG,product-1043,732,8.50
MA,product-1044,135,82.04
NG,product-1045,626,95.82
MA,product-1046,608,9.57
ZA,product-1047,3,96.71
GH,product-1048,550,93.76
KE,product-1049,902,54.09
GH,product-1050,19,54.38
ZA,product-1051,659,61.95
ZA,product-1052,523,8.35
NG,product-1053,471,48.13
ZA,product-1054,868,64.17
ZA,product-1055,648,30.90
MA,product-1056,974,6.07
MA,product-1057,582,16.11
NG,product-1058,926,76.06
NG,product-1059,678,38.63
GH,product-1060,379,67.73
ZA,product-1061,778,19.30
KE,product-1062,758,81.42
KE,product-1063,414,96.53
KE,product-1064,572,38.53
GH,product-1065,137,25.25
KE,product-1066,597,31.03
GH,product-1067,575,76.58
MA,product-1068,11,2.81
ZA,product-1069,725,94.94
MA,product-1070,636,22.76
KE,product-1071,522,82.57
NG,product-1072,192,56.75
MA,product-1073,607,62.43
NG,product-1074,845,30.74
MA,product-1075,491,39.44
NG,product-1076,991,43.20
GH,product-1077,846,81.96
KE,product-1078,315,87.98
GH,product-1079,278,55.54
ZA,product-1080,998,91.69
NG,product-1081,885,1.49
KE,product-1082,331,32.20
GH,product-1083,365,52.73
GH,product-1084,452,5.12
ZA,product-1085,294,45.12
GH,product-1086,748,9.87
KE,product-1087,314,90.79
ZA,product-1088,261,47.07
NG,product-1089,373,86.49
ZA,product-1090,309,54.44
NG,product-1091,553,93.55
GH,product-1092,270,25.36
KE,product-1093,384,2.65
NG,product-1094,44,41.43
MA,product-1095,94,5.37
NG,product-1096,849,98.33
NG,product-1097,44,69.84
NG,product-1098,196,35.02
ZA,product-1099,602,61.84
GH,product-1100,548,65.70
GH,product-1101,632,71.97
KE,product-1102,386,69.00
ZA,product-1103,322,37.73
KE,product-1104,263,0.63
KE,product-1105,161,54.96
GH,product-1106,483,68.53
MA,product-1107,468,46.61
MA,product-1108,86,41.05
ZA,product-1109,248,41.40
MA,product-1110,121,56.73
KE,product-1111,103,88.73
KE,product-1112,507,66.71
MA,product-1113,289,7.57
ZA,product-1114,173,71.97
NG,product-1115,627,90.81
ZA,product-1116,463,88.38
ZA,product-1117,126,38.04
GH,product-1118,266,86.07
MA,product-1119,271,1.64
NG,product-1120,940,19.14
NG,product-1121,277,73.67
MA,product-1122,604,93.18
GH,product-1123,957,74.83
KE,product-1124,546,3.12
GH,product-1125,614,84.49
KE,product-1126,873,29.39
MA,product-1127,470,57.05
KE,product-1128,183,25.58
ZA,product-1129,137,32.85
ZA,product-1130,319,47.24
ZA,product-1131,862,39.84
ZA,product-1132,621,23.34
NG,product-1133,987,67.08
ZA,product-1134,944,48.31
NG,product-1135,537,1.81
MA,product-1136,971,57.27
MA,product-1137,534,36.30
ZA,product-1138,828,99.48
MA,product-1139,179,64.50
ZA,product-1140,489,59.97
NG,product-1141,528,11.52
ZA,product-1142,797,65.43
ZA,product-1143,4,48.42
GH,product-1144,910,83.50
ZA,product-1145,327,66.10
MA,product-1146,449,25.03
NG,product-1147,389,1.22
ZA,product-1148,615,42.71
KE,product-1149,4,24.71
ZA,product-1150,285,75.62
MA,product-1151,420,64.50
MA,product-1152,578,17.44
GH,product-1153,637,92.01
GH,product-1154,347,71.08
ZA,product-1155,439,72.22
ZA,product-1156,176,81.05
MA,product-1157,159,43.52
MA,product-1158,556,60.48
GH,product-1159,480,55.81
KE,product-1160,413,17.66
ZA,product-1161,577,53.46
NG,product-1162,76,21.76
MA,product-1163,880,15.78
KE,product-1164,945,2.42
NG,product-1165,648,50.98
GH,product-1166,515,29.66
KE,product-1167,639,11.08
MA,product-1168,174,67.70
ZA,product-1169,553,77.21
NG,product-1170,899,67.21
KE,product-1171,70,95.85
KE,product-1172,701,66.99
KE,product-1173,262,85.05
GH,product-1174,278,84.29
ZA,product-1175,444,48.68
GH,product-1176,609,63.48
KE,product-1177,992,23.75
ZA,product-1178,942,11.17
MA,product-1179,20,67.22
MA,product-1180,717,65.47
MA,product-1181,309,41.32
GH,product-1182,619,55.30
MA,product-1183,799,11.87
ZA,product-1184,994,92.81
KE,product-1185,87,8.16
MA,product-1186,945,72.54
GH,product-1187,977,89.51
NG,product-1188,500,5.79
NG,product-1189,889,66.21
NG,product-1190,998,63.21
ZA,product-1191,416,24.16
ZA,product-1192,24,76.12
GH,product-1193,984,0.03
ZA,product-1194,91,72.13
KE,product-1195,471,26.10
NG,product-1196,876,98.76
NG,product-1197,933,73.79
NG,product-1198,487,66.72
NG,product-1199,500,47.13
GH,product-1200,350,70.44
GH,product-1201,385,10.62
MA,product-1202,19,7.96
NG,product-1203,160,68.14
KE,product-1204,276,82.05
GH,product-1205,539,89.18
KE,product-1206,158,37.46
GH,product-1207,94,53.49
ZA,product-1208,817,68.92
MA,product-1209,729,41.91
MA,product-1210,187,41.25
ZA,product-1211,353,56.83
KE,product-1212,539,9.67
ZA,product-1213,152,21.87
MA,product-1214,81,56.12
MA,product-1215,852,31.67
ZA,product-1216,375,3.24
KE,product-1217,788,25.55
KE,product-1218,412,62.15
ZA,product-1219,465,34.10
NG,product-1220,762,24.19
GH,product-1221,302,3.51
MA,product-1222,649,36.92
GH,product-1223,373,42.26
ZA,product-1224,181,22.45
ZA,product-1225,970,0.64
KE,product-1226,856,16.05
GH,product-1227,662,91.20
ZA,product-1228,114,66.91
KE,product-1229,468,11.40
GH,product-1230,493,52.53
KE,product-1231,551,61.14
MA,product-1232,199,97.11
GH,product-1233,738,88.49
ZA,product-1234,843,96.24
GH,product-1235,359,21.19
GH,product-1236,832,44.10
MA,product-1237,510,55.02
ZA,product-1238,524,87.63
ZA,product-1239,527,96.49
NG,product-1240,789,14.08
NG,product-1241,750,68.73
MA,product-1242,646,31.07
NG,product-1243,323,39.17
NG,product-1244,253,45.49
KE,product-1245,765,94.55
ZA,product-1246,679,85.87
MA,product-1247,311,42.26
ZA,product-1248,104,4.17
NG,product-1249,340,30.67
NG,product-1250,326,11.41
ZA,product-1251,638,49.67
KE,product-1252,601,59.98
KE,product-1253,599,38.34
KE,product-1254,802,84.11
ZA,product-1255,292,21.99
GH,product-1256,402,2.86
NG,product-1257,79,90.85
GH,product-1258,936,56.70
ZA,product-1259,829,37.50
KE,product-1260,390,22.91
NG,product-1261,67,45.45
NG,product-1262,46,81.72
MA,product-1263,484,56.89
GH,product-1264,735,28.78
GH,product-1265,87,0.70
MA,product-1266,91,36.05
MA,product-1267,364,74.18
GH,product-1268,810,94.06
ZA,product-1269,244,18.43
ZA,product-1270,891,13.71
GH,product-1271,926,15.27
NG,product-1272,340,89.48
MA,product-1273,320,49.12
KE,product-1274,992,35.03
KE,product-1275,716,89.33
MA,product-1276,655,25.91
MA,product-1277,317,79.73
ZA,product-1278,377,34.73
MA,product-1279,998,59.73
KE,product-1280,702,43.95
KE,product-1281,850,19.04
NG,product-1282,133,16.69
ZA,product-1283,342,28.78
KE,product-1284,145,70.84
ZA,product-1285,840,45.22
GH,product-1286,850,43.96
NG,product-1287,469,96.30
KE,product-1288,288,58.02
KE,product-1289,226,55.25
GH,product-1290,563,36.03
ZA,product-1291,296,11.68
GH,product-1292,558,90.98
ZA,product-1293,172,74.82
KE,product-1294,142,88.68
NG,product-1295,461,6.98
KE,product-1296,212,40.70
ZA,product-1297,606,86.26
MA,product-1298,33,39.98
GH,product-1299,715,26.18
NG,product-1300,733,30.99
GH,product-1301,915,44.94
MA,product-1302,97,18.63
KE,product-1303,731,31.84
MA,product-1304,545,82.44
GH,product-1305,906,11.72
GH,product-1306,953,83.62
KE,product-1307,834,14.08
GH,product-1308,654,86.98
GH,product-1309,170,36.76
ZA,product-1310,270,29.05
NG,product-1311,463,18.32
ZA,product-1312,441,6.99
NG,product-1313,206,94.16
MA,product-1314,446,89.45
ZA,product-1315,666,92.94
ZA,product-1316,786,34.45
KE,product-1317,84,91.74
MA,product-1318,858,40.46
MA,product-1319,828,98.05
GH,product-1320,261,71.86
MA,product-1321,53,11.86
MA,product-1322,217,3.33
GH,product-1323,227,92.19
KE,product-1324,787,68.24
MA,product-1325,278,2.07
GH,product-1326,302,64.80
NG,product-1327,838,58.06
GH,product-1328,563,85.70
MA,product-1329,587,46.48
NG,product-1330,350,34.02
MA,product-1331,850,25.90
GH,product-1332,878,19.91
KE,product-1333,147,11.53
ZA,product-1334,834,22.75
GH,product-1335,233,96.94
KE,product-1336,125,8.99
GH,product-1337,683,78.48
NG,product-1338,222,3.90
GH,product-1339,181,60.16
KE,product-1340,848,99.76
ZA,product-1341,50,88.16
MA,product-1342,619,80.52
KE,product-1343,962,93.15
KE,product-1344,880,43.68
NG,product-1345,227,22.45
KE,product-1346,738,59.74
ZA,product-1347,3,3.10
KE,product-1348,585,3.58
NG,product-1349,741,27.92
ZA,product-1350,705,49.36
MA,product-1351,369,41.12
ZA,product-1352,693,31.12
MA,product-1353,803,61.25
MA,product-1354,612,75.36
KE,product-1355,735,40.24
ZA,product-1356,449,25.34
GH,product-1357,14,13.20
MA,product-1358,808,12.77
MA,product-1359,692,29.49
NG,product-1360,659,71.49
GH,product-1361,387,56.88
ZA,product-1362,282,75.00
GH,product-1363,24,56.81
NG,product-1364,485,21.97
KE,product-1365,298,85.32
NG,product-1366,981,98.48
ZA,product-1367,631,11.17
KE,product-1368,65,11.14
KE,product-1369,3,64.72
MA,product-1370,827,54.33
MA,product-1371,696,78.19
GH,product-1372,338,64.99
ZA,product-1373,959,28.66
NG,product-1374,529,32.08
KE,product-1375,554,27.08
MA,product-1376,117,54.14
GH,product-1377,761,3.21
MA,product-1378,24,94.67
ZA,product-1379,478,58.24
ZA,product-1380,761,25.55
MA,product-1381,615,66.51
KE,product-1382,649,76.46
NG,product-1383,741,57.00
MA,product-1384,892,32.57
KE,product-1385,725,69.46
GH,product-1386,477,58.34
KE,product-1387,146,83.63
GH,product-1388,791,37.47
GH,product-1389,464,8.13
GH,product-1390,268,31.57
MA,product-1391,460,62.29
NG,product-1392,380,80.56
KE,product-1393,515,7.90
ZA,product-1394,650,45.16
NG,product-1395,11,24.23
NG,product-1396,42,71.83
ZA,product-1397,354,27.07
KE,product-1398,440,54.47
GH,product-1399,428,19.55
MA,product-1400,100,88.83
NG,product-1401,883,58.64
KE,product-1402,524,46.06
KE,product-1403,625,25.50
NG,product-1404,717,26.28
KE,product-1405,636,51.13
KE,product-1406,296,14.91
NG,product-1407,362,9.38
GH,product-1408,194,79.84
GH,product-1409,585,46.57
NG,product-1410,56,75.03
MA,product-1411,320,83.86
GH,product-1412,878,51.33
MA,product-1413,496,26.62
GH,product-1414,658,14.29
ZA,product-1415,154,45.41
NG,product-1416,864,23.61
ZA,product-1417,88,83.69
GH,product-1418,548,3.97
GH,product-1419,665,72.62
ZA,product-1420,726,87.90
KE,product-1421,266,25.74
GH,product-1422,315,66.86
GH,product-1423,973,95.43
NG,product-1424,851,14.54
KE,product-1425,567,71.49
ZA,product-1426,610,76.87
ZA,product-1427,853,5.92
GH,product-1428,408,69.68
MA,product-1429,28,34.93
ZA,product-1430,531,29.65
KE,product-1431,69,59.40
GH,product-1432,343,21.30
NG,product-1433,641,80.82
KE,product-1434,784,42.93
NG,product-1435,367,26.37
MA,product-1436,142,90.17
NG,product-1437,446,62.11
NG,product-1438,671,63.31
GH,product-1439,498,23.85
KE,product-1440,224,63.15
KE,product-1441,478,63.60
ZA,product-1442,20,52.68
NG,product-1443,505,62.00
KE,product-1444,561,23.77
NG,product-1445,301,67.52
GH,product-1446,278,55.69
KE,product-1447,572,85.29
MA,product-1448,705,45.06
KE,product-1449,122,19.67
NG,product-1450,158,94.01
GH,product-1451,229,77.41
GH,product-1452,590,79.40
GH,product-1453,214,0.10
KE,product-1454,170,78.74
KE,product-1455,482,30.83
MA,product-1456,681,90.50
GH,product-1457,359,50.45
KE,product-1458,928,69.56
ZA,product-1459,26,5.91
GH,product-1460,527,74.01
NG,product-1461,325,94.29
MA,product-1462,147,70.58
GH,product-1463,403,49.71
KE,product-1464,704,35.60
GH,product-1465,676,82.01
MA,product-1466,860,89.33
GH,product-1467,402,8.32
NG,product-1468,135,1.63
NG,product-1469,454,86.86
GH,product-1470,768,70.14
GH,product-1471,376,87.97
KE,product-1472,231,91.14
GH,product-1473,814,54.83
GH,product-1474,923,18.99
MA,product-1475,83,24.10
GH,product-1476,761,4.80
MA,product-1477,939,59.11
GH,product-1478,5,63.34
ZA,product-1479,372,21.96
ZA,product-1480,276,16.05
ZA,product-1481,986,97.53
NG,product-1482,317,93.48
ZA,product-1483,882,67.49
MA,product-1484,264,24.06
GH,product-1485,425,47.42
ZA,product-1486,674,88.26
GH,product-1487,720,34.30
NG,product-1488,555,95.11
KE,product-1489,849,76.91
GH,product-1490,203,13.26
MA,product-1491,901,71.26
GH,product-1492,778,23.70
GH,product-1493,295,81.00
GH,product-1494,608,56.64
GH,product-1495,808,52.79
KE,product-1496,776,0.88
NG,product-1497,118,49.78
NG,product-1498,292,71.93
ZA,product-1499,715,82.21
MA,product-1500,252,77.05
KE,product-1501,284,37.36
GH,product-1502,865,57.84
KE,product-1503,612,11.71
MA,product-1504,170,19.91
GH,product-1505,231,15.01
NG,product-1506,550,20.00
GH,product-1507,762,85.39
GH,product-1508,575,47.50
ZA,product-1509,351,72.62
ZA,product-1510,567,1.60
ZA,product-1511,506,49.99
ZA,product-1512,255,32.08
ZA,product-1513,110,13.92
MA,product-1514,541,71.36
KE,product-1515,191,13.97
MA,product-1516,668,76.92
KE,product-1517,277,81.60
ZA,product-1518,395,6.91
NG,product-1519,746,23.87
ZA,product-1520,208,73.55
KE,product-1521,827,54.24
GH,product-1522,303,58.76
MA,product-1523,470,14.71
ZA,product-1524,356,26.96
GH,product-1525,388,52.03
GH,product-1526,659,76.93
MA,product-1527,872,47.51
MA,product-1528,920,17.20
GH,product-1529,984,50.78
KE,product-1530,950,16.74
MA,product-1531,80,73.12
KE,product-1532,870,36.07
MA,product-1533,967,1.33
ZA,product-1534,411,20.07
KE,product-1535,117,82.82
ZA,product-1536,864,26.57
MA,product-1537,61,13.19
NG,product-1538,781,52.05
ZA,product-1539,756,35.23
MA,product-1540,933,72.78
GH,product-1541,866,19.37
ZA,product-1542,151,2.68
MA,product-1543,475,31.34
ZA,product-1544,477,50.42
NG,product-1545,733,9.87
MA,product-1546,524,20.01
GH,product-1547,289,35.52
GH,product-1548,754,74.97
NG,product-1549,128,81.84
GH,product-1550,459,69.84
MA,product-1551,661,18.26
ZA,product-1552,429,94.53
GH,product-1553,252,69.39
ZA,product-1554,718,15.55
ZA,product-1555,521,86.79
MA,product-1556,865,43.09
NG,product-1557,542,6.81
MA,product-1558,964,9.88
NG,product-1559,201,61.19
KE,product-1560,19,14.86
KE,product-1561,55,13.67
MA,product-1562,96,41.17
KE,product-1563,799,10.46
MA,product-1564,297,79.17
KE,product-1565,166,49.54
GH,product-1566,763,35.64
NG,product-1567,853,99.22
KE,product-1568,181,73.64
KE,product-1569,194,47.93
GH,product-1570,268,0.62
NG,product-1571,320,72.72
GH,product-1572,909,14.20
GH,product-1573,390,80.60
ZA,product-1574,221,98.27
GH,product-1575,5,24.36
ZA,product-1576,484,88.54
NG,product-1577,540,47.45
KE,product-1578,38,18.27
GH,product-1579,823,31.51
NG,product-1580,891,52.62
NG,product-1581,926,91.87
ZA,product-1582,782,61.37
ZA,product-1583,647,60.52
NG,product-1584,245,55.83
MA,product-1585,419,32.58
MA,product-1586,425,3.35
KE,product-1587,240,72.35
NG,product-1588,569,7.11
GH,product-1589,473,50.85
MA,product-1590,796,38.00
ZA,product-1591,189,88.21
GH,product-1592,925,7.26
MA,product-1593,408,91.79
KE,product-1594,810,31.73
NG,product-1595,471,64.17
GH,product-1596,692,53.71
GH,product-1597,305,17.04
GH,product-1598,754,1.86
GH,product-1599,456,38.53
KE,product-1600,143,15.46
GH,product-1601,788,67.26
NG,product-1602,677,94.71
ZA,product-1603,640,87.02
KE,product-1604,804,83.45
NG,product-1605,824,15.23
KE,product-1606,427,9.10
NG,product-1607,19,77.42
NG,product-1608,492,5.69
ZA,product-1609,617,87.29
ZA,product-1610,20,45.50
ZA,product-1611,246,42.98
KE,product-1612,66,48.84
MA,product-1613,604,88.40
KE,product-1614,629,28.90
MA,product-1615,901,38.58
GH,product-1616,563,17.73
KE,product-1617,857,9.37
ZA,product-1618,157,7.12
GH,product-1619,21,98.50
MA,product-1620,336,44.16
MA,product-1621,915,6.72
MA,product-1622,156,35.44
NG,product-1623,29,33.39
NG,product-1624,779,39.15
NG,product-1625,656,5.93
NG,product-1626,155,47.91
GH,product-1627,255,37.60
KE,product-1628,177,75.74
NG,product-1629,847,86.66
NG,product-1630,518,61.98
NG,product-1631,511,67.88
ZA,product-1632,424,12.49
GH,product-1633,208,75.81
MA,product-1634,606,96.54
MA,product-1635,669,47.17
ZA,product-1636,382,46.13
KE,product-1637,724,18.77
GH,product-1638,681,91.90
KE,product-1639,902,39.87
GH,product-1640,735,79.50
KE,product-1641,130,81.09
MA,product-1642,257,73.35
GH,product-1643,3,74.87
NG,product-1644,44,1.36
MA,product-1645,122,83.20
MA,product-1646,474,20.21
KE,product-1647,432,14.96
MA,product-1648,498,14.59
GH,product-1649,673,99.73
MA,product-1650,781,33.67
KE,product-1651,46,30.80
ZA,product-1652,406,79.65
GH,product-1653,243,69.80
ZA,product-1654,862,11.93
MA,product-1655,500,99.64
ZA,product-1656,461,8.92
ZA,product-1657,247,77.85
NG,product-1658,284,7.85
ZA,product-1659,64,44.39
GH,product-1660,279,72.92
MA,product-1661,872,51.36
KE,product-1662,961,40.37
GH,product-1663,522,53.23
KE,product-1664,744,99.75
NG,product-1665,808,82.49
ZA,product-1666,419,21.13
KE,product-1667,283,73.14
MA,product-1668,74,59.62
KE,product-1669,788,65.59
ZA,product-1670,525,19.66
NG,product-1671,10,75.84
MA,product-1672,686,24.00
GH,product-1673,382,95.59
KE,product-1674,195,30.52
ZA,product-1675,747,82.60
NG,product-1676,663,99.10
ZA,product-1677,711,60.83
KE,product-1678,675,86.30
GH,product-1679,754,49.83
GH,product-1680,832,20.07
MA,product-1681,831,36.84
NG,product-1682,85,48.18
GH,product-1683,451,89.86
NG,product-1684,926,85.84
MA,product-1685,500,68.83
ZA,product-1686,474,49.88
GH,product-1687,349,28.51
MA,product-1688,281,69.42
ZA,product-1689,966,88.43
GH,product-1690,437,2.35
GH,product-1691,379,67.46
GH,product-1692,835,58.97
KE,product-1693,925,16.26
ZA,product-1694,600,55.58
KE,product-1695,357,25.40
MA,product-1696,125,51.45
GH,product-1697,868,42.12
MA,product-1698,848,77.86
ZA,product-1699,978,24.40
KE,product-1700,41,87.00
NG,product-1701,58,92.64
GH,product-1702,303,8.54
NG,product-1703,861,36.96
ZA,product-1704,507,4.67
KE,product-1705,821,85.78
NG,product-1706,992,28.55
KE,product-1707,354,30.54
MA,product-1708,623,52.98
KE,product-1709,924,35.69
GH,product-1710,184,59.23
NG,product-1711,220,36.39
ZA,product-1712,383,73.00
NG,product-1713,78,15.67
NG,product-1714,91,86.52
KE,product-1715,813,69.91
GH,product-1716,186,23.93
NG,product-1717,384,36.73
ZA,product-1718,332,43.32
KE,product-1719,956,30.28
MA,product-1720,489,39.90
ZA,product-1721,909,20.72
KE,product-1722,687,66.13
ZA,product-1723,818,95.48
NG,product-1724,75,67.33
MA,product-1725,746,62.37
KE,product-1726,519,92.81
NG,product-1727,751,27.40
MA,product-1728,387,7.43
MA,product-1729,997,82.14
KE,product-1730,305,28.98
ZA,product-1731,308,25.77
MA,product-1732,888,77.56
NG,product-1733,986,51.33
MA,product-1734,242,38.45
GH,product-1735,693,36.55
NG,product-1736,469,89.34
ZA,product-1737,270,4.04
NG,product-1738,520,77.87
NG,product-1739,2,16.19
GH,product-1740,421,78.84
ZA,product-1741,690,4.58
ZA,product-1742,646,21.39
KE,product-1743,736,5.67
KE,product-1744,170,37.05
KE,product-1745,822,4.17
MA,product-1746,815,59.19
ZA,product-1747,449,66.89
NG,product-1748,41,76.37
MA,product-1749,471,51.02
ZA,product-1750,95,63.27
MA,product-1751,844,74.36
ZA,product-1752,917,38.90
GH,product-1753,174,98.46
MA,product-1754,598,8.30
ZA,product-1755,33,92.23
GH,product-1756,923,14.09
GH,product-1757,440,74.55
KE,product-1758,694,94.42
NG,product-1759,205,25.96
KE,product-1760,1,73.40
KE,product-1761,756,61.74
MA,product-1762,166,63.83
KE,product-1763,437,77.63
NG,product-1764,160,38.39
GH,product-1765,284,80.91
NG,product-1766,161,41.13
GH,product-1767,458,36.68
KE,product-1768,561,60.67
ZA,product-1769,562,11.48
KE,product-1770,913,94.39
ZA,product-1771,327,71.12
KE,product-1772,498,85.84
GH,product-1773,307,71.58
MA,product-1774,827,86.40
NG,product-1775,870,75.27
ZA,product-1776,169,11.19
ZA,product-1777,792,76.81
GH,product-1778,52,2.78
KE,product-1779,640,34.19
NG,product-1780,941,96.38
MA,product-1781,956,91.85
NG,product-1782,831,69.97
NG,product-1783,894,74.95
ZA,product-1784,429,17.75
KE,product-1785,32,53.06
MA,product-1786,581,86.31
KE,product-1787,906,52.84
KE,product-1788,455,56.66
NG,product-1789,877,16.10
NG,product-1790,528,73.50
GH,product-1791,557,15.11
GH,product-1792,897,64.02
KE,product-1793,753,32.37
MA,product-1794,302,6.05
MA,product-1795,291,73.11
KE,product-1796,334,42.87
MA,product-1797,751,36.20
KE,product-1798,717,30.70
MA,product-1799,679,31.98
GH,product-1800,216,53.37
GH,product-1801,395,6.21
GH,product-1802,350,62.65
NG,product-1803,240,53.10
MA,product-1804,344,27.90
GH,product-1805,132,71.77
MA,product-1806,217,13.97
GH,product-1807,182,51.16
ZA,product-1808,711,84.40
KE,product-1809,271,52.54
MA,product-1810,494,18.65
MA,product-1811,902,72.47
KE,product-1812,447,15.59
GH,product-1813,962,70.48
GH,product-1814,475,75.68
MA,product-1815,533,71.87
NG,product-1816,955,6.52
GH,product-1817,793,18.96
KE,product-1818,379,73.07
ZA,product-1819,854,62.48
GH,product-1820,144,87.36
KE,product-1821,861,68.58
NG,product-1822,664,51.71
NG,product-1823,275,21.94
ZA,product-1824,309,93.05
GH,product-1825,426,11.06
KE,product-1826,473,12.40
ZA,product-1827,240,57.85
MA,product-1828,81,82.97
KE,product-1829,38,54.82
ZA,product-1830,821,98.66
ZA,product-1831,468,98.30
ZA,product-1832,799,47.61
GH,product-1833,157,45.93
NG,product-1834,588,38.72
NG,product-1835,430,56.77
ZA,product-1836,73,36.80
NG,product-1837,861,23.09
NG,product-1838,180,76.50
GH,product-1839,951,92.17
NG,product-1840,986,49.66
MA,product-1841,451,22.76
MA,product-1842,557,90.80
ZA,product-1843,677,38.03
MA,product-1844,294,33.29
ZA,product-1845,943,4.14
ZA,product-1846,164,33.48
MA,product-1847,939,45.79
GH,product-1848,860,22.85
KE,product-1849,821,3.20
NG,product-1850,951,22.21
ZA,product-1851,789,31.06
KE,product-1852,788,35.66
KE,product-1853,995,20.22
MA,product-1854,279,61.68
GH,product-1855,144,33.00
ZA,product-1856,901,69.56
ZA,product-1857,548,10.54
KE,product-1858,682,92.48
KE,product-1859,403,44.00
KE,product-1860,491,60.59
GH,product-1861,412,77.53
MA,product-1862,357,5.25
GH,product-1863,959,51.37
ZA,product-1864,869,77.32
ZA,product-1865,507,43.44
NG,product-1866,925,77.93
NG,product-1867,256,97.74
KE,product-1868,52,97.24
NG,product-1869,391,50.47
NG,product-1870,870,21.15
GH,product-1871,78,89.71
GH,product-1872,869,96.76
MA,product-1873,86,52.91
GH,product-1874,375,29.77
ZA,product-1875,470,2.58
KE,product-1876,663,65.94
NG,product-1877,921,27.47
MA,product-1878,901,11.27
KE,product-1879,464,40.69
ZA,product-1880,126,97.82
MA,product-1881,353,20.30
KE,product-1882,322,68.50
MA,product-1883,989,61.09
ZA,product-1884,162,97.52
GH,product-1885,522,75.69
MA,product-1886,705,4.91
GH,product-1887,805,68.90
ZA,product-1888,137,93.31
MA,product-1889,654,43.75
KE,product-1890,862,8.44
ZA,product-1891,626,51.29
ZA,product-1892,473,53.50
NG,product-1893,963,0.57
KE,product-1894,851,29.16
MA,product-1895,648,87.39
KE,product-1896,174,68.67
NG,product-1897,367,63.52
MA,product-1898,345,24.79
NG,product-1899,734,81.12
MA,product-1900,883,51.47
MA,product-1901,422,22.42
KE,product-1902,386,41.77
ZA,product-1903,842,25.42
NG,product-1904,853,79.29
ZA,product-1905,973,97.69
GH,product-1906,669,54.32
NG,product-1907,708,51.24
MA,product-1908,506,73.91
GH,product-1909,497,65.87
NG,product-1910,392,79.94
MA,product-1911,839,13.79
ZA,product-1912,492,22.94
NG,product-1913,734,41.90
ZA,product-1914,558,97.78
KE,product-1915,474,41.46
GH,product-1916,452,86.12
NG,product-1917,475,73.06
MA,product-1918,399,72.62
MA,product-1919,238,71.41
ZA,product-1920,407,40.41
ZA,product-1921,636,33.21
NG,product-1922,412,55.40
NG,product-1923,367,21.16
MA,product-1924,671,29.46
GH,product-1925,198,31.11
GH,product-1926,674,7.10
KE,product-1927,821,51.26
NG,product-1928,555,7.08
KE,product-1929,934,90.61
KE,product-1930,58,65.93
MA,product-1931,735,9.61
KE,product-1932,690,55.36
ZA,product-1933,969,81.48
GH,product-1934,87,90.84
MA,product-1935,495,66.20
MA,product-1936,383,63.42
ZA,product-1937,315,11.11
GH,product-1938,703,13.06
NG,product-1939,33,61.37
GH,product-1940,382,92.28
NG,product-1941,729,64.41
KE,product-1942,494,9.71
ZA,product-1943,301,62.01
MA,product-1944,897,92.93
GH,product-1945,647,83.63
GH,product-1946,791,4.64
MA,product-1947,968,71.16
GH,product-1948,985,0.45
ZA,product-1949,442,1.93
MA,product-1950,703,46.06
GH,product-1951,38,64.03
GH,product-1952,666,9.07
MA,product-1953,421,32.17
GH,product-1954,63,65.97
MA,product-1955,901,39.77
NG,product-1956,239,42.38
MA,product-1957,842,45.10
NG,product-1958,495,0.09
NG,product-1959,277,41.48
MA,product-1960,408,57.78
ZA,product-1961,283,43.00
ZA,product-1962,950,94.45
MA,product-1963,986,39.75
KE,product-1964,3,50.88
KE,product-1965,169,41.24
ZA,product-1966,457,10.88
NG,product-1967,547,13.57
MA,product-1968,209,4.60
NG,product-1969,310,44.68
KE,product-1970,856,12.92
ZA,product-1971,767,0.76
KE,product-1972,936,61.50
MA,product-1973,945,56.93
GH,product-1974,132,64.19
GH,product-1975,796,94.02
GH,product-1976,69,95.74
KE,product-1977,153,83.77
ZA,product-1978,111,15.42
ZA,product-1979,861,67.66
MA,product-1980,127,35.90
KE,product-1981,172,70.72
NG,product-1982,657,79.19
MA,product-1983,521,55.08
MA,product-1984,981,83.45
KE,product-1985,587,55.65
MA,product-1986,760,51.45
NG,product-1987,840,15.80
MA,product-1988,438,26.59
NG,product-1989,765,53.39
NG,product-1990,903,68.66
NG,product-1991,610,25.63
KE,product-1992,822,32.86
ZA,product-1993,169,46.47
ZA,product-1994,860,3.13
MA,product-1995,486,42.18
MA,product-1996,56,35.90
GH,product-1997,779,34.35
GH,product-1998,73,16.07
MA,product-1999,699,19.69
GH,product-2000,445,0.21
NG,product-2001,784,62.08
NG,product-2002,931,34.71
GH,product-2003,838,85.89
ZA,product-2004,982,66.47
KE,product-2005,396,78.54
ZA,product-2006,30,75.85
GH,product-2007,626,72.25
GH,product-2008,669,83.60
KE,product-2009,29,77.09
MA,product-2010,78,3.68
NG,product-2011,938,29.37
NG,product-2012,251,18.99
KE,product-2013,68,17.62
NG,product-2014,299,81.11
KE,product-2015,624,3.63
GH,product-2016,649,85.34
KE,product-2017,680,94.94
KE,product-2018,662,97.65
MA,product-2019,291,48.40
GH,product-2020,673,40.67
NG,product-2021,802,66.01
MA,product-2022,963,80.49
GH,product-2023,815,27.64
ZA,product-2024,250,70.88
MA,product-2025,513,65.40
GH,product-2026,713,90.65
KE,product-2027,71,86.65
GH,product-2028,373,43.72
ZA,product-2029,505,13.70
NG,product-2030,147,38.63
KE,product-2031,715,60.07
NG,product-2032,391,73.47
KE,product-2033,367,57.92
ZA,product-2034,333,24.25
NG,product-2035,435,20.26
MA,product-2036,683,65.58
ZA,product-2037,933,86.86
GH,product-2038,113,64.66
MA,product-2039,647,80.54
KE,product-2040,40,42.74
MA,product-2041,129,62.12
GH,product-2042,187,2.53
MA,product-2043,73,26.13
GH,product-2044,799,66.74
MA,product-2045,734,50.83
KE,product-2046,534,67.50
ZA,product-2047,437,13.52
GH,product-2048,365,34.09
NG,product-2049,269,56.88
GH,product-2050,540,2.67
GH,product-2051,617,31.27
GH,product-2052,334,73.44
MA,product-2053,605,68.97
MA,product-2054,462,38.07
MA,product-2055,541,78.30
GH,product-2056,444,18.53
KE,product-2057,31,97.53
MA,product-2058,989,90.36
ZA,product-2059,863,51.56
NG,product-2060,763,18.03
MA,product-2061,906,67.27
NG,product-2062,631,64.23
GH,product-2063,650,52.03
NG,product-2064,63,58.29
KE,product-2065,805,5.68
NG,product-2066,122,97.90
MA,product-2067,251,26.62
MA,product-2068,556,24.38
GH,product-2069,554,72.80
KE,product-2070,487,62.06
NG,product-2071,369,57.31
GH,product-2072,318,91.65
KE,product-2073,640,29.39
KE,product-2074,76,10.89
NG,product-2075,847,38.15
NG,product-2076,409,20.68
NG,product-2077,873,18.96
NG,product-2078,562,95.92
KE,product-2079,476,75.57
KE,product-2080,527,17.22
NG,product-2081,185,17.70
ZA,product-2082,480,16.31
NG,product-2083,484,66.05
KE,product-2084,445,56.66
GH,product-2085,548,18.36
NG,product-2086,627,0.03
GH,product-2087,135,32.67
ZA,product-2088,935,54.75
NG,product-2089,616,4.72
NG,product-2090,533,30.53
ZA,product-2091,583,22.02
KE,product-2092,937,19.55
GH,product-2093,464,78.22
NG,product-2094,25,17.77
KE,product-2095,61,15.40
KE,product-2096,664,76.83
KE,product-2097,334,16.86
ZA,product-2098,175,71.60
MA,product-2099,155,70.84
ZA,product-2100,229,73.94
ZA,product-2101,406,97.09
NG,product-2102,545,47.09
NG,product-2103,104,14.29
GH,product-2104,421,46.34
ZA,product-2105,658,5.00
NG,product-2106,961,79.62
KE,product-2107,801,73.40
KE,product-2108,18,8.65
KE,product-2109,502,30.65
KE,product-2110,461,34.46
NG,product-2111,914,26.82
MA,product-2112,881,14.35
MA,product-2113,856,41.72
GH,product-2114,978,33.86
GH,product-2115,616,75.49
GH,product-2116,286,22.03
KE,product-2117,934,8.33
MA,product-2118,314,79.08
NG,product-2119,488,76.01
MA,product-2120,407,39.46
GH,product-2121,485,66.34
GH,product-2122,647,0.98
MA,product-2123,692,99.60
NG,product-2124,448,1.89
KE,product-2125,788,11.89
MA,product-2126,997,73.33
KE,product-2127,951,55.60
NG,product-2128,820,9.40
MA,product-2129,728,15.13
NG,product-2130,227,91.70
KE,product-2131,30,38.72
ZA,product-2132,8,16.38
MA,product-2133,792,64.67
NG,product-2134,917,5.95
KE,product-2135,598,54.51
GH,product-2136,511,41.57
KE,product-2137,75,16.87
GH,product-2138,604,72.57
NG,product-2139,174,27.18
GH,product-2140,271,54.93
KE,product-2141,172,6.31
KE,product-2142,119,17.61
KE,product-2143,223,33.00
ZA,product-2144,281,84.28
MA,product-2145,888,33.82
GH,product-2146,709,68.16
GH,product-2147,425,34.84
KE,product-2148,740,75.77
ZA,product-2149,814,0.00
NG,product-2150,245,23.77
KE,product-2151,340,7.10
KE,product-2152,724,58.92
KE,product-2153,79,57.61
ZA,product-2154,110,45.19
ZA,product-2155,295,4.56
MA,product-2156,132,47.54
MA,product-2157,442,5.58
MA,product-2158,19,45.21
ZA,product-2159,706,71.71
MA,product-2160,154,96.04
ZA,product-2161,433,48.41
ZA,product-2162,240,18.86
NG,product-2163,741,84.33
ZA,product-2164,869,34.15
KE,product-2165,222,26.91
KE,product-2166,275,56.71
GH,product-2167,255,77.95
KE,product-2168,203,88.96
GH,product-2169,418,14.03
KE,product-2170,539,84.60
MA,product-2171,76,23.71
GH,product-2172,94,11.46
ZA,product-2173,62,13.70
KE,product-2174,900,33.52
GH,product-2175,361,69.05
GH,product-2176,943,70.22
MA,product-2177,512,10.14
GH,product-2178,427,19.50
KE,product-2179,240,86.31
NG,product-2180,929,5.38
KE,product-2181,337,52.78
GH,product-2182,808,4.79
ZA,product-2183,635,82.52
ZA,product-2184,458,55.70
KE,product-2185,139,28.34
ZA,product-2186,389,23.65
NG,product-2187,720,51.73
ZA,product-2188,363,82.31
MA,product-2189,404,21.93
ZA,product-2190,770,41.77
GH,product-2191,847,95.34
NG,product-2192,568,12.39
MA,product-2193,331,48.98
MA,product-2194,384,85.26
KE,product-2195,640,74.04
MA,product-2196,967,12.88
MA,product-2197,791,90.13
GH,product-2198,740,5.53
KE,product-2199,298,89.51
MA,product-2200,203,45.71
NG,product-2201,987,29.96
ZA,product-2202,877,33.75
GH,product-2203,494,93.04
NG,product-2204,838,4.51
KE,product-2205,38,31.56
MA,product-2206,251,90.30
MA,product-2207,4,91.52
ZA,product-2208,110,97.43
ZA,product-2209,983,79.84
KE,product-2210,183,23.79
ZA,product-2211,67,97.89
KE,product-2212,845,96.57
GH,product-2213,489,52.60
GH,product-2214,557,97.48
ZA,product-2215,135,28.76
GH,product-2216,172,98.39
NG,product-2217,98,68.90
NG,product-2218,92,58.68
ZA,product-2219,684,1.33
GH,product-2220,807,30.04
MA,product-2221,93,34.66
NG,product-2222,388,14.56
KE,product-2223,752,74.22
ZA,product-2224,107,42.91
KE,product-2225,631,9.74
KE,product-2226,104,30.45
GH,product-2227,786,90.09
MA,product-2228,166,1.65
MA,product-2229,124,22.11
MA,product-2230,265,72.83
KE,product-2231,280,63.28
GH,product-2232,737,9.00
NG,product-2233,776,30.16
MA,product-2234,141,1.91
MA,product-2235,234,75.16
NG,product-2236,503,93.54
MA,product-2237,684,30.49
KE,product-2238,20,77.38
KE,product-2239,338,6.00
MA,product-2240,153,60.63
KE,product-2241,434,11.44
GH,product-2242,591,42.94
KE,product-2243,766,5.42
NG,product-2244,745,84.55
GH,product-2245,928,23.88
ZA,product-2246,158,38.27
KE,product-2247,975,28.56
NG,product-2248,970,35.59
GH,product-2249,711,63.08
MA,product-2250,475,38.95
GH,product-2251,490,24.58
KE,product-2252,533,36.97
ZA,product-2253,711,47.37
GH,product-2254,91,16.41
KE,product-2255,987,27.40
KE,product-2256,536,74.34
ZA,product-2257,875,44.19
GH,product-2258,557,20.46
MA,product-2259,919,90.10
KE,product-2260,772,90.07
NG,product-2261,363,22.88
NG,product-2262,146,38.35
ZA,product-2263,319,69.24
MA,product-2264,239,47.30
KE,product-2265,434,91.30
KE,product-2266,849,58.06
KE,product-2267,494,20.55
NG,product-2268,308,11.54
ZA,product-2269,528,68.46
GH,product-2270,371,22.77
NG,product-2271,710,65.16
GH,product-2272,132,20.69
GH,product-2273,532,61.49
GH,product-2274,192,90.31
GH,product-2275,15,81.39
KE,product-2276,837,68.10
MA,product-2277,726,13.98
ZA,product-2278,466,57.62
MA,product-2279,52,30.61
GH,product-2280,799,23.63
KE,product-2281,64,50.64
MA,product-2282,690,86.23
GH,product-2283,588,89.41
ZA,product-2284,969,44.22
NG,product-2285,783,52.18
ZA,product-2286,484,31.92
ZA,product-2287,101,22.89
KE,product-2288,305,0.25
ZA,product-2289,206,30.35
GH,product-2290,59,47.46
NG,product-2291,175,85.75
MA,product-2292,822,65.28
MA,product-2293,642,66.84
KE,product-2294,57,75.11
KE,product-2295,951,72.76
ZA,product-2296,485,37.82
ZA,product-2297,127,16.17
MA,product-2298,295,82.64
ZA,product-2299,544,15.24
ZA,product-2300,234,12.38
ZA,product-2301,191,40.38
GH,product-2302,265,68.59
MA,product-2303,495,5.57
GH,product-2304,628,92.48
ZA,product-2305,608,83.58
MA,product-2306,733,18.00
KE,product-2307,852,39.66
MA,product-2308,491,4.49
ZA,product-2309,85,12.54
ZA,product-2310,169,58.70
KE,product-2311,344,41.71
NG,product-2312,725,98.30
NG,product-2313,901,27.05
NG,product-2314,118,81.05
MA,product-2315,767,77.31
KE,product-2316,811,72.15
GH,product-2317,949,50.90
NG,product-2318,857,37.33
GH,product-2319,54,31.76
GH,product-2320,777,24.25
KE,product-2321,670,84.35
MA,product-2322,505,12.11
NG,product-2323,108,25.93
KE,product-2324,887,64.35
KE,product-2325,831,23.97
NG,product-2326,711,17.82
ZA,product-2327,186,82.60
ZA,product-2328,256,33.49
GH,product-2329,501,21.59
NG,product-2330,121,44.87
MA,product-2331,970,40.95
KE,product-2332,25,9.26
MA,product-2333,982,98.21
ZA,product-2334,74,4.51
GH,product-2335,257,61.11
GH,product-2336,197,73.59
GH,product-2337,682,40.50
ZA,product-2338,787,68.06
ZA,product-2339,465,84.16
KE,product-2340,193,4.16
MA,product-2341,998,19.97
KE,product-2342,944,30.20
NG,product-2343,934,59.64
ZA,product-2344,533,89.70
GH,product-2345,170,9.54
ZA,product-2346,524,57.41
NG,product-2347,390,59.78
GH,product-2348,819,22.13
GH,product-2349,219,23.54
ZA,product-2350,976,23.03
GH,product-2351,397,25.23
MA,product-2352,799,90.28
KE,product-2353,204,12.53
KE,product-2354,606,55.79
MA,product-2355,22,72.99
KE,product-2356,792,58.99
NG,product-2357,361,16.24
MA,product-2358,409,31.87
GH,product-2359,150,97.48
ZA,product-2360,608,6.11
ZA,product-2361,691,25.82
GH,product-2362,358,2.01
ZA,product-2363,346,56.22
MA,product-2364,50,41.98
MA,product-2365,473,17.93
KE,product-2366,454,69.57
NG,product-2367,969,71.89
NG,product-2368,563,67.05
NG,product-2369,513,99.98
KE,product-2370,230,43.70
NG,product-2371,989,80.60
GH,product-2372,978,94.02
GH,product-2373,386,75.26
GH,product-2374,299,28.52
GH,product-2375,262,25.31
KE,product-2376,575,11.36
NG,product-2377,509,88.73
ZA,product-2378,354,69.67
KE,product-2379,686,15.54
GH,product-2380,871,56.21
MA,product-2381,687,7.94
NG,product-2382,251,89.43
ZA,product-2383,809,71.81
ZA,product-2384,783,93.02
NG,product-2385,194,39.26
NG,product-2386,823,99.52
MA,product-2387,662,38.88
GH,product-2388,890,88.79
GH,product-2389,698,55.95
ZA,product-2390,983,48.24
MA,product-2391,933,94.70
KE,product-2392,32,53.34
NG,product-2393,846,41.97
GH,product-2394,237,83.39
GH,product-2395,700,8.30
NG,product-2396,904,6.41
GH,product-2397,176,14.71
MA,product-2398,14,68.52
ZA,product-2399,432,11.45
NG,product-2400,638,30.64
MA,product-2401,478,89.11
ZA,product-2402,751,99.49
KE,product-2403,830,8.31
ZA,product-2404,211,32.71
KE,product-2405,777,21.02
NG,product-2406,28,59.59
ZA,product-2407,773,54.34
ZA,product-2408,863,81.51
KE,product-2409,216,89.87
KE,product-2410,691,79.58
ZA,product-2411,115,43.38
ZA,product-2412,857,52.71
GH,product-2413,498,4.20
ZA,product-2414,283,70.11
GH,product-2415,748,58.72
GH,product-2416,779,46.50
KE,product-2417,533,11.52
MA,product-2418,283,88.29
KE,product-2419,436,18.51
GH,product-2420,302,16.27
KE,product-2421,529,94.73
GH,product-2422,197,49.83
KE,product-2423,3,65.56
KE,product-2424,475,21.82
MA,product-2425,174,21.97
GH,product-2426,714,31.22
MA,product-2427,883,77.07
MA,product-2428,679,81.49
ZA,product-2429,972,96.25
KE,product-2430,508,36.88
MA,product-2431,111,93.38
MA,product-2432,791,89.14
ZA,product-2433,999,37.32
ZA,product-2434,593,93.11
MA,product-2435,183,5.44
MA,product-2436,669,79.21
NG,product-2437,676,75.89
MA,product-2438,858,29.03
GH,product-2439,132,93.22
MA,product-2440,514,99.66
MA,product-2441,117,18.80
KE,product-2442,382,20.52
ZA,product-2443,137,21.77
NG,product-2444,598,55.10
NG,product-2445,816,87.54
ZA,product-2446,830,7.38
ZA,product-2447,722,44.91
KE,product-2448,283,77.33
ZA,product-2449,785,35.52
KE,product-2450,987,63.27
ZA,product-2451,165,35.11
MA,product-2452,92,30.39
MA,product-2453,353,12.29
ZA,product-2454,653,83.73
ZA,product-2455,338,6.78
MA,product-2456,411,95.07
GH,product-2457,83,83.24
GH,product-2458,24,49.72
MA,product-2459,905,64.18
NG,product-2460,88,96.76
NG,product-2461,347,72.26
MA,product-2462,772,43.31
MA,product-2463,722,50.68
ZA,product-2464,277,63.39
ZA,product-2465,510,52.12
ZA,product-2466,582,5.70
MA,product-2467,281,11.17
NG,product-2468,711,15.28
GH,product-2469,514,55.00
GH,product-2470,491,73.89
GH,product-2471,892,60.72
ZA,product-2472,171,81.73
GH,product-2473,873,58.40
KE,product-2474,772,1.05
ZA,product-2475,886,28.67
NG,product-2476,49,14.72
KE,product-2477,802,86.76
ZA,product-2478,998,17.89
ZA,product-2479,794,76.82
ZA,product-2480,462,67.27
KE,product-2481,170,90.75
KE,product-2482,813,62.36
ZA,product-2483,501,7.13
GH,product-2484,441,72.75
GH,product-2485,418,42.53
ZA,product-2486,498,37.60
GH,product-2487,774,81.81
ZA,product-2488,681,23.74
ZA,product-2489,155,40.80
GH,product-2490,985,58.21
MA,product-2491,217,54.33
KE,product-2492,823,84.69
KE,product-2493,600,84.51
GH,product-2494,640,21.91
KE,product-2495,147,88.45
KE,product-2496,672,10.44
GH,product-2497,389,43.03
MA,product-2498,491,42.79
KE,product-2499,29,24.17
NG,product-2500,450,95.85
KE,product-2501,206,17.80
GH,product-2502,408,25.63
KE,product-2503,786,64.39
NG,product-2504,508,22.73
MA,product-2505,60,59.27
MA,product-2506,217,45.37
MA,product-2507,264,5.74
GH,product-2508,681,76.64
ZA,product-2509,228,45.33
NG,product-2510,318,12.39
KE,product-2511,819,77.63
MA,product-2512,426,7.53
KE,product-2513,50,58.70
KE,product-2514,817,87.64
KE,product-2515,496,24.88
NG,product-2516,840,48.85
KE,product-2517,713,72.91
GH,product-2518,636,27.67
KE,product-2519,811,38.82
ZA,product-2520,801,5.16
NG,product-2521,825,87.56
GH,product-2522,349,73.12
NG,product-2523,828,55.32
KE,product-2524,904,36.37
KE,product-2525,110,45.08
GH,product-2526,202,59.69
KE,product-2527,735,93.64
NG,product-2528,531,82.32
KE,product-2529,220,23.71
NG,product-2530,716,82.51
KE,product-2531,622,79.49
KE,product-2532,765,48.89
MA,product-2533,53,24.04
ZA,product-2534,754,27.51
GH,product-2535,616,14.47
MA,product-2536,798,28.78
ZA,product-2537,803,52.70
KE,product-2538,538,8.43
KE,product-2539,941,6.68
KE,product-2540,596,58.49
MA,product-2541,800,85.73
GH,product-2542,573,83.34
MA,product-2543,953,20.77
ZA,product-2544,707,33.40
GH,product-2545,334,99.56
MA,product-2546,216,93.91
GH,product-2547,97,71.36
ZA,product-2548,59,65.12
KE,product-2549,987,40.13
MA,product-2550,459,72.30
MA,product-2551,124,66.69
MA,product-2552,216,43.97
MA,product-2553,682,0.00
KE,product-2554,678,74.83
GH,product-2555,577,64.76
MA,product-2556,448,93.98
ZA,product-2557,516,89.49
ZA,product-2558,395,63.87
GH,product-2559,81,2.45
GH,product-2560,578,70.24
NG,product-2561,427,98.89
KE,product-2562,697,99.99
ZA,product-2563,464,76.72
GH,product-2564,710,55.21
MA,product-2565,871,57.48
GH,product-2566,767,29.44
ZA,product-2567,246,91.53
KE,product-2568,374,74.61
KE,product-2569,356,9.23
ZA,product-2570,912,94.79
KE,product-2571,586,60.97
NG,product-2572,533,27.40
MA,product-2573,189,9.29
NG,product-2574,538,27.16
KE,product-2575,472,2.82
ZA,product-2576,787,52.64
MA,product-2577,956,94.55
NG,product-2578,147,14.10
NG,product-2579,652,64.78
NG,product-2580,400,95.65
GH,product-2581,747,95.60
MA,product-2582,140,71.14
MA,product-2583,342,98.80
MA,product-2584,831,88.08
NG,product-2585,798,1.64
GH,product-2586,57,61.24
GH,product-2587,908,40.00
GH,product-2588,337,73.08
MA,product-2589,590,9.21
GH,product-2590,886,53.73
KE,product-2591,180,42.72
ZA,product-2592,427,70.72
MA,product-2593,882,78.62
NG,product-2594,282,24.75
KE,product-2595,268,15.97
KE,product-2596,381,19.44
NG,product-2597,184,90.91
ZA,product-2598,9,36.05
NG,product-2599,285,39.98
GH,product-2600,150,29.17
GH,product-2601,808,90.27
GH,product-2602,852,83.72
MA,product-2603,29,19.49
KE,product-2604,37,46.41
ZA,product-2605,643,1.85
KE,product-2606,128,65.19
ZA,product-2607,405,8.52
ZA,product-2608,809,99.69
GH,product-2609,810,65.01
KE,product-2610,484,39.92
ZA,product-2611,422,13.51
ZA,product-2612,198,68.40
MA,product-2613,23,98.37
KE,product-2614,34,49.85
MA,product-2615,546,4.96
GH,product-2616,347,16.57
GH,product-2617,307,72.61
KE,product-2618,237,3.70
MA,product-2619,147,90.75
GH,product-2620,941,34.80
ZA,product-2621,560,4.93
MA,product-2622,384,11.88
ZA,product-2623,34,27.98
NG,product-2624,338,66.33
KE,product-2625,864,1.22
ZA,product-2626,661,76.56
GH,product-2627,605,74.36
KE,product-2628,997,94.35
NG,product-2629,508,99.59
MA,product-2630,152,58.54
NG,product-2631,439,43.49
MA,product-2632,971,69.50
ZA,product-2633,778,81.15
ZA,product-2634,582,59.75
MA,product-2635,558,12.94
NG,product-2636,142,71.94
NG,product-2637,524,34.14
KE,product-2638,313,89.42
GH,product-2639,172,39.47
NG,product-2640,201,95.59
NG,product-2641,379,10.16
MA,product-2642,977,87.07
KE,product-2643,625,68.38
GH,product-2644,849,36.07
MA,product-2645,653,69.20
MA,product-2646,94,71.11
MA,product-2647,499,91.53
KE,product-2648,753,82.51
NG,product-2649,53,74.00
KE,product-2650,58,17.61
MA,product-2651,938,81.40
GH,product-2652,382,12.85
MA,product-2653,597,33.89
GH,product-2654,793,7.88
NG,product-2655,379,36.45
NG,product-2656,389,26.69
ZA,product-2657,192,75.06
GH,product-2658,71,14.20
MA,product-2659,427,63.90
MA,product-2660,933,37.49
MA,product-2661,607,66.71
NG,product-2662,937,89.61
MA,product-2663,854,47.37
NG,product-2664,403,3.07
KE,product-2665,794,31.24
KE,product-2666,45,97.05
ZA,product-2667,346,91.12
ZA,product-2668,344,53.94
NG,product-2669,802,18.08
ZA,product-2670,958,85.10
NG,product-2671,287,36.27
GH,product-2672,501,71.90
NG,product-2673,951,60.50
ZA,product-2674,798,44.83
MA,product-2675,75,73.63
KE,product-2676,263,71.54
ZA,product-2677,129,65.16
KE,product-2678,360,69.61
GH,product-2679,940,99.31
NG,product-2680,660,77.39
KE,product-2681,20,37.23
KE,product-2682,939,17.62
MA,product-2683,125,84.53
KE,product-2684,46,97.72
ZA,product-2685,71,0.39
ZA,product-2686,58,92.97
KE,product-2687,925,15.72
MA,product-2688,15,39.83
MA,product-2689,876,91.08
NG,product-2690,719,4.84
NG,product-2691,458,31.20
MA,product-2692,297,30.42
ZA,product-2693,501,36.12
GH,product-2694,968,70.24
NG,product-2695,458,37.11
NG,product-2696,786,72.58
GH,product-2697,73,90.70
NG,product-2698,1,87.86
KE,product-2699,506,4.73
MA,product-2700,79,60.01
KE,product-2701,49,17.45
KE,product-2702,55,10.08
ZA,product-2703,79,78.10
MA,product-2704,216,15.26
ZA,product-2705,857,70.47
GH,product-2706,911,68.17
KE,product-2707,991,22.06
KE,product-2708,931,64.66
ZA,product-2709,375,77.10
NG,product-2710,226,17.54
MA,product-2711,482,35.51
KE,product-2712,280,91.79
NG,product-2713,833,43.00
MA,product-2714,625,60.21
KE,product-2715,607,44.92
KE,product-2716,699,58.01
KE,product-2717,248,93.47
GH,product-2718,789,18.92
ZA,product-2719,759,49.58
MA,product-2720,993,64.36
ZA,product-2721,882,97.54
KE,product-2722,702,82.42
MA,product-2723,432,12.98
NG,product-2724,131,12.16
MA,product-2725,411,54.27
KE,product-2726,22,76.99
NG,product-2727,383,22.96
NG,product-2728,193,74.42
NG,product-2729,690,93.18
NG,product-2730,541,77.64
KE,product-2731,858,13.78
MA,product-2732,379,94.96
NG,product-2733,403,24.85
KE,product-2734,920,26.28
MA,product-2735,670,26.27
GH,product-2736,913,81.15
NG,product-2737,574,45.42
MA,product-2738,913,63.75
KE,product-2739,759,53.27
MA,product-2740,399,69.09
NG,product-2741,371,33.31
NG,product-2742,328,69.97
NG,product-2743,34,54.86
GH,product-2744,109,54.95
NG,product-2745,341,41.86
MA,product-2746,314,70.54
NG,product-2747,561,46.90
KE,product-2748,952,37.90
GH,product-2749,778,51.28
NG,product-2750,0,37.04
KE,product-2751,473,20.05
KE,product-2752,362,7.67
NG,product-2753,297,61.56
NG,product-2754,383,65.17
GH,product-2755,9,74.51
NG,product-2756,351,31.98
GH,product-2757,956,5.79
KE,product-2758,499,20.19
ZA,product-2759,113,30.05
ZA,product-2760,641,10.32
NG,product-2761,725,82.49
ZA,product-2762,332,99.06
GH,product-2763,728,87.01
NG,product-2764,128,31.32
MA,product-2765,881,80.12
ZA,product-2766,801,9.75
GH,product-2767,319,6.69
ZA,product-2768,899,54.28
NG,product-2769,740,52.43
GH,product-2770,997,79.09
KE,product-2771,48,1.34
MA,product-2772,557,65.13
KE,product-2773,556,15.46
KE,product-2774,976,19.63
GH,product-2775,657,94.20
NG,product-2776,489,98.57
KE,product-2777,729,37.98
KE,product-2778,737,17.47
MA,product-2779,183,88.44
GH,product-2780,901,83.56
NG,product-2781,721,25.73
KE,product-2782,828,35.62
KE,product-2783,569,49.33
ZA,product-2784,338,48.52
ZA,product-2785,357,80.35
NG,product-2786,701,62.20
GH,product-2787,751,40.40
MA,product-2788,854,99.26
ZA,product-2789,841,80.14
MA,product-2790,549,26.19
NG,product-2791,751,57.97
NG,product-2792,949,22.52
KE,product-2793,181,12.58
MA,product-2794,89,99.74
NG,product-2795,600,2.57
KE,product-2796,387,82.45
MA,product-2797,761,36.39
ZA,product-2798,161,44.96
KE,product-2799,297,96.45
NG,product-2800,283,86.08
GH,product-2801,575,95.02
GH,product-2802,83,48.60
MA,product-2803,840,40.12
GH,product-2804,822,87.93
MA,product-2805,352,80.71
MA,product-2806,750,87.96
KE,product-2807,850,15.62
KE,product-2808,34,3.85
KE,product-2809,970,31.62
GH,product-2810,206,20.07
MA,product-2811,271,23.92
NG,product-2812,134,19.15
NG,product-2813,274,28.87
ZA,product-2814,253,30.91
GH,product-2815,713,87.29
NG,product-2816,644,52.07
MA,product-2817,172,28.89
KE,product-2818,796,24.28
GH,product-2819,462,78.81
NG,product-2820,679,45.72
KE,product-2821,262,45.93
ZA,product-2822,303,71.72
GH,product-2823,152,4.52
MA,product-2824,399,94.51
ZA,product-2825,919,95.22
MA,product-2826,436,31.60
MA,product-2827,769,93.86
KE,product-2828,591,94.66
MA,product-2829,475,66.16
ZA,product-2830,146,90.80
MA,product-2831,778,4.70
NG,product-2832,25,95.26
MA,product-2833,429,10.09
KE,product-2834,877,72.27
KE,product-2835,569,6.06
GH,product-2836,224,56.35
KE,product-2837,846,89.84
GH,product-2838,673,52.77
NG,product-2839,803,9.11
GH,product-2840,581,69.23
GH,product-2841,261,90.04
GH,product-2842,633,64.13
MA,product-2843,696,69.73
ZA,product-2844,968,72.20
MA,product-2845,180,88.96
ZA,product-2846,9,80.47
KE,product-2847,134,13.62
NG,product-2848,26,82.09
ZA,product-2849,232,2.75
NG,product-2850,669,35.11
KE,product-2851,12,15.31
MA,product-2852,47,1.59
NG,product-2853,27,35.93
MA,product-2854,915,25.75
MA,product-2855,648,52.81
GH,product-2856,17,11.50
NG,product-2857,546,65.73
ZA,product-2858,781,18.44
GH,product-2859,415,96.92
KE,product-2860,669,79.04
GH,product-2861,70,90.95
MA,product-2862,431,45.01
GH,product-2863,207,12.73
MA,product-2864,898,11.41
MA,product-2865,228,46.79
KE,product-2866,962,56.90
ZA,product-2867,823,92.55
ZA,product-2868,672,32.72
KE,product-2869,389,67.97
MA,product-2870,159,18.58
NG,product-2871,814,29.11
MA,product-2872,57,12.70
MA,product-2873,939,16.15
KE,product-2874,948,60.05
NG,product-2875,255,61.89
GH,product-2876,53,25.51
KE,product-2877,864,85.78
ZA,product-2878,764,35.77
NG,product-2879,640,6.97
KE,product-2880,554,5.46
GH,product-2881,133,58.81
KE,product-2882,712,38.62
KE,product-2883,230,30.88
KE,product-2884,439,11.11
GH,product-2885,163,93.44
MA,product-2886,996,7.16
KE,product-2887,70,14.77
ZA,product-2888,640,27.93
MA,product-2889,26,60.36
ZA,product-2890,718,45.57
KE,product-2891,440,1.66
NG,product-2892,991,12.77
KE,product-2893,855,6.76
ZA,product-2894,759,13.57
MA,product-2895,734,16.03
ZA,product-2896,411,56.72
GH,product-2897,98,9.05
NG,product-2898,276,83.62
MA,product-2899,367,38.48
KE,product-2900,405,3.30
ZA,product-2901,657,21.35
MA,product-2902,56,87.15
KE,product-2903,939,19.70
GH,product-2904,371,45.55
ZA,product-2905,85,40.18
MA,product-2906,661,80.13
MA,product-2907,987,2.36
GH,product-2908,448,19.12
ZA,product-2909,432,11.87
GH,product-2910,89,59.60
MA,product-2911,240,75.93
MA,product-2912,941,48.24
KE,product-2913,92,84.93
NG,product-2914,878,44.41
MA,product-2915,401,37.85
ZA,product-2916,360,45.35
MA,product-2917,441,65.69
MA,product-2918,686,13.37
ZA,product-2919,826,88.42
ZA,product-2920,314,74.36
ZA,product-2921,551,66.18
NG,product-2922,112,54.72
NG,product-2923,531,51.68
ZA,product-2924,686,53.63
NG,product-2925,683,20.28
MA,product-2926,618,22.16
NG,product-2927,677,76.08
GH,product-2928,554,3.26
GH,product-2929,834,23.48
MA,product-2930,807,24.19
ZA,product-2931,79,89.31
ZA,product-2932,181,85.78
ZA,product-2933,516,46.71
KE,product-2934,464,1.87
MA,product-2935,879,59.90
GH,product-2936,3,8.60
NG,product-2937,518,91.32
ZA,product-2938,772,53.64
ZA,product-2939,955,3.48
GH,product-2940,607,87.74
ZA,product-2941,828,46.17
ZA,product-2942,375,80.60
KE,product-2943,418,49.88
KE,product-2944,730,28.60
NG,product-2945,994,55.69
MA,product-2946,856,53.23
ZA,product-2947,549,74.29
NG,product-2948,176,48.06
ZA,product-2949,440,33.80
ZA,product-2950,15,46.86
ZA,product-2951,469,82.51
GH,product-2952,468,57.37
ZA,product-2953,489,82.93
GH,product-2954,687,26.35
KE,product-2955,379,3.03
ZA,product-2956,478,59.21
MA,product-2957,132,89.27
MA,product-2958,786,37.01
ZA,product-2959,52,85.18
KE,product-2960,406,19.86
GH,product-2961,185,51.57
NG,product-2962,542,26.55
KE,product-2963,955,4.15
MA,product-2964,288,28.50
NG,product-2965,710,72.95
MA,product-2966,36,91.84
MA,product-2967,821,91.81
KE,product-2968,272,78.49
MA,product-2969,131,52.18
NG,product-2970,83,83.45
KE,product-2971,132,80.22
NG,product-2972,481,19.32
GH,product-2973,652,61.23
KE,product-2974,54,32.60
MA,product-2975,447,16.39
NG,product-2976,260,18.89
ZA,product-2977,866,50.09
ZA,product-2978,333,96.15
GH,product-2979,405,84.94
KE,product-2980,772,85.88
GH,product-2981,35,18.79
KE,product-2982,26,2.16
MA,product-2983,888,68.46
KE,product-2984,801,30.14
MA,product-2985,593,86.67
KE,product-2986,456,36.93
ZA,product-2987,35,50.32
KE,product-2988,942,32.66
KE,product-2989,79,67.20
GH,product-2990,764,37.86
MA,product-2991,638,98.29
KE,product-2992,420,53.37
KE,product-2993,632,95.07
MA,product-2994,97,86.69
MA,product-2995,811,75.70
ZA,product-2996,990,29.31
NG,product-2997,619,5.60
KE,product-2998,107,56.89
GH,product-2999,428,22.30
NG,product-3000,40,26.60
ZA,product-3001,431,26.04
ZA,product-3002,821,77.41
NG,product-3003,554,78.12
GH,product-3004,509,70.36
KE,product-3005,168,0.58
GH,product-3006,653,26.36
KE,product-3007,218,16.95
GH,product-3008,38,66.90
KE,product-3009,612,13.79
GH,product-3010,746,79.66
MA,product-3011,138,9.63
NG,product-3012,256,11.98
NG,product-3013,265,57.71
GH,product-3014,460,53.96
MA,product-3015,414,12.73
MA,product-3016,12,39.74
MA,product-3017,351,1.19
GH,product-3018,609,32.56
GH,product-3019,106,13.44
MA,product-3020,402,24.24
KE,product-3021,140,46.92
GH,product-3022,29,87.84
KE,product-3023,537,38.76
NG,product-3024,132,64.63
MA,product-3025,499,40.89
NG,product-3026,754,4.55
GH,product-3027,954,60.11
NG,product-3028,602,22.99
MA,product-3029,966,64.31
ZA,product-3030,758,80.02
GH,product-3031,119,69.29
ZA,product-3032,618,78.92
GH,product-3033,408,81.57
KE,product-3034,848,49.29
NG,product-3035,201,46.64
GH,product-3036,946,20.22
KE,product-3037,689,93.90
MA,product-3038,455,35.36
KE,product-3039,284,17.54
KE,product-3040,186,9.15
ZA,product-3041,737,96.40
MA,product-3042,231,37.90
MA,product-3043,56,11.24
ZA,product-3044,463,34.09
MA,product-3045,757,51.80
KE,product-3046,548,35.86
GH,product-3047,882,90.58
MA,product-3048,286,34.70
GH,product-3049,957,93.16
GH,product-3050,990,14.43
KE,product-3051,772,93.58
ZA,product-3052,700,70.08
GH,product-3053,781,79.11
NG,product-3054,491,42.86
KE,product-3055,273,25.83
MA,product-3056,847,99.33
ZA,product-3057,288,50.38
KE,product-3058,372,91.96
GH,product-3059,282,67.39
ZA,product-3060,277,16.29
NG,product-3061,549,84.98
GH,product-3062,960,81.67
ZA,product-3063,220,12.66
KE,product-3064,67,47.90
KE,product-3065,998,91.78
KE,product-3066,987,63.98
ZA,product-3067,372,1.29
MA,product-3068,971,74.78
KE,product-3069,709,23.98
NG,product-3070,88,83.66
GH,product-3071,633,98.41
KE,product-3072,542,26.73
ZA,product-3073,173,85.76
NG,product-3074,678,10.80
NG,product-3075,645,77.52
MA,product-3076,201,75.23
ZA,product-3077,985,64.42
KE,product-3078,193,45.70
KE,product-3079,982,36.79
MA,product-3080,7,29.29
ZA,product-3081,982,71.27
GH,product-3082,252,71.73
GH,product-3083,842,8.42
NG,product-3084,387,19.92
NG,product-3085,780,35.83
GH,product-3086,458,75.47
MA,product-3087,393,27.74
KE,product-3088,942,92.44
GH,product-3089,614,32.29
KE,product-3090,456,64.15
MA,product-3091,114,73.77
MA,product-3092,490,5.62
MA,product-3093,772,79.66
MA,product-3094,920,29.18
NG,product-3095,860,73.35
MA,product-3096,707,41.06
KE,product-3097,478,78.12
ZA,product-3098,429,98.52
MA,product-3099,895,33.59
MA,product-3100,891,96.18
MA,product-3101,959,61.99
NG,product-3102,3,98.24
KE,product-3103,666,29.89
MA,product-3104,404,39.61
KE,product-3105,843,76.09
MA,product-3106,47,12.74
MA,product-3107,946,21.02
ZA,product-3108,873,73.54
MA,product-3109,665,35.78
MA,product-3110,362,61.01
NG,product-3111,995,80.61
ZA,product-3112,522,0.51
GH,product-3113,345,38.77
NG,product-3114,275,7.60
MA,product-3115,85,58.26
MA,product-3116,682,87.44
ZA,product-3117,693,44.87
GH,product-3118,887,25.43
NG,product-3119,961,70.05
GH,product-3120,957,7.18
ZA,product-3121,536,35.83
NG,product-3122,829,24.58
KE,product-3123,803,33.38
KE,product-3124,933,12.98
NG,product-3125,850,52.55
GH,product-3126,114,92.30
GH,product-3127,621,47.69
KE,product-3128,251,3.11
MA,product-3129,161,96.74
NG,product-3130,407,73.61
KE,product-3131,886,97.67
GH,product-3132,909,72.07
NG,product-3133,99,41.24
ZA,product-3134,690,97.13
GH,product-3135,876,26.01
KE,product-3136,938,75.18
MA,product-3137,28,76.16
ZA,product-3138,928,54.40
MA,product-3139,678,77.28
KE,product-3140,290,2.10
NG,product-3141,432,3.85
NG,product-3142,885,88.08
NG,product-3143,59,81.24
NG,product-3144,199,86.12
MA,product-3145,254,80.51
KE,product-3146,529,14.47
NG,product-3147,20,17.98
GH,product-3148,719,60.08
MA,product-3149,884,49.46
MA,product-3150,450,44.09
MA,product-3151,888,84.37
NG,product-3152,17,75.62
GH,product-3153,132,89.33
MA,product-3154,700,77.95
MA,product-3155,461,27.31
KE,product-3156,759,7.09
MA,product-3157,303,1.61
MA,product-3158,946,9.56
KE,product-3159,110,66.44
GH,product-3160,970,95.10
ZA,product-3161,936,24.37
ZA,product-3162,990,85.70
ZA,product-3163,649,61.69
ZA,product-3164,468,49.35
NG,product-3165,421,45.26
GH,product-3166,6,98.17
MA,product-3167,723,40.90
KE,product-3168,663,68.89
KE,product-3169,608,3.47
ZA,product-3170,209,31.15
GH,product-3171,468,36.13
NG,product-3172,653,95.14
MA,product-3173,823,37.22
MA,product-3174,918,88.41
KE,product-3175,856,38.42
KE,product-3176,207,27.15
ZA,product-3177,336,88.36
KE,product-3178,20,6.43
GH,product-3179,426,64.29
KE,product-3180,224,74.15
NG,product-3181,854,19.84
MA,product-3182,43,72.15
GH,product-3183,529,36.04
KE,product-3184,90,84.09
MA,product-3185,103,23.37
KE,product-3186,320,35.47
KE,product-3187,891,41.96
NG,product-3188,389,43.05
MA,product-3189,361,51.17
KE,product-3190,233,84.85
ZA,product-3191,832,90.21
MA,product-3192,296,21.30
ZA,product-3193,44,99.45
GH,product-3194,849,95.98
ZA,product-3195,707,67.31
NG,product-3196,578,96.83
ZA,product-3197,376,39.23
NG,product-3198,635,86.16
ZA,product-3199,432,72.80
ZA,product-3200,41,63.34
MA,product-3201,480,83.81
GH,product-3202,757,8.37
MA,product-3203,345,65.79
KE,product-3204,915,72.06
GH,product-3205,308,34.35
ZA,product-3206,817,64.60
ZA,product-3207,722,64.07
ZA,product-3208,657,37.97
NG,product-3209,988,37.57
KE,product-3210,306,59.93
ZA,product-3211,715,5.17
KE,product-3212,875,39.79
GH,product-3213,314,3.04
KE,product-3214,399,49.29
GH,product-3215,540,32.11
GH,product-3216,517,3.28
MA,product-3217,263,31.05
ZA,product-3218,528,69.01
NG,product-3219,586,52.35
NG,product-3220,264,44.03
ZA,product-3221,82,64.23
ZA,product-3222,626,78.96
NG,product-3223,596,3.83
GH,product-3224,69,73.67
GH,product-3225,963,79.98
ZA,product-3226,926,32.07
GH,product-3227,783,9.16
NG,product-3228,904,82.81
NG,product-3229,570,34.22
GH,product-3230,140,94.38
MA,product-3231,95,86.68
NG,product-3232,405,5.33
ZA,product-3233,275,41.59
MA,product-3234,532,76.76
NG,product-3235,85,20.66
GH,product-3236,547,18.44
MA,product-3237,987,76.19
NG,product-3238,306,84.11
ZA,product-3239,319,54.02
ZA,product-3240,60,40.04
MA,product-3241,641,34.99
ZA,product-3242,259,84.97
MA,product-3243,637,38.24
NG,product-3244,293,29.88
ZA,product-3245,765,17.94
ZA,product-3246,644,83.68
GH,product-3247,997,37.19
ZA,product-3248,25,75.55
ZA,product-3249,717,68.13
KE,product-3250,542,14.07
MA,product-3251,396,19.05
ZA,product-3252,775,62.22
MA,product-3253,555,53.86
ZA,product-3254,129,7.35
ZA,product-3255,717,57.72
NG,product-3256,845,5.36
GH,product-3257,646,43.29
KE,product-3258,292,63.75
MA,product-3259,479,92.10
MA,product-3260,214,58.62
ZA,product-3261,193,26.65
MA,product-3262,850,48.53
MA,product-3263,738,14.31
ZA,product-3264,190,28.43
NG,product-3265,807,56.76
KE,product-3266,812,6.23
ZA,product-3267,151,83.11
NG,product-3268,562,29.96
ZA,product-3269,865,59.27
ZA,product-3270,682,53.26
MA,product-3271,387,30.55
MA,product-3272,724,88.77
GH,product-3273,202,74.99
NG,product-3274,999,56.86
GH,product-3275,354,70.06
GH,product-3276,622,52.78
NG,product-3277,345,82.76
GH,product-3278,754,55.61
MA,product-3279,361,80.46
NG,product-3280,724,43.22
NG,product-3281,350,78.41
GH,product-3282,79,80.98
MA,product-3283,756,57.36
ZA,product-3284,789,56.19
ZA,product-3285,972,92.43
ZA,product-3286,654,40.95
ZA,product-3287,168,10.59
NG,product-3288,674,18.21
KE,product-3289,292,30.10
ZA,product-3290,822,46.09
NG,product-3291,312,70.14
KE,product-3292,310,91.30
GH,product-3293,214,18.48
ZA,product-3294,371,21.21
GH,product-3295,94,43.53
NG,product-3296,23,15.84
GH,product-3297,275,20.76
ZA,product-3298,77,64.11
ZA,product-3299,655,95.96
NG,product-3300,968,53.14
NG,product-3301,962,79.01
KE,product-3302,793,97.36
MA,product-3303,790,74.45
MA,product-3304,926,51.92
KE,product-3305,376,59.75
ZA,product-3306,388,25.69
ZA,product-3307,519,43.59
NG,product-3308,793,43.85
GH,product-3309,333,23.33
ZA,product-3310,706,43.05
GH,product-3311,550,5.75
NG,product-3312,879,11.00
GH,product-3313,607,17.52
ZA,product-3314,762,49.52
GH,product-3315,645,71.87
GH,product-3316,163,4.46
MA,product-3317,210,65.41
GH,product-3318,645,90.39
GH,product-3319,756,94.39
KE,product-3320,125,76.40
GH,product-3321,602,43.75
NG,product-3322,766,77.38
ZA,product-3323,615,38.61
KE,product-3324,989,21.14
NG,product-3325,628,32.15
GH,product-3326,210,18.81
ZA,product-3327,440,97.57
GH,product-3328,779,54.00
KE,product-3329,618,13.12
MA,product-3330,911,55.66
KE,product-3331,386,12.68
NG,product-3332,719,12.07
MA,product-3333,403,15.36
MA,product-3334,825,24.00
KE,product-3335,786,61.25
KE,product-3336,605,64.54
ZA,product-3337,646,37.59
KE,product-3338,557,46.49
NG,product-3339,403,78.91
NG,product-3340,417,95.19
KE,product-3341,744,57.91
ZA,product-3342,118,92.35
NG,product-3343,954,64.57
NG,product-3344,832,86.89
NG,product-3345,954,2.66
GH,product-3346,4,69.94
ZA,product-3347,169,51.47
NG,product-3348,343,83.33
MA,product-3349,970,65.97
KE,product-3350,318,81.92
GH,product-3351,316,63.57
ZA,product-3352,239,56.13
NG,product-3353,44,74.13
NG,product-3354,64,47.05
NG,product-3355,311,76.81
MA,product-3356,182,35.16
ZA,product-3357,601,95.81
GH,product-3358,968,37.63
GH,product-3359,619,49.70
KE,product-3360,884,98.02
NG,product-3361,944,89.43
KE,product-3362,458,55.54
GH,product-3363,647,71.71
ZA,product-3364,974,98.61
GH,product-3365,352,41.65
NG,product-3366,102,38.80
MA,product-3367,264,11.67
NG,product-3368,707,28.91
NG,product-3369,410,72.11
NG,product-3370,294,88.15
MA,product-3371,979,26.24
GH,product-3372,490,16.14
KE,product-3373,914,54.57
GH,product-3374,993,88.50
NG,product-3375,456,55.61
MA,product-3376,45,78.79
GH,product-3377,474,12.09
GH,product-3378,979,71.57
NG,product-3379,969,0.27
NG,product-3380,974,20.17
NG,product-3381,822,9.85
NG,product-3382,451,28.65
MA,product-3383,313,93.89
GH,product-3384,19,46.13
NG,product-3385,898,62.93
MA,product-3386,206,74.29
NG,product-3387,222,6.98
GH,product-3388,930,84.28
KE,product-3389,382,34.62
KE,product-3390,738,94.51
ZA,product-3391,884,65.08
MA,product-3392,290,81.24
GH,product-3393,808,44.39
KE,product-3394,982,79.15
MA,product-3395,852,20.69
GH,product-3396,130,69.54
ZA,product-3397,385,68.55
NG,product-3398,485,21.81
ZA,product-3399,665,79.07
MA,product-3400,879,15.66
KE,product-3401,503,94.16
ZA,product-3402,594,42.38
ZA,product-3403,299,43.72
KE,product-3404,298,36.56
ZA,product-3405,159,97.57
MA,product-3406,766,29.29
NG,product-3407,548,82.49
ZA,product-3408,878,0.94
MA,product-3409,871,26.27
GH,product-3410,574,77.76
GH,product-3411,170,11.62
ZA,product-3412,505,80.38
GH,product-3413,326,16.65
NG,product-3414,647,31.32
KE,product-3415,993,47.79
MA,product-3416,454,15.99
NG,product-3417,306,90.63
ZA,product-3418,672,89.91
ZA,product-3419,480,59.91
ZA,product-3420,686,79.19
MA,product-3421,123,94.61
NG,product-3422,389,10.75
NG,product-3423,464,63.16
ZA,product-3424,636,53.34
GH,product-3425,657,41.01
MA,product-3426,33,37.87
NG,product-3427,781,8.27
NG,product-3428,994,57.45
KE,product-3429,212,33.50
MA,product-3430,116,43.09
KE,product-3431,326,54.31
NG,product-3432,368,11.56
KE,product-3433,584,76.75
KE,product-3434,24,3.86
MA,product-3435,821,80.10
KE,product-3436,567,72.18
KE,product-3437,735,6.08
NG,product-3438,125,38.72
ZA,product-3439,967,1.21
NG,product-3440,432,27.16
NG,product-3441,957,2.34
ZA,product-3442,287,30.11
KE,product-3443,178,6.86
MA,product-3444,662,31.98
GH,product-3445,260,69.51
MA,product-3446,886,24.60
ZA,product-3447,914,42.57
ZA,product-3448,862,32.48
ZA,product-3449,605,58.41
KE,product-3450,445,44.12
NG,product-3451,483,10.83
KE,product-3452,807,84.97
NG,product-3453,861,45.57
GH,product-3454,821,36.86
NG,product-3455,999,91.01
NG,product-3456,742,61.29
NG,product-3457,107,69.54
ZA,product-3458,693,77.45
GH,product-3459,486,38.61
ZA,product-3460,224,50.11
MA,product-3461,435,97.02
MA,product-3462,981,59.72
NG,product-3463,478,23.46
GH,product-3464,537,12.67
KE,product-3465,490,35.76
MA,product-3466,335,28.45
MA,product-3467,143,30.39
GH,product-3468,675,4.04
KE,product-3469,116,76.16
GH,product-3470,174,29.94
MA,product-3471,825,89.09
NG,product-3472,367,99.15
NG,product-3473,943,9.33
KE,product-3474,828,48.89
GH,product-3475,147,56.67
KE,product-3476,271,36.61
NG,product-3477,916,52.46
ZA,product-3478,48,18.15
NG,product-3479,112,45.54
NG,product-3480,845,14.65
MA,product-3481,304,21.76
GH,product-3482,786,41.14
GH,product-3483,385,59.41
NG,product-3484,39,59.57
KE,product-3485,673,39.67
NG,product-3486,6,6.49
MA,product-3487,882,62.77
NG,product-3488,555,76.25
ZA,product-3489,774,12.04
GH,product-3490,114,75.15
MA,product-3491,562,28.27
MA,product-3492,119,0.18
ZA,product-3493,361,12.49
ZA,product-3494,894,58.74
NG,product-3495,354,53.56
KE,product-3496,433,40.93
NG,product-3497,606,32.03
KE,product-3498,667,32.31
GH,product-3499,664,3.99
GH,product-3500,346,37.47
NG,product-3501,870,6.37
GH,product-3502,109,38.51
ZA,product-3503,834,47.67
GH,product-3504,396,91.44
ZA,product-3505,898,34.32
MA,product-3506,333,47.12
GH,product-3507,738,60.70
NG,product-3508,256,8.12
ZA,product-3509,299,55.39
GH,product-3510,990,53.67
MA,product-3511,507,27.72
GH,product-3512,639,35.73
NG,product-3513,60,53.51
KE,product-3514,216,86.70
KE,product-3515,781,96.83
KE,product-3516,665,46.32
MA,product-3517,475,70.14
MA,product-3518,976,21.20
KE,product-3519,728,3.49
KE,product-3520,709,21.90
ZA,product-3521,244,11.88
KE,product-3522,553,16.69
ZA,product-3523,724,30.98
ZA,product-3524,984,94.28
KE,product-3525,903,71.23
NG,product-3526,613,71.67
KE,product-3527,819,19.37
MA,product-3528,86,22.52
GH,product-3529,493,78.15
ZA,product-3530,981,82.17
NG,product-3531,983,52.53
GH,product-3532,160,12.25
NG,product-3533,969,23.29
MA,product-3534,254,65.94
ZA,product-3535,676,53.64
MA,product-3536,229,79.01
MA,product-3537,189,87.28
MA,product-3538,461,82.52
KE,product-3539,942,73.46
GH,product-3540,8,92.28
NG,product-3541,938,36.21
KE,product-3542,92,20.23
NG,product-3543,601,37.15
MA,product-3544,935,34.80
GH,product-3545,714,78.91
ZA,product-3546,55,21.27
NG,product-3547,772,33.86
NG,product-3548,413,52.24
GH,product-3549,600,25.92
GH,product-3550,636,54.25
NG,product-3551,494,67.19
KE,product-3552,873,89.99
MA,product-3553,624,70.96
ZA,product-3554,46,31.09
GH,product-3555,303,31.43
GH,product-3556,473,8.42
KE,product-3557,116,33.08
ZA,product-3558,336,73.53
NG,product-3559,196,68.84
MA,product-3560,751,12.94
KE,product-3561,963,23.64
ZA,product-3562,824,69.43
ZA,product-3563,115,96.34
KE,product-3564,475,74.44
ZA,product-3565,500,65.94
ZA,product-3566,505,92.70
NG,product-3567,905,36.37
KE,product-3568,929,49.33
KE,product-3569,280,53.01
KE,product-3570,416,3.71
NG,product-3571,885,23.44
NG,product-3572,986,41.07
GH,product-3573,476,85.03
KE,product-3574,103,59.00
KE,product-3575,354,66.46
NG,product-3576,58,58.17
KE,product-3577,488,44.86
GH,product-3578,271,21.63
ZA,product-3579,622,63.74
KE,product-3580,722,20.39
NG,product-3581,325,92.63
GH,product-3582,420,95.90
MA,product-3583,868,73.67
MA,product-3584,515,6.80
ZA,product-3585,228,86.89
ZA,product-3586,543,55.95
NG,product-3587,85,60.10
MA,product-3588,441,38.19
KE,product-3589,949,59.44
KE,product-3590,418,84.75
NG,product-3591,68,55.37
ZA,product-3592,765,73.56
GH,product-3593,76,95.52
GH,product-3594,858,61.86
GH,product-3595,350,37.15
MA,product-3596,0,32.37
ZA,product-3597,771,58.21
MA,product-3598,556,91.27
MA,product-3599,26,38.43
ZA,product-3600,901,93.44
GH,product-3601,542,15.13
KE,product-3602,733,92.56
GH,product-3603,117,28.99
KE,product-3604,336,81.64
MA,product-3605,10,33.03
NG,product-3606,591,1.76
ZA,product-3607,566,14.37
GH,product-3608,644,66.55
MA,product-3609,739,19.83
MA,product-3610,391,84.87
GH,product-3611,807,77.77
NG,product-3612,168,84.99
KE,product-3613,865,48.41
ZA,product-3614,69,96.32
NG,product-3615,726,88.51
ZA,product-3616,758,75.51
NG,product-3617,686,72.56
MA,product-3618,527,11.90
NG,product-3619,736,3.45
GH,product-3620,937,2.98
KE,product-3621,323,1.55
ZA,product-3622,912,13.01
MA,product-3623,56,56.94
NG,product-3624,747,24.02
GH,product-3625,286,37.39
MA,product-3626,411,7.68
MA,product-3627,714,79.32
ZA,product-3628,807,59.66
KE,product-3629,799,16.38
ZA,product-3630,360,91.79
GH,product-3631,724,68.84
ZA,product-3632,37,18.47
KE,product-3633,885,48.67
GH,product-3634,792,59.32
MA,product-3635,723,7.04
KE,product-3636,464,17.81
KE,product-3637,148,12.66
ZA,product-3638,610,36.74
NG,product-3639,401,86.42
NG,product-3640,950,47.71
ZA,product-3641,206,50.89
NG,product-3642,337,65.87
ZA,product-3643,470,25.18
MA,product-3644,248,14.30
ZA,product-3645,273,93.62
KE,product-3646,205,99.77
ZA,product-3647,943,73.04
GH,product-3648,465,35.72
ZA,product-3649,448,70.35
KE,product-3650,307,87.62
ZA,product-3651,957,24.04
KE,product-3652,726,50.11
MA,product-3653,987,85.96
NG,product-3654,521,98.53
GH,product-3655,294,38.40
MA,product-3656,386,47.00
KE,product-3657,225,62.67
KE,product-3658,527,57.70
ZA,product-3659,978,71.86
ZA,product-3660,879,93.51
NG,product-3661,913,27.90
KE,product-3662,138,9.22
NG,product-3663,282,74.48
KE,product-3664,521,37.98
KE,product-3665,865,84.12
MA,product-3666,76,80.92
MA,product-3667,971,18.73
ZA,product-3668,368,28.65
MA,product-3669,838,45.83
NG,product-3670,417,50.64
GH,product-3671,266,77.25
KE,product-3672,629,39.02
ZA,product-3673,357,43.14
KE,product-3674,685,19.87
GH,product-3675,662,60.93
NG,product-3676,782,43.38
GH,product-3677,618,67.45
GH,product-3678,56,86.35
MA,product-3679,418,88.13
NG,product-3680,309,74.20
KE,product-3681,197,12.51
KE,product-3682,103,7.95
MA,product-3683,629,98.80
NG,product-3684,382,93.20
GH,product-3685,879,63.56
GH,product-3686,34,97.95
MA,product-3687,53,19.29
GH,product-3688,584,58.94
MA,product-3689,494,58.85
ZA,product-3690,417,97.55
GH,product-3691,774,40.83
KE,product-3692,793,34.61
GH,product-3693,385,1.44
KE,product-3694,138,92.28
MA,product-3695,436,56.15
KE,product-3696,462,45.75
ZA,product-3697,926,60.23
GH,product-3698,202,71.38
ZA,product-3699,782,95.36
ZA,product-3700,406,53.00
GH,product-3701,18,73.70
GH,product-3702,575,71.23
NG,product-3703,63,77.53
ZA,product-3704,748,24.11
ZA,product-3705,616,78.16
ZA,product-3706,240,60.42
ZA,product-3707,480,28.79
NG,product-3708,656,15.82
GH,product-3709,670,73.21
MA,product-3710,57,47.11
MA,product-3711,697,73.32
ZA,product-3712,103,29.81
KE,product-3713,548,88.18
GH,product-3714,58,4.87
KE,product-3715,156,21.52
GH,product-3716,721,67.01
ZA,product-3717,902,64.60
KE,product-3718,380,9.00
KE,product-3719,539,32.47
MA,product-3720,586,9.21
ZA,product-3721,474,94.78
MA,product-3722,837,94.12
NG,product-3723,481,53.38
GH,product-3724,650,14.80
ZA,product-3725,112,81.54
ZA,product-3726,898,56.06
KE,product-3727,883,82.63
ZA,product-3728,665,9.84
NG,product-3729,217,10.02
ZA,product-3730,203,13.21
KE,product-3731,488,92.42
MA,product-3732,884,95.66
MA,product-3733,732,37.18
GH,product-3734,938,73.96
KE,product-3735,415,53.18
ZA,product-3736,651,42.59
MA,product-3737,52,7.21
GH,product-3738,20,93.76
ZA,product-3739,619,28.36
ZA,product-3740,587,83.83
NG,product-3741,487,80.16
GH,product-3742,887,97.24
KE,product-3743,629,56.68
NG,product-3744,465,61.60
NG,product-3745,447,76.21
MA,product-3746,813,28.23
NG,product-3747,318,60.59
NG,product-3748,788,92.99
MA,product-3749,692,64.32
MA,product-3750,595,71.67
MA,product-3751,711,33.91
GH,product-3752,307,99.60
KE,product-3753,413,1.69
ZA,product-3754,893,49.47
KE,product-3755,701,75.29
ZA,product-3756,255,2.26
ZA,product-3757,522,59.54
GH,product-3758,134,75.54
MA,product-3759,913,29.61
MA,product-3760,865,58.82
MA,product-3761,544,89.70
MA,product-3762,530,7.69
NG,product-3763,659,93.31
GH,product-3764,861,78.29
ZA,product-3765,998,1.35
KE,product-3766,498,25.58
MA,product-3767,614,54.50
MA,product-3768,591,59.34
GH,product-3769,582,42.06
ZA,product-3770,855,80.02
KE,product-3771,515,26.74
KE,product-3772,913,13.50
MA,product-3773,509,88.02
MA,product-3774,362,83.67
NG,product-3775,680,22.73
ZA,product-3776,697,71.03
KE,product-3777,168,16.19
KE,product-3778,569,45.57
MA,product-3779,871,62.87
NG,product-3780,895,43.28
ZA,product-3781,153,49.15
GH,product-3782,197,46.04
GH,product-3783,643,44.87
ZA,product-3784,883,29.32
NG,product-3785,663,90.42
NG,product-3786,128,17.87
ZA,product-3787,100,80.12
ZA,product-3788,141,83.57
NG,product-3789,492,99.08
MA,product-3790,978,35.56
MA,product-3791,134,6.38
NG,product-3792,78,61.30
NG,product-3793,466,73.19
GH,product-3794,171,55.34
GH,product-3795,486,14.73
GH,product-3796,991,51.97
NG,product-3797,53,37.20
MA,product-3798,471,55.68
GH,product-3799,714,96.20
GH,product-3800,440,79.98
ZA,product-3801,550,64.02
GH,product-3802,446,46.01
GH,product-3803,323,3.30
GH,product-3804,333,20.84
KE,product-3805,698,6.73
MA,product-3806,971,35.78
NG,product-3807,386,96.27
ZA,product-3808,586,10.43
MA,product-3809,999,32.76
KE,product-3810,822,91.04
KE,product-3811,260,76.20
NG,product-3812,503,55.07
GH,product-3813,788,58.47
NG,product-3814,485,0.36
NG,product-3815,293,44.11
ZA,product-3816,952,4.54
NG,product-3817,802,71.97
NG,product-3818,122,33.89
KE,product-3819,704,43.75
MA,product-3820,728,11.57
GH,product-3821,405,51.82
MA,product-3822,421,24.94
ZA,product-3823,489,14.87
KE,product-3824,505,6.34
KE,product-3825,622,69.10
ZA,product-3826,122,24.42
ZA,product-3827,219,46.91
NG,product-3828,347,69.16
GH,product-3829,178,47.22
MA,product-3830,35,55.15
GH,product-3831,59,54.41
ZA,product-3832,663,32.56
GH,product-3833,613,49.11
NG,product-3834,499,0.02
KE,product-3835,463,17.18
NG,product-3836,728,34.03
GH,product-3837,832,88.75
GH,product-3838,239,26.14
NG,product-3839,447,11.78
NG,product-3840,487,66.70
GH,product-3841,973,63.66
KE,product-3842,635,14.24
MA,product-3843,248,10.99
ZA,product-3844,284,22.99
MA,product-3845,737,97.87
KE,product-3846,890,22.22
GH,product-3847,109,25.67
GH,product-3848,366,6.89
ZA,product-3849,960,69.94
KE,product-3850,592,75.88
KE,product-3851,260,88.34
KE,product-3852,602,23.02
MA,product-3853,598,70.47
MA,product-3854,845,58.27
MA,product-3855,370,95.30
MA,product-3856,896,11.11
MA,product-3857,65,3.13
NG,product-3858,325,35.18
KE,product-3859,13,69.35
GH,product-3860,425,14.00
NG,product-3861,909,13.03
MA,product-3862,973,65.64
MA,product-3863,611,12.54
NG,product-3864,927,15.54
KE,product-3865,804,68.29
GH,product-3866,846,64.97
ZA,product-3867,599,12.06
MA,product-3868,711,52.45
GH,product-3869,444,58.26
KE,product-3870,350,84.04
KE,product-3871,717,37.24
KE,product-3872,300,59.50
GH,product-3873,310,94.55
KE,product-3874,463,16.32
NG,product-3875,531,73.33
NG,product-3876,427,76.56
MA,product-3877,502,23.90
NG,product-3878,372,29.46
MA,product-3879,239,25.37
GH,product-3880,951,97.40
ZA,product-3881,730,53.57
KE,product-3882,888,12.08
NG,product-3883,728,27.55
NG,product-3884,26,91.79
MA,product-3885,222,50.17
GH,product-3886,564,17.24
MA,product-3887,168,5.32
NG,product-3888,255,93.22
ZA,product-3889,675,9.72
ZA,product-3890,735,97.81
MA,product-3891,494,39.64
GH,product-3892,47,72.97
NG,product-3893,144,93.34
MA,product-3894,804,13.56
GH,product-3895,92,29.79
ZA,product-3896,283,31.01
NG,product-3897,163,77.77
NG,product-3898,963,12.09
ZA,product-3899,111,66.41
NG,product-3900,634,50.82
GH,product-3901,506,45.99
KE,product-3902,39,64.59
ZA,product-3903,722,9.87
MA,product-3904,692,13.60
GH,product-3905,15,69.77
ZA,product-3906,830,38.66
ZA,product-3907,115,69.26
GH,product-3908,229,89.97
NG,product-3909,86,97.44
GH,product-3910,670,77.12
GH,product-3911,732,6.56
MA,product-3912,437,67.16
NG,product-3913,402,76.59
MA,product-3914,184,65.73
GH,product-3915,760,23.23
ZA,product-3916,283,7.17
NG,product-3917,759,82.33
GH,product-3918,41,69.35
NG,product-3919,377,88.49
NG,product-3920,518,64.16
MA,product-3921,631,93.44
GH,product-3922,371,8.48
MA,product-3923,813,86.23
ZA,product-3924,531,50.14
KE,product-3925,796,85.75
GH,product-3926,766,60.96
GH,product-3927,168,98.24
MA,product-3928,543,60.26
KE,product-3929,304,20.16
KE,product-3930,786,95.85
KE,product-3931,69,60.18
NG,product-3932,542,9.02
MA,product-3933,571,95.72
KE,product-3934,796,15.77
KE,product-3935,293,71.98
MA,product-3936,67,63.47
GH,product-3937,830,43.62
KE,product-3938,411,50.45
ZA,product-3939,207,37.15
ZA,product-3940,509,55.88
GH,product-3941,998,19.61
KE,product-3942,667,65.92
GH,product-3943,389,98.03
GH,product-3944,473,62.24
GH,product-3945,785,65.64
MA,product-3946,413,82.18
ZA,product-3947,6,49.49
NG,product-3948,220,82.30
NG,product-3949,409,10.51
GH,product-3950,352,31.18
MA,product-3951,116,82.69
ZA,product-3952,970,27.45
MA,product-3953,16,55.84
GH,product-3954,784,50.84
ZA,product-3955,26,56.12
GH,product-3956,890,9.01
KE,product-3957,470,69.81
MA,product-3958,827,98.60
ZA,product-3959,849,2.85
NG,product-3960,504,84.33
NG,product-3961,461,52.48
ZA,product-3962,875,27.34
ZA,product-3963,433,72.23
NG,product-3964,720,30.98
ZA,product-3965,11,85.26
MA,product-3966,473,59.98
ZA,product-3967,979,19.07
ZA,product-3968,266,75.41
MA,product-3969,136,4.38
NG,product-3970,393,17.20
NG,product-3971,743,74.32
GH,product-3972,695,94.49
GH,product-3973,453,52.11
GH,product-3974,920,41.32
GH,product-3975,417,93.50
ZA,product-3976,828,39.12
KE,product-3977,187,33.77
MA,product-3978,968,52.37
MA,product-3979,594,64.14
KE,product-3980,381,12.37
NG,product-3981,302,60.68
GH,product-3982,704,6.45
KE,product-3983,625,51.28
NG,product-3984,140,37.10
MA,product-3985,700,8.38
GH,product-3986,427,52.09
ZA,product-3987,163,80.28
GH,product-3988,958,7.29
KE,product-3989,461,24.67
NG,product-3990,630,52.54
KE,product-3991,933,21.40
KE,product-3992,509,55.80
ZA,product-3993,553,40.37
KE,product-3994,555,32.95
GH,product-3995,568,61.76
KE,product-3996,757,51.02
MA,product-3997,544,16.91
NG,product-3998,51,48.57
KE,product-3999,364,47.46
NG,product-4000,904,53.68
KE,product-4001,894,42.98
KE,product-4002,942,82.44
MA,product-4003,276,35.81
GH,product-4004,954,46.23
GH,product-4005,934,93.39
NG,product-4006,18,25.78
MA,product-4007,557,20.36
NG,product-4008,584,14.82
ZA,product-4009,901,57.91
ZA,product-4010,576,31.13
KE,product-4011,98,33.82
KE,product-4012,322,80.47
MA,product-4013,993,48.98
KE,product-4014,190,73.55
GH,product-4015,331,86.64
ZA,product-4016,298,76.53
GH,product-4017,858,51.86
ZA,product-4018,684,75.03
NG,product-4019,68,98.55
MA,product-4020,707,39.72
ZA,product-4021,685,29.81
KE,product-4022,605,71.51
ZA,product-4023,76,49.65
MA,product-4024,255,84.82
MA,product-4025,72,80.62
GH,product-4026,637,52.97
GH,product-4027,698,93.29
KE,product-4028,157,74.51
MA,product-4029,615,63.74
GH,product-4030,771,25.97
NG,product-4031,915,26.67
ZA,product-4032,309,20.98
NG,product-4033,283,46.00
MA,product-4034,718,98.33
KE,product-4035,38,37.02
NG,product-4036,825,35.69
NG,product-4037,761,54.61
GH,product-4038,538,38.90
ZA,product-4039,218,55.99
NG,product-4040,755,53.91
KE,product-4041,625,89.80
GH,product-4042,349,8.11
ZA,product-4043,957,52.22
KE,product-4044,683,11.68
GH,product-4045,599,41.70
NG,product-4046,325,74.34
NG,product-4047,356,50.98
KE,product-4048,990,35.71
KE,product-4049,53,68.70
KE,product-4050,993,61.24
KE,product-4051,780,0.19
NG,product-4052,249,91.06
MA,product-4053,599,89.77
MA,product-4054,992,96.02
MA,product-4055,486,0.56
GH,product-4056,925,0.41
MA,product-4057,385,33.97
NG,product-4058,326,88.64
KE,product-4059,867,99.93
MA,product-4060,941,70.21
MA,product-4061,765,41.54
KE,product-4062,423,71.36
ZA,product-4063,836,65.80
MA,product-4064,36,72.64
GH,product-4065,82,1.47
ZA,product-4066,289,56.45
MA,product-4067,294,35.02
NG,product-4068,259,70.50
ZA,product-4069,911,22.33
ZA,product-4070,89,92.67
MA,product-4071,170,89.47
KE,product-4072,787,93.46
MA,product-4073,698,76.25
ZA,product-4074,542,64.61
MA,product-4075,625,72.09
NG,product-4076,890,16.75
NG,product-4077,360,19.33
ZA,product-4078,143,25.17
ZA,product-4079,710,15.16
GH,product-4080,506,10.04
MA,product-4081,648,65.10
GH,product-4082,421,21.52
NG,product-4083,192,5.96
GH,product-4084,793,87.37
NG,product-4085,664,76.92
GH,product-4086,773,4.17
MA,product-4087,892,94.87
ZA,product-4088,910,76.53
ZA,product-4089,523,22.13
KE,product-4090,760,4.65
MA,product-4091,308,8.10
GH,product-4092,922,42.22
GH,product-4093,195,43.59
MA,product-4094,856,37.66
GH,product-4095,428,69.37
GH,product-4096,899,68.19
ZA,product-4097,27,9.96
MA,product-4098,498,41.39
ZA,product-4099,301,18.50
NG,product-4100,4,10.19
GH,product-4101,233,78.99
ZA,product-4102,685,5.41
ZA,product-4103,755,11.47
GH,product-4104,175,54.64
NG,product-4105,685,67.69
KE,product-4106,283,32.40
KE,product-4107,734,10.87
MA,product-4108,644,76.21
GH,product-4109,125,31.95
NG,product-4110,245,54.60
KE,product-4111,984,25.17
MA,product-4112,562,16.25
ZA,product-4113,409,89.56
GH,product-4114,325,63.29
KE,product-4115,529,43.62
NG,product-4116,579,76.06
GH,product-4117,443,65.81
ZA,product-4118,396,90.82
KE,product-4119,915,7.23
GH,product-4120,828,14.69
MA,product-4121,517,0.45
KE,product-4122,200,32.59
KE,product-4123,823,19.52
NG,product-4124,647,78.57
MA,product-4125,282,98.53
NG,product-4126,35,56.13
MA,product-4127,274,24.56
MA,product-4128,274,86.34
GH,product-4129,339,52.85
KE,product-4130,126,14.59
ZA,product-4131,368,97.62
NG,product-4132,636,38.40
KE,product-4133,981,37.05
KE,product-4134,601,70.08
NG,product-4135,731,57.53
NG,product-4136,457,98.09
ZA,product-4137,124,32.13
ZA,product-4138,344,84.91
ZA,product-4139,88,96.43
ZA,product-4140,162,3.31
NG,product-4141,212,25.06
KE,product-4142,495,92.30
ZA,product-4143,333,80.81
MA,product-4144,18,4.68
MA,product-4145,225,97.44
KE,product-4146,523,69.86
GH,product-4147,557,11.74
MA,product-4148,477,77.73
GH,product-4149,653,97.23
NG,product-4150,666,0.04
KE,product-4151,770,85.05
GH,product-4152,723,43.83
MA,product-4153,926,82.80
MA,product-4154,354,56.30
MA,product-4155,124,89.79
ZA,product-4156,669,50.82
KE,product-4157,861,87.28
GH,product-4158,11,58.32
MA,product-4159,754,74.95
GH,product-4160,595,30.15
GH,product-4161,263,83.60
KE,product-4162,501,27.14
GH,product-4163,896,69.93
NG,product-4164,65,34.11
GH,product-4165,482,75.44
ZA,product-4166,280,41.63
ZA,product-4167,531,16.52
MA,product-4168,724,97.18
MA,product-4169,282,98.90
GH,product-4170,333,77.64
MA,product-4171,676,72.97
ZA,product-4172,333,46.06
ZA,product-4173,761,95.85
GH,product-4174,376,12.09
ZA,product-4175,203,72.66
MA,product-4176,810,3.59
NG,product-4177,734,19.40
GH,product-4178,230,69.54
ZA,product-4179,471,69.51
KE,product-4180,58,6.10
NG,product-4181,289,18.31
GH,product-4182,293,75.89
MA,product-4183,287,88.36
MA,product-4184,742,9.53
KE,product-4185,433,40.03
MA,product-4186,898,80.81
GH,product-4187,586,96.56
MA,product-4188,193,58.80
MA,product-4189,18,91.55
GH,product-4190,779,54.30
GH,product-4191,729,56.10
NG,product-4192,724,31.46
KE,product-4193,424,65.70
ZA,product-4194,651,31.06
NG,product-4195,643,71.88
NG,product-4196,297,44.36
GH,product-4197,500,72.95
KE,product-4198,227,31.51
GH,product-4199,310,54.35
GH,product-4200,853,14.48
KE,product-4201,833,55.70
MA,product-4202,948,79.65
ZA,product-4203,534,33.15
NG,product-4204,692,91.00
MA,product-4205,630,95.92
MA,product-4206,956,24.25
GH,product-4207,207,85.05
NG,product-4208,101,49.23
MA,product-4209,919,87.57
NG,product-4210,892,40.30
ZA,product-4211,347,37.39
ZA,product-4212,817,80.13
GH,product-4213,800,54.19
ZA,product-4214,991,84.91
GH,product-4215,175,28.30
KE,product-4216,778,47.96
GH,product-4217,111,87.39
GH,product-4218,83,1.95
GH,product-4219,148,80.90
MA,product-4220,624,7.70
NG,product-4221,865,41.27
ZA,product-4222,450,90.53
GH,product-4223,808,9.38
GH,product-4224,600,58.08
ZA,product-4225,349,64.80
KE,product-4226,838,53.81
ZA,product-4227,853,15.11
GH,product-4228,870,13.04
ZA,product-4229,724,74.27
KE,product-4230,586,10.37
GH,product-4231,946,69.39
MA,product-4232,37,33.80
ZA,product-4233,28,28.39
GH,product-4234,15,43.70
GH,product-4235,62,65.77
KE,product-4236,438,2.45
KE,product-4237,784,56.99
NG,product-4238,745,99.68
MA,product-4239,194,22.23
KE,product-4240,57,81.87
MA,product-4241,701,23.31
GH,product-4242,911,96.75
MA,product-4243,451,77.18
MA,product-4244,324,79.34
KE,product-4245,489,57.43
ZA,product-4246,412,59.45
KE,product-4247,665,60.50
NG,product-4248,256,13.71
MA,product-4249,143,99.24
KE,product-4250,750,8.41
KE,product-4251,958,74.40
ZA,product-4252,631,65.50
ZA,product-4253,776,96.52
MA,product-4254,830,89.65
MA,product-4255,35,29.34
MA,product-4256,548,57.47
KE,product-4257,411,87.07
MA,product-4258,66,40.89
ZA,product-4259,558,74.25
KE,product-4260,730,63.67
NG,product-4261,381,58.74
ZA,product-4262,614,89.10
KE,product-4263,520,65.43
KE,product-4264,975,76.09
GH,product-4265,581,46.80
MA,product-4266,380,42.49
KE,product-4267,573,61.46
KE,product-4268,768,66.83
ZA,product-4269,312,75.15
MA,product-4270,32,58.84
NG,product-4271,767,77.15
GH,product-4272,35,73.46
NG,product-4273,718,90.91
GH,product-4274,716,33.54
KE,product-4275,923,39.41
KE,product-4276,216,5.67
KE,product-4277,648,34.68
NG,product-4278,311,33.16
MA,product-4279,94,4.95
KE,product-4280,236,92.82
GH,product-4281,285,11.85
ZA,product-4282,449,96.37
MA,product-4283,423,85.71
ZA,product-4284,835,46.27
MA,product-4285,778,55.64
GH,product-4286,95,89.87
NG,product-4287,262,12.34
KE,product-4288,110,61.17
KE,product-4289,596,25.79
MA,product-4290,666,63.50
NG,product-4291,462,50.59
NG,product-4292,992,91.99
GH,product-4293,271,43.09
MA,product-4294,852,14.38
ZA,product-4295,268,38.13
ZA,product-4296,649,31.53
GH,product-4297,329,60.72
NG,product-4298,31,3.76
NG,product-4299,808,32.88
GH,product-4300,913,53.30
KE,product-4301,687,51.60
GH,product-4302,254,84.55
MA,product-4303,412,67.37
NG,product-4304,973,50.24
MA,product-4305,609,84.66
MA,product-4306,271,31.14
NG,product-4307,498,46.35
NG,product-4308,105,46.29
MA,product-4309,369,43.83
MA,product-4310,545,49.95
ZA,product-4311,416,26.22
GH,product-4312,432,5.01
NG,product-4313,218,7.01
ZA,product-4314,384,1.77
NG,product-4315,524,20.27
NG,product-4316,714,29.91
ZA,product-4317,620,49.20
GH,product-4318,213,55.65
KE,product-4319,608,26.00
NG,product-4320,778,24.63
MA,product-4321,169,67.81
GH,product-4322,472,80.24
KE,product-4323,184,70.77
GH,product-4324,394,1.21
MA,product-4325,818,15.52
ZA,product-4326,750,89.14
KE,product-4327,449,69.81
ZA,product-4328,379,99.71
ZA,product-4329,605,77.88
NG,product-4330,612,13.76
GH,product-4331,383,95.20
MA,product-4332,815,69.69
MA,product-4333,358,80.69
GH,product-4334,413,24.24
ZA,product-4335,415,17.57
KE,product-4336,518,62.26
KE,product-4337,751,38.22
MA,product-4338,213,28.19
GH,product-4339,261,52.75
GH,product-4340,274,79.24
MA,product-4341,619,86.22
NG,product-4342,361,74.18
KE,product-4343,138,41.96
KE,product-4344,288,60.13
ZA,product-4345,790,98.60
NG,product-4346,610,86.41
ZA,product-4347,333,2.74
ZA,product-4348,919,78.99
ZA,product-4349,872,31.70
NG,product-4350,619,60.03
NG,product-4351,220,5.47
GH,product-4352,328,51.50
GH,product-4353,47,36.65
KE,product-4354,455,25.65
NG,product-4355,79,10.52
GH,product-4356,932,61.49
GH,product-4357,201,41.62
MA,product-4358,958,36.93
GH,product-4359,113,31.79
ZA,product-4360,163,91.38
NG,product-4361,469,48.58
MA,product-4362,973,29.86
NG,product-4363,369,0.73
GH,product-4364,876,8.24
MA,product-4365,570,94.90
ZA,product-4366,309,41.75
NG,product-4367,99,27.16
ZA,product-4368,439,18.60
GH,product-4369,265,39.66
KE,product-4370,701,30.87
ZA,product-4371,610,33.46
GH,product-4372,943,50.69
KE,product-4373,144,90.12
MA,product-4374,268,31.60
ZA,product-4375,521,82.26
ZA,product-4376,935,61.89
MA,product-4377,714,98.84
MA,product-4378,605,33.10
GH,product-4379,585,48.70
KE,product-4380,451,55.17
KE,product-4381,756,8.00
MA,product-4382,567,47.74
NG,product-4383,986,74.88
KE,product-4384,264,92.35
ZA,product-4385,759,41.05
ZA,product-4386,639,22.74
KE,product-4387,158,94.01
GH,product-4388,844,38.25
NG,product-4389,393,67.53
MA,product-4390,790,1.56
GH,product-4391,129,57.06
GH,product-4392,213,96.29
MA,product-4393,965,25.08
MA,product-4394,17,51.50
KE,product-4395,729,64.71
ZA,product-4396,120,44.25
KE,product-4397,210,66.47
MA,product-4398,741,28.15
MA,product-4399,277,39.97
GH,product-4400,196,4.87
GH,product-4401,230,35.63
GH,product-4402,604,74.75
GH,product-4403,692,18.76
NG,product-4404,512,18.62
ZA,product-4405,231,90.17
ZA,product-4406,944,83.10
MA,product-4407,647,89.63
MA,product-4408,218,2.22
ZA,product-4409,919,83.44
ZA,product-4410,304,63.71
GH,product-4411,762,96.98
ZA,product-4412,518,0.30
MA,product-4413,850,44.70
KE,product-4414,639,89.60
ZA,product-4415,118,57.49
ZA,product-4416,108,30.71
GH,product-4417,747,61.82
ZA,product-4418,948,87.59
KE,product-4419,317,33.84
KE,product-4420,247,18.21
GH,product-4421,131,65.53
NG,product-4422,780,74.46
KE,product-4423,740,9.11
NG,product-4424,808,92.85
NG,product-4425,814,30.85
MA,product-4426,368,61.83
NG,product-4427,653,66.46
ZA,product-4428,455,0.57
MA,product-4429,945,88.66
NG,product-4430,303,43.19
MA,product-4431,782,68.21
GH,product-4432,306,37.55
KE,product-4433,197,70.97
MA,product-4434,159,78.22
NG,product-4435,715,86.05
MA,product-4436,623,36.94
NG,product-4437,303,6.25
GH,product-4438,562,62.45
NG,product-4439,546,17.81
MA,product-4440,159,0.38
MA,product-4441,782,71.68
ZA,product-4442,793,93.89
MA,product-4443,141,44.82
NG,product-4444,804,40.00
GH,product-4445,968,67.85
MA,product-4446,41,45.77
NG,product-4447,751,19.18
MA,product-4448,845,45.94
NG,product-4449,561,46.88
GH,product-4450,99,62.23
GH,product-4451,204,48.43
ZA,product-4452,225,95.53
NG,product-4453,437,78.99
KE,product-4454,273,65.40
KE,product-4455,369,76.51
NG,product-4456,251,76.31
ZA,product-4457,941,81.56
ZA,product-4458,491,10.40
KE,product-4459,807,22.60
NG,product-4460,311,29.82
ZA,product-4461,809,6.56
KE,product-4462,344,31.39
GH,product-4463,554,60.12
KE,product-4464,314,19.09
NG,product-4465,226,63.74
KE,product-4466,720,63.72
NG,product-4467,638,89.63
ZA,product-4468,563,60.50
ZA,product-4469,83,66.76
GH,product-4470,100,37.02
ZA,product-4471,737,29.13
ZA,product-4472,9,76.39
KE,product-4473,232,73.00
GH,product-4474,765,65.46
ZA,product-4475,323,67.56
KE,product-4476,509,45.86
MA,product-4477,964,27.22
ZA,product-4478,177,29.33
GH,product-4479,730,13.39
NG,product-4480,380,83.92
KE,product-4481,848,41.89
GH,product-4482,714,66.16
MA,product-4483,819,56.87
GH,product-4484,428,61.69
MA,product-4485,37,25.34
GH,product-4486,571,93.61
NG,product-4487,395,29.72
GH,product-4488,988,58.32
KE,product-4489,467,92.82
GH,product-4490,355,39.71
KE,product-4491,825,2.40
ZA,product-4492,990,65.87
KE,product-4493,268,12.50
KE,product-4494,244,18.78
ZA,product-4495,547,4.75
GH,product-4496,394,71.69
MA,product-4497,655,10.03
GH,product-4498,647,23.14
KE,product-4499,865,23.49
NG,product-4500,240,19.42
MA,product-4501,436,63.55
ZA,product-4502,672,76.84
NG,product-4503,284,0.47
MA,product-4504,35,41.02
MA,product-4505,633,95.17
NG,product-4506,946,58.26
MA,product-4507,786,47.35
ZA,product-4508,177,67.18
MA,product-4509,688,22.57
MA,product-4510,527,33.60
NG,product-4511,343,27.29
KE,product-4512,691,38.27
KE,product-4513,882,5.34
GH,product-4514,76,82.44
GH,product-4515,428,69.15
MA,product-4516,575,34.46
GH,product-4517,925,90.92
KE,product-4518,987,11.65
NG,product-4519,772,9.63
NG,product-4520,873,28.04
GH,product-4521,975,90.15
NG,product-4522,561,47.10
NG,product-4523,160,71.20
GH,product-4524,113,50.89
GH,product-4525,974,48.60
MA,product-4526,13,24.81
MA,product-4527,679,75.14
ZA,product-4528,98,61.14
NG,product-4529,305,31.97
MA,product-4530,772,83.98
MA,product-4531,478,72.94
MA,product-4532,247,83.73
KE,product-4533,489,61.31
NG,product-4534,138,57.42
MA,product-4535,292,49.15
KE,product-4536,439,22.60
ZA,product-4537,316,81.76
NG,product-4538,480,13.31
ZA,product-4539,247,86.47
KE,product-4540,785,97.88
KE,product-4541,610,2.82
GH,product-4542,214,58.50
NG,product-4543,860,7.35
ZA,product-4544,897,98.55
GH,product-4545,665,42.29
MA,product-4546,884,18.89
GH,product-4547,241,98.69
ZA,product-4548,620,18.34
NG,product-4549,807,65.42
GH,product-4550,48,2.32
GH,product-4551,788,49.22
ZA,product-4552,81,53.65
KE,product-4553,620,31.36
GH,product-4554,204,0.89
KE,product-4555,171,87.12
GH,product-4556,925,43.69
NG,product-4557,414,30.28
NG,product-4558,810,93.75
ZA,product-4559,943,0.73
MA,product-4560,98,22.49
MA,product-4561,831,0.25
KE,product-4562,219,88.20
ZA,product-4563,631,41.03
NG,product-4564,314,22.67
NG,product-4565,692,30.04
KE,product-4566,706,78.29
NG,product-4567,251,12.00
KE,product-4568,531,82.53
GH,product-4569,654,51.39
MA,product-4570,315,41.10
KE,product-4571,836,62.53
KE,product-4572,977,99.77
KE,product-4573,80,29.10
NG,product-4574,483,27.78
KE,product-4575,550,52.83
KE,product-4576,42,59.34
NG,product-4577,938,94.29
GH,product-4578,672,5.09
ZA,product-4579,529,1.80
GH,product-4580,608,15.79
GH,product-4581,906,81.05
GH,product-4582,771,62.15
KE,product-4583,930,81.61
KE,product-4584,599,75.18
ZA,product-4585,235,64.38
GH,product-4586,232,19.97
KE,product-4587,554,85.72
KE,product-4588,852,52.96
KE,product-4589,338,94.03
GH,product-4590,663,67.84
MA,product-4591,589,45.50
KE,product-4592,73,25.84
MA,product-4593,59,5.97
KE,product-4594,999,77.50
NG,product-4595,430,4.98
GH,product-4596,666,80.99
KE,product-4597,431,17.23
GH,product-4598,984,34.48
KE,product-4599,323,72.34
MA,product-4600,154,17.37
GH,product-4601,1,15.77
ZA,product-4602,985,70.92
KE,product-4603,357,93.27
ZA,product-4604,183,84.78
NG,product-4605,584,9.26
GH,product-4606,544,25.62
KE,product-4607,990,2.85
KE,product-4608,887,64.76
GH,product-4609,489,45.00
NG,product-4610,101,50.33
NG,product-4611,815,29.26
NG,product-4612,723,1.23
GH,product-4613,148,69.75
ZA,product-4614,409,34.01
MA,product-4615,645,55.93
NG,product-4616,832,32.00
NG,product-4617,651,32.72
KE,product-4618,113,97.82
MA,product-4619,446,55.45
KE,product-4620,62,71.25
GH,product-4621,580,66.34
MA,product-4622,858,20.14
MA,product-4623,463,67.65
NG,product-4624,454,18.35
MA,product-4625,216,36.44
NG,product-4626,966,3.48
MA,product-4627,233,40.59
MA,product-4628,425,18.76
KE,product-4629,334,46.54
GH,product-4630,352,36.33
NG,product-4631,928,87.17
GH,product-4632,489,82.70
KE,product-4633,793,47.39
GH,product-4634,557,43.61
KE,product-4635,662,99.95
MA,product-4636,377,86.95
KE,product-4637,945,37.85
NG,product-4638,518,61.12
ZA,product-4639,620,30.18
KE,product-4640,222,55.11
KE,product-4641,598,86.66
KE,product-4642,22,31.78
KE,product-4643,157,89.15
MA,product-4644,398,61.93
KE,product-4645,810,72.42
KE,product-4646,463,99.31
ZA,product-4647,892,50.91
NG,product-4648,216,16.98
ZA,product-4649,745,59.41
KE,product-4650,119,15.53
NG,product-4651,0,92.31
KE,product-4652,309,78.39
GH,product-4653,670,35.36
GH,product-4654,597,31.54
NG,product-4655,167,65.50
GH,product-4656,462,15.21
KE,product-4657,362,75.20
ZA,product-4658,643,6.46
ZA,product-4659,521,11.86
GH,product-4660,627,30.92
GH,product-4661,23,80.10
NG,product-4662,246,38.72
ZA,product-4663,770,16.80
NG,product-4664,714,71.34
GH,product-4665,699,57.37
GH,product-4666,260,54.54
NG,product-4667,539,22.96
MA,product-4668,222,43.52
KE,product-4669,345,50.81
KE,product-4670,182,71.55
KE,product-4671,334,65.42
KE,product-4672,97,73.20
ZA,product-4673,976,15.81
MA,product-4674,961,22.17
NG,product-4675,546,46.87
MA,product-4676,185,77.59
MA,product-4677,942,5.52
GH,product-4678,727,20.46
NG,product-4679,417,69.58
NG,product-4680,398,50.55
ZA,product-4681,249,18.81
KE,product-4682,414,57.31
GH,product-4683,684,18.43
GH,product-4684,160,70.60
MA,product-4685,784,96.67
KE,product-4686,851,95.75
NG,product-4687,348,95.85
GH,product-4688,760,74.68
ZA,product-4689,279,93.32
KE,product-4690,141,41.89
NG,product-4691,543,75.72
ZA,product-4692,650,29.22
KE,product-4693,374,58.34
GH,product-4694,678,41.56
NG,product-4695,409,12.55
MA,product-4696,412,50.31
MA,product-4697,848,66.32
MA,product-4698,568,52.28
KE,product-4699,412,54.02
KE,product-4700,34,62.37
GH,product-4701,243,11.67
MA,product-4702,358,59.86
KE,product-4703,899,73.10
ZA,product-4704,275,77.58
NG,product-4705,903,32.06
NG,product-4706,305,94.92
MA,product-4707,484,90.13
GH,product-4708,97,63.55
GH,product-4709,323,61.55
MA,product-4710,998,94.80
ZA,product-4711,688,37.62
GH,product-4712,986,44.63
MA,product-4713,851,88.12
NG,product-4714,225,71.90
GH,product-4715,550,97.33
NG,product-4716,307,28.20
MA,product-4717,574,2.46
KE,product-4718,497,54.89
KE,product-4719,929,36.81
NG,product-4720,223,55.63
MA,product-4721,794,20.06
NG,product-4722,307,66.55
KE,product-4723,483,69.45
ZA,product-4724,817,32.20
ZA,product-4725,951,57.87
KE,product-4726,303,33.95
MA,product-4727,146,72.76
MA,product-4728,667,39.19
KE,product-4729,419,48.90
NG,product-4730,975,30.31
ZA,product-4731,201,18.57
GH,product-4732,616,17.63
MA,product-4733,99,41.74
GH,product-4734,538,46.58
MA,product-4735,380,26.83
MA,product-4736,754,69.14
KE,product-4737,168,28.76
GH,product-4738,204,7.44
NG,product-4739,247,3.25
GH,product-4740,338,36.40
KE,product-4741,862,29.47
NG,product-4742,854,55.35
ZA,product-4743,600,3.49
KE,product-4744,806,91.80
MA,product-4745,251,41.27
NG,product-4746,694,89.28
MA,product-4747,134,82.48
GH,product-4748,85,43.56
KE,product-4749,588,25.15
ZA,product-4750,914,95.73
MA,product-4751,31,41.35
KE,product-4752,441,88.32
NG,product-4753,912,8.61
KE,product-4754,576,39.57
NG,product-4755,53,3.59
ZA,product-4756,545,53.57
GH,product-4757,398,85.75
GH,product-4758,959,80.19
ZA,product-4759,846,35.60
KE,product-4760,799,12.66
GH,product-4761,849,0.50
KE,product-4762,440,66.93
MA,product-4763,549,41.71
KE,product-4764,451,47.68
KE,product-4765,698,59.68
NG,product-4766,754,80.93
ZA,product-4767,169,76.32
GH,product-4768,508,88.41
MA,product-4769,919,31.11
ZA,product-4770,294,43.66
NG,product-4771,683,97.88
GH,product-4772,569,72.83
GH,product-4773,8,98.17
ZA,product-4774,817,66.86
ZA,product-4775,222,41.16
MA,product-4776,914,71.25
MA,product-4777,386,63.64
GH,product-4778,203,4.98
ZA,product-4779,20,8.05
KE,product-4780,714,71.43
ZA,product-4781,870,4.01
ZA,product-4782,485,70.60
NG,product-4783,364,42.08
MA,product-4784,609,54.75
MA,product-4785,14,89.17
NG,product-4786,913,41.52
KE,product-4787,993,91.77
NG,product-4788,781,90.05
NG,product-4789,427,7.64
GH,product-4790,179,25.35
NG,product-4791,66,50.03
GH,product-4792,739,91.30
MA,product-4793,422,26.38
NG,product-4794,24,48.90
GH,product-4795,139,23.91
NG,product-4796,775,79.57
GH,product-4797,513,68.67
ZA,product-4798,423,53.66
ZA,product-4799,681,91.30
NG,product-4800,336,13.85
GH,product-4801,718,14.46
KE,product-4802,325,73.95
NG,product-4803,628,53.62
MA,product-4804,283,31.43
NG,product-4805,895,89.96
ZA,product-4806,584,57.15
NG,product-4807,303,35.99
KE,product-4808,324,44.91
NG,product-4809,119,20.12
GH,product-4810,936,35.42
ZA,product-4811,367,10.73
GH,product-4812,111,29.60
MA,product-4813,356,22.38
MA,product-4814,548,21.22
NG,product-4815,585,80.63
ZA,product-4816,416,86.30
GH,product-4817,492,48.00
NG,product-4818,377,8.55
KE,product-4819,350,4.18
GH,product-4820,421,48.18
GH,product-4821,694,24.40
NG,product-4822,421,88.24
MA,product-4823,294,92.70
NG,product-4824,70,51.60
GH,product-4825,382,9.20
KE,product-4826,112,76.90
MA,product-4827,790,99.42
MA,product-4828,406,21.88
KE,product-4829,322,70.80
GH,product-4830,775,64.39
GH,product-4831,429,38.72
KE,product-4832,41,60.34
NG,product-4833,883,55.21
GH,product-4834,821,25.61
KE,product-4835,446,38.22
KE,product-4836,460,78.04
GH,product-4837,425,86.40
ZA,product-4838,876,28.56
ZA,product-4839,79,73.10
GH,product-4840,93,29.23
MA,product-4841,898,30.34
NG,product-4842,979,89.48
ZA,product-4843,897,58.14
NG,product-4844,567,93.73
GH,product-4845,706,24.22
NG,product-4846,11,70.11
NG,product-4847,269,60.24
ZA,product-4848,291,99.60
GH,product-4849,518,70.13
KE,product-4850,613,76.42
GH,product-4851,448,81.99
ZA,product-4852,710,73.26
KE,product-4853,825,96.14
GH,product-4854,955,0.50
MA,product-4855,20,26.51
MA,product-4856,606,41.00
KE,product-4857,876,15.97
MA,product-4858,207,41.04
GH,product-4859,673,81.00
NG,product-4860,865,47.03
GH,product-4861,224,59.47
KE,product-4862,733,5.04
GH,product-4863,24,15.67
GH,product-4864,342,93.51
GH,product-4865,805,34.13
MA,product-4866,809,29.70
KE,product-4867,273,12.30
KE,product-4868,69,20.86
ZA,product-4869,359,16.87
GH,product-4870,861,34.58
ZA,product-4871,511,23.18
NG,product-4872,997,12.34
MA,product-4873,654,0.06
GH,product-4874,63,65.07
KE,product-4875,231,80.16
GH,product-4876,147,62.26
KE,product-4877,500,82.48
NG,product-4878,47,63.41
MA,product-4879,37,69.52
GH,product-4880,499,46.16
ZA,product-4881,620,12.77
KE,product-4882,649,16.78
NG,product-4883,468,56.98
ZA,product-4884,129,71.01
NG,product-4885,909,51.35
MA,product-4886,690,72.26
ZA,product-4887,496,16.23
GH,product-4888,929,62.74
KE,product-4889,208,77.91
ZA,product-4890,51,90.51
MA,product-4891,810,32.76
GH,product-4892,954,36.48
MA,product-4893,432,17.86
KE,product-4894,805,80.14
ZA,product-4895,75,98.75
NG,product-4896,680,2.68
KE,product-4897,746,54.41
MA,product-4898,771,42.25
ZA,product-4899,18,94.85
GH,product-4900,202,66.39
NG,product-4901,395,80.06
ZA,product-4902,347,3.62
KE,product-4903,533,97.25
ZA,product-4904,380,62.46
MA,product-4905,299,13.77
MA,product-4906,640,55.20
GH,product-4907,62,94.99
KE,product-4908,94,53.56
GH,product-4909,245,59.64
KE,product-4910,68,34.82
KE,product-4911,648,97.49
MA,product-4912,563,46.90
GH,product-4913,534,2.56
NG,product-4914,898,90.81
KE,product-4915,687,6.82
GH,product-4916,781,68.71
KE,product-4917,116,75.09
MA,product-4918,324,47.06
NG,product-4919,390,94.57
ZA,product-4920,507,9.24
MA,product-4921,783,52.80
GH,product-4922,611,90.16
NG,product-4923,80,17.09
GH,product-4924,826,62.82
MA,product-4925,986,46.36
MA,product-4926,497,5.28
MA,product-4927,187,56.11
ZA,product-4928,55,81.01
KE,product-4929,781,30.56
NG,product-4930,28,70.68
MA,product-4931,39,59.56
GH,product-4932,657,95.42
GH,product-4933,645,88.69
MA,product-4934,673,3.29
GH,product-4935,917,81.47
ZA,product-4936,537,4.48
GH,product-4937,350,46.88
NG,product-4938,688,90.71
NG,product-4939,942,55.83
ZA,product-4940,903,87.25
ZA,product-4941,651,62.01
GH,product-4942,580,83.21
MA,product-4943,174,34.76
NG,product-4944,545,85.72
MA,product-4945,919,36.69
MA,product-4946,328,19.30
ZA,product-4947,417,76.91
KE,product-4948,353,90.00
KE,product-4949,143,21.60
ZA,product-4950,497,10.88
KE,product-4951,826,30.38
NG,product-4952,132,47.87
GH,product-4953,916,33.49
NG,product-4954,877,94.30
MA,product-4955,592,11.33
KE,product-4956,546,97.17
KE,product-4957,791,20.25
ZA,product-4958,390,50.16
MA,product-4959,782,76.02
NG,product-4960,205,9.81
GH,product-4961,793,25.59
ZA,product-4962,186,97.50
ZA,product-4963,867,98.23
MA,product-4964,780,78.34
NG,product-4965,430,93.65
MA,product-4966,169,37.41
GH,product-4967,447,12.91
MA,product-4968,663,83.41
MA,product-4969,688,30.21
MA,product-4970,341,38.85
MA,product-4971,668,80.39
ZA,product-4972,754,86.66
NG,product-4973,898,65.47
KE,product-4974,431,10.04
NG,product-4975,346,3.48
GH,product-4976,536,34.88
NG,product-4977,737,41.35
KE,product-4978,43,15.10
NG,product-4979,474,51.55
MA,product-4980,80,27.23
GH,product-4981,482,77.10
KE,product-4982,714,3.44
GH,product-4983,286,83.21
NG,product-4984,71,8.65
MA,product-4985,434,8.90
GH,product-4986,518,23.26
KE,product-4987,592,4.91
MA,product-4988,299,30.83
NG,product-4989,967,71.24
MA,product-4990,553,1.79
MA,product-4991,118,88.50
NG,product-4992,27,18.60
GH,product-4993,735,10.50
KE,product-4994,803,20.56
ZA,product-4995,665,65.42
NG,product-4996,706,31.20
KE,product-4997,999,59.32
KE,product-4998,764,56.21
GH,product-4999,733,16.21
GH,product-5000,540,56.15
MA,product-5001,262,57.82
MA,product-5002,500,78.72
ZA,product-5003,347,37.86
NG,product-5004,971,42.38
ZA,product-5005,185,72.07
ZA,product-5006,540,44.09
KE,product-5007,243,36.68
GH,product-5008,358,7.61
GH,product-5009,353,71.56
ZA,product-5010,99,31.62
MA,product-5011,6,29.02
KE,product-5012,875,26.16
NG,product-5013,270,48.08
MA,product-5014,353,74.52
MA,product-5015,292,2.36
GH,product-5016,723,14.97
MA,product-5017,217,93.93
KE,product-5018,767,37.74
KE,product-5019,534,39.48
MA,product-5020,425,75.28
KE,product-5021,329,30.69
ZA,product-5022,723,56.84
MA,product-5023,781,63.97
MA,product-5024,823,38.68
KE,product-5025,338,94.13
MA,product-5026,710,77.77
ZA,product-5027,19,28.29
GH,product-5028,71,31.80
ZA,product-5029,6,29.28
GH,product-5030,182,79.64
GH,product-5031,393,43.17
KE,product-5032,471,73.85
MA,product-5033,995,94.89
NG,product-5034,757,69.58
NG,product-5035,56,89.95
MA,product-5036,684,57.26
MA,product-5037,363,89.83
GH,product-5038,177,83.25
MA,product-5039,581,51.30
ZA,product-5040,157,57.38
MA,product-5041,845,4.19
MA,product-5042,370,11.44
MA,product-5043,650,45.46
GH,product-5044,45,87.88
GH,product-5045,474,14.62
NG,product-5046,850,84.97
KE,product-5047,923,24.46
KE,product-5048,123,18.10
ZA,product-5049,190,89.98
ZA,product-5050,740,63.95
ZA,product-5051,627,61.87
MA,product-5052,656,26.13
GH,product-5053,658,5.91
GH,product-5054,546,40.84
NG,product-5055,344,20.92
ZA,product-5056,71,68.45
KE,product-5057,587,16.42
MA,product-5058,218,17.51
GH,product-5059,336,31.99
KE,product-5060,688,58.08
MA,product-5061,434,27.36
ZA,product-5062,420,96.69
NG,product-5063,960,16.51
KE,product-5064,832,70.88
GH,product-5065,430,2.10
NG,product-5066,258,5.28
NG,product-5067,437,36.88
MA,product-5068,453,27.93
GH,product-5069,827,13.27
MA,product-5070,864,44.68
MA,product-5071,204,92.71
MA,product-5072,650,0.26
KE,product-5073,103,55.62
ZA,product-5074,835,23.97
KE,product-5075,367,95.19
GH,product-5076,883,60.75
ZA,product-5077,354,14.41
KE,product-5078,929,16.23
GH,product-5079,639,1.75
KE,product-5080,806,65.48
KE,product-5081,143,6.04
MA,product-5082,768,21.66
NG,product-5083,847,39.31
GH,product-5084,295,97.93
NG,product-5085,311,7.25
MA,product-5086,909,77.00
GH,product-5087,693,48.06
KE,product-5088,521,11.73
NG,product-5089,89,1.07
GH,product-5090,162,64.94
GH,product-5091,791,67.72
NG,product-5092,973,59.69
NG,product-5093,126,54.10
GH,product-5094,503,72.40
GH,product-5095,611,40.87
NG,product-5096,754,89.05
KE,product-5097,721,19.85
MA,product-5098,947,98.93
GH,product-5099,536,61.92
KE,product-5100,972,95.94
GH,product-5101,531,81.44
MA,product-5102,940,17.88
MA,product-5103,896,25.38
MA,product-5104,663,4.88
ZA,product-5105,431,50.83
MA,product-5106,58,51.83
NG,product-5107,7,95.61
MA,product-5108,887,36.44
ZA,product-5109,392,98.37
ZA,product-5110,776,15.71
ZA,product-5111,446,15.17
GH,product-5112,907,12.56
GH,product-5113,327,82.86
GH,product-5114,132,0.69
GH,product-5115,652,95.27
ZA,product-5116,243,2.12
NG,product-5117,602,64.34
NG,product-5118,661,88.14
ZA,product-5119,529,91.20
NG,product-5120,407,7.72
ZA,product-5121,799,26.04
KE,product-5122,512,47.78
KE,product-5123,934,1.92
NG,product-5124,678,45.22
MA,product-5125,938,96.86
NG,product-5126,749,77.13
ZA,product-5127,402,53.29
NG,product-5128,404,58.89
KE,product-5129,925,9.29
KE,product-5130,498,91.62
GH,product-5131,781,61.45
KE,product-5132,583,66.26
ZA,product-5133,347,90.04
KE,product-5134,619,85.35
GH,product-5135,356,48.41
KE,product-5136,334,45.07
GH,product-5137,128,25.94
NG,product-5138,579,86.29
MA,product-5139,790,18.71
ZA,product-5140,104,89.72
NG,product-5141,36,89.92
MA,product-5142,728,80.53
ZA,product-5143,27,14.54
KE,product-5144,146,4.12
GH,product-5145,70,41.16
ZA,product-5146,665,94.50
KE,product-5147,393,28.50
ZA,product-5148,793,67.21
KE,product-5149,103,52.83
ZA,product-5150,412,72.15
NG,product-5151,449,3.31
ZA,product-5152,562,16.95
NG,product-5153,88,73.69
MA,product-5154,395,76.35
NG,product-5155,609,99.68
GH,product-5156,132,77.30
ZA,product-5157,669,80.78
KE,product-5158,845,63.43
GH,product-5159,757,30.86
ZA,product-5160,344,35.38
GH,product-5161,659,67.66
GH,product-5162,961,74.54
GH,product-5163,463,33.75
KE,product-5164,241,73.86
NG,product-5165,714,46.52
ZA,product-5166,605,8.93
NG,product-5167,153,29.21
MA,product-5168,863,61.50
ZA,product-5169,351,99.21
KE,product-5170,227,93.49
KE,product-5171,566,18.28
NG,product-5172,975,29.47
KE,product-5173,650,19.88
GH,product-5174,481,42.42
ZA,product-5175,559,84.03
NG,product-5176,510,54.44
ZA,product-5177,263,64.93
GH,product-5178,951,83.21
GH,product-5179,497,22.20
NG,product-5180,110,8.27
GH,product-5181,453,39.07
ZA,product-5182,978,49.18
GH,product-5183,844,11.57
KE,product-5184,699,39.50
MA,product-5185,872,13.07
MA,product-5186,522,13.27
GH,product-5187,159,53.28
ZA,product-5188,406,57.19
ZA,product-5189,859,63.09
MA,product-5190,425,96.54
ZA,product-5191,267,21.26
ZA,product-5192,281,6.55
KE,product-5193,192,66.36
ZA,product-5194,576,90.42
NG,product-5195,115,20.46
MA,product-5196,37,33.78
MA,product-5197,58,55.89
GH,product-5198,533,38.27
ZA,product-5199,542,85.46
MA,product-5200,0,87.14
GH,product-5201,56,44.73
NG,product-5202,827,56.67
KE,product-5203,434,83.82
GH,product-5204,602,71.65
GH,product-5205,431,20.86
GH,product-5206,889,99.94
NG,product-5207,682,0.25
GH,product-5208,842,81.20
KE,product-5209,67,83.60
GH,product-5210,25,22.71
GH,product-5211,386,21.06
MA,product-5212,228,57.31
KE,product-5213,945,41.76
GH,product-5214,252,82.14
GH,product-5215,559,49.55
KE,product-5216,167,46.31
KE,product-5217,448,48.17
GH,product-5218,752,54.90
ZA,product-5219,819,66.95
NG,product-5220,288,70.66
GH,product-5221,233,83.70
MA,product-5222,992,58.26
MA,product-5223,338,90.81
GH,product-5224,50,82.91
KE,product-5225,45,52.59
MA,product-5226,401,94.26
NG,product-5227,329,76.18
ZA,product-5228,147,96.95
ZA,product-5229,31,55.33
GH,product-5230,458,39.43
NG,product-5231,879,7.64
MA,product-5232,54,65.00
KE,product-5233,927,42.87
MA,product-5234,534,96.43
ZA,product-5235,274,95.88
KE,product-5236,759,4.28
KE,product-5237,427,75.45
ZA,product-5238,818,60.69
MA,product-5239,52,67.69
GH,product-5240,273,42.21
NG,product-5241,871,15.23
MA,product-5242,749,26.26
ZA,product-5243,437,37.79
KE,product-5244,857,39.58
NG,product-5245,853,7.71
KE,product-5246,424,4.42
MA,product-5247,203,61.09
MA,product-5248,418,70.97
GH,product-5249,612,24.66
KE,product-5250,826,61.61
GH,product-5251,264,51.90
ZA,product-5252,714,85.01
NG,product-5253,509,96.00
ZA,product-5254,380,50.21
MA,product-5255,616,17.52
GH,product-5256,447,61.33
ZA,product-5257,813,82.19
NG,product-5258,214,50.97
KE,product-5259,129,75.25
NG,product-5260,258,39.27
KE,product-5261,205,66.62
ZA,product-5262,598,66.83
NG,product-5263,751,25.85
MA,product-5264,783,43.72
MA,product-5265,311,51.39
GH,product-5266,333,29.65
ZA,product-5267,75,15.08
ZA,product-5268,178,66.31
NG,product-5269,178,17.53
ZA,product-5270,704,23.02
NG,product-5271,224,93.40
NG,product-5272,984,83.80
ZA,product-5273,135,2.09
KE,product-5274,510,86.68
ZA,product-5275,905,25.15
NG,product-5276,894,44.57
KE,product-5277,959,52.27
MA,product-5278,363,19.03
KE,product-5279,969,86.15
KE,product-5280,677,67.73
MA,product-5281,972,94.42
GH,product-5282,987,30.18
MA,product-5283,934,82.42
KE,product-5284,120,64.20
MA,product-5285,592,3.20
GH,product-5286,699,77.38
KE,product-5287,150,52.44
NG,product-5288,432,40.03
ZA,product-5289,742,96.16
ZA,product-5290,416,72.59
MA,product-5291,620,81.65
KE,product-5292,597,36.90
MA,product-5293,779,92.07
GH,product-5294,909,96.66
GH,product-5295,619,98.03
KE,product-5296,586,85.21
ZA,product-5297,517,78.24
KE,product-5298,798,57.93
GH,product-5299,1,16.49
KE,product-5300,111,2.33
ZA,product-5301,748,38.40
ZA,product-5302,147,99.02
GH,product-5303,672,14.00
GH,product-5304,786,13.65
GH,product-5305,958,24.91
NG,product-5306,337,85.30
KE,product-5307,497,10.25
ZA,product-5308,163,82.59
GH,product-5309,35,66.77
KE,product-5310,986,1.42
MA,product-5311,724,87.50
MA,product-5312,958,98.71
GH,product-5313,181,73.36
MA,product-5314,873,23.00
NG,product-5315,557,1.58
GH,product-5316,232,29.72
NG,product-5317,726,9.39
ZA,product-5318,253,58.26
GH,product-5319,176,36.25
GH,product-5320,337,56.11
MA,product-5321,412,87.48
NG,product-5322,704,16.12
MA,product-5323,687,49.29
KE,product-5324,26,56.32
ZA,product-5325,65,81.43
GH,product-5326,499,26.80
NG,product-5327,551,74.86
MA,product-5328,737,83.25
GH,product-5329,254,30.67
GH,product-5330,699,57.46
ZA,product-5331,922,36.31
KE,product-5332,506,54.54
NG,product-5333,617,66.63
NG,product-5334,894,85.42
GH,product-5335,356,56.20
GH,product-5336,69,24.21
MA,product-5337,141,14.59
GH,product-5338,781,17.28
MA,product-5339,767,80.64
GH,product-5340,676,94.42
MA,product-5341,108,90.19
ZA,product-5342,668,72.77
MA,product-5343,774,74.91
GH,product-5344,627,22.81
KE,product-5345,513,55.59
NG,product-5346,865,61.15
ZA,product-5347,42,36.33
NG,product-5348,522,40.58
GH,product-5349,659,96.97
NG,product-5350,71,69.29
NG,product-5351,575,41.27
KE,product-5352,589,97.50
ZA,product-5353,164,8.63
NG,product-5354,789,93.26
KE,product-5355,447,82.80
NG,product-5356,931,98.04
MA,product-5357,405,24.09
KE,product-5358,606,12.22
KE,product-5359,763,4.91
ZA,product-5360,989,40.39
NG,product-5361,92,40.28
KE,product-5362,647,25.97
MA,product-5363,960,53.13
ZA,product-5364,356,63.11
KE,product-5365,279,13.48
MA,product-5366,838,61.72
GH,product-5367,984,93.06
NG,product-5368,315,24.84
GH,product-5369,788,20.22
NG,product-5370,782,66.32
NG,product-5371,919,3.65
MA,product-5372,939,94.79
NG,product-5373,74,69.47
NG,product-5374,75,45.10
ZA,product-5375,163,90.50
GH,product-5376,652,30.48
KE,product-5377,882,26.36
ZA,product-5378,333,51.77
GH,product-5379,357,86.98
KE,product-5380,130,48.90
NG,product-5381,667,81.30
NG,product-5382,30,64.37
GH,product-5383,204,30.35
KE,product-5384,973,1.46
ZA,product-5385,121,34.74
KE,product-5386,951,97.13
KE,product-5387,784,23.11
ZA,product-5388,402,9.26
NG,product-5389,814,75.16
ZA,product-5390,292,30.80
KE,product-5391,427,50.52
GH,product-5392,245,49.46
KE,product-5393,980,82.30
MA,product-5394,282,40.45
KE,product-5395,240,61.87
MA,product-5396,33,57.17
KE,product-5397,981,6.69
ZA,product-5398,865,1.98
ZA,product-5399,106,92.71
GH,product-5400,629,82.84
ZA,product-5401,568,44.70
GH,product-5402,817,67.92
ZA,product-5403,344,36.45
GH,product-5404,430,35.21
GH,product-5405,901,53.66
MA,product-5406,500,51.36
MA,product-5407,105,33.38
NG,product-5408,823,15.64
ZA,product-5409,17,51.42
KE,product-5410,483,69.56
ZA,product-5411,861,87.33
GH,product-5412,546,68.00
MA,product-5413,314,64.66
MA,product-5414,228,31.86
MA,product-5415,138,46.96
MA,product-5416,518,75.09
GH,product-5417,499,84.42
KE,product-5418,882,40.88
NG,product-5419,907,36.86
KE,product-5420,346,43.05
MA,product-5421,607,96.29
KE,product-5422,25,19.66
GH,product-5423,595,66.06
NG,product-5424,607,25.47
NG,product-5425,508,54.10
GH,product-5426,876,41.42
NG,product-5427,739,24.03
KE,product-5428,220,37.37
KE,product-5429,125,3.37
MA,product-5430,601,5.39
GH,product-5431,127,60.71
MA,product-5432,317,87.43
MA,product-5433,68,46.84
MA,product-5434,715,10.72
MA,product-5435,28,91.52
GH,product-5436,995,32.39
KE,product-5437,922,29.47
MA,product-5438,3,18.70
MA,product-5439,793,17.34
NG,product-5440,292,78.36
NG,product-5441,621,22.03
MA,product-5442,831,21.70
MA,product-5443,187,77.43
GH,product-5444,472,97.96
GH,product-5445,209,36.44
NG,product-5446,792,16.94
ZA,product-5447,599,33.93
MA,product-5448,592,25.44
NG,product-5449,835,63.67
ZA,product-5450,897,28.40
GH,product-5451,222,99.87
GH,product-5452,222,99.37
GH,product-5453,377,23.60
NG,product-5454,758,79.99
NG,product-5455,416,20.92
GH,product-5456,946,1.66
KE,product-5457,526,79.10
NG,product-5458,950,71.16
ZA,product-5459,333,83.68
GH,product-5460,224,47.46
NG,product-5461,734,18.58
NG,product-5462,513,11.36
MA,product-5463,836,60.19
KE,product-5464,4,35.96
NG,product-5465,199,80.85
NG,product-5466,815,72.66
KE,product-5467,460,53.86
GH,product-5468,605,86.71
ZA,product-5469,525,57.78
ZA,product-5470,741,36.13
MA,product-5471,84,11.26
GH,product-5472,366,47.78
GH,product-5473,972,16.00
GH,product-5474,55,34.36
KE,product-5475,671,1.96
NG,product-5476,361,12.71
MA,product-5477,403,69.86
ZA,product-5478,11,50.51
NG,product-5479,551,83.50
MA,product-5480,774,94.35
KE,product-5481,506,62.62
ZA,product-5482,50,99.51
GH,product-5483,46,12.20
MA,product-5484,583,98.82
ZA,product-5485,616,0.67
ZA,product-5486,289,66.45
GH,product-5487,775,43.29
NG,product-5488,181,21.26
KE,product-5489,64,49.38
MA,product-5490,322,41.99
GH,product-5491,149,86.70
ZA,product-5492,102,58.67
KE,product-5493,307,72.70
KE,product-5494,590,74.06
MA,product-5495,400,98.42
ZA,product-5496,418,44.35
ZA,product-5497,705,4.96
KE,product-5498,599,22.89
ZA,product-5499,599,8.59
MA,product-5500,707,80.00
KE,product-5501,712,98.71
GH,product-5502,517,35.48
MA,product-5503,632,51.49
NG,product-5504,625,7.78
NG,product-5505,668,47.33
KE,product-5506,9,38.53
KE,product-5507,765,33.36
ZA,product-5508,74,57.85
MA,product-5509,63,2.45
NG,product-5510,359,37.47
KE,product-5511,35,90.23
MA,product-5512,702,1.35
NG,product-5513,676,83.79
KE,product-5514,284,47.07
GH,product-5515,229,38.48
GH,product-5516,13,11.91
NG,product-5517,388,67.02
KE,product-5518,612,43.96
NG,product-5519,165,47.66
ZA,product-5520,631,37.16
NG,product-5521,48,73.47
ZA,product-5522,817,56.10
MA,product-5523,187,83.72
KE,product-5524,267,43.09
GH,product-5525,943,17.64
ZA,product-5526,619,1.79
KE,product-5527,222,55.39
KE,product-5528,853,23.39
NG,product-5529,14,90.11
ZA,product-5530,109,93.98
MA,product-5531,244,42.30
NG,product-5532,451,52.74
ZA,product-5533,840,89.81
KE,product-5534,994,63.47
MA,product-5535,483,93.41
GH,product-5536,201,59.36
GH,product-5537,332,64.28
KE,product-5538,990,83.93
MA,product-5539,657,15.40
NG,product-5540,336,17.70
KE,product-5541,342,33.74
KE,product-5542,172,13.87
GH,product-5543,974,68.98
KE,product-5544,828,96.37
MA,product-5545,549,61.14
GH,product-5546,894,77.61
MA,product-5547,90,35.15
ZA,product-5548,29,81.45
NG,product-5549,715,35.55
MA,product-5550,316,30.79
GH,product-5551,903,28.99
ZA,product-5552,972,29.94
ZA,product-5553,19,62.85
KE,product-5554,260,89.31
KE,product-5555,224,76.01
NG,product-5556,115,4.41
KE,product-5557,716,90.93
ZA,product-5558,932,26.45
NG,product-5559,287,24.14
NG,product-5560,426,13.82
KE,product-5561,410,85.24
MA,product-5562,18,51.55
KE,product-5563,649,2.90
GH,product-5564,979,77.91
KE,product-5565,76,1.99
ZA,product-5566,505,95.03
NG,product-5567,539,1.98
KE,product-5568,331,0.72
NG,product-5569,504,43.79
KE,product-5570,514,98.97
ZA,product-5571,189,73.23
MA,product-5572,222,54.36
GH,product-5573,510,26.24
MA,product-5574,197,5.20
MA,product-5575,914,24.82
GH,product-5576,976,0.98
ZA,product-5577,36,35.57
KE,product-5578,40,53.19
NG,product-5579,35,69.52
ZA,product-5580,140,99.66
ZA,product-5581,838,81.61
KE,product-5582,457,83.09
GH,product-5583,531,31.51
MA,product-5584,329,0.82
NG,product-5585,671,64.78
MA,product-5586,190,72.97
KE,product-5587,952,73.19
MA,product-5588,946,17.78
GH,product-5589,507,28.95
ZA,product-5590,596,9.44
NG,product-5591,934,68.47
NG,product-5592,832,9.41
KE,product-5593,930,23.81
ZA,product-5594,818,34.69
MA,product-5595,881,90.75
ZA,product-5596,72,32.95
GH,product-5597,542,45.79
ZA,product-5598,642,8.55
NG,product-5599,540,72.37
KE,product-5600,888,39.71
MA,product-5601,43,6.60
NG,product-5602,578,98.43
KE,product-5603,537,74.97
KE,product-5604,508,27.84
GH,product-5605,780,29.39
KE,product-5606,987,38.65
NG,product-5607,955,23.36
MA,product-5608,726,59.08
KE,product-5609,204,0.46
GH,product-5610,623,73.09
KE,product-5611,448,11.64
ZA,product-5612,575,87.64
MA,product-5613,348,84.44
NG,product-5614,125,65.39
MA,product-5615,198,40.80
NG,product-5616,896,36.46
GH,product-5617,518,28.00
NG,product-5618,3,30.36
ZA,product-5619,962,3.76
KE,product-5620,927,39.50
GH,product-5621,605,0.26
KE,product-5622,569,10.79
NG,product-5623,807,11.81
GH,product-5624,115,99.77
GH,product-5625,980,67.47
ZA,product-5626,802,12.25
ZA,product-5627,744,39.75
KE,product-5628,523,93.88
KE,product-5629,554,15.17
KE,product-5630,456,50.33
ZA,product-5631,257,96.40
NG,product-5632,548,82.43
MA,product-5633,950,24.14
KE,product-5634,20,99.73
GH,product-5635,771,19.29
KE,product-5636,83,91.55
ZA,product-5637,392,39.64
MA,product-5638,679,23.62
GH,product-5639,166,78.35
ZA,product-5640,378,60.84
GH,product-5641,832,51.55
MA,product-5642,529,74.42
KE,product-5643,526,24.98
KE,product-5644,483,8.98
ZA,product-5645,265,55.17
NG,product-5646,524,35.91
NG,product-5647,917,93.21
KE,product-5648,150,78.96
NG,product-5649,431,7.82
KE,product-5650,260,13.55
NG,product-5651,729,62.08
NG,product-5652,16,32.23
NG,product-5653,229,49.38
ZA,product-5654,785,58.95
NG,product-5655,21,62.98
NG,product-5656,125,14.29
MA,product-5657,33,17.79
MA,product-5658,121,53.28
MA,product-5659,985,18.82
KE,product-5660,577,58.80
NG,product-5661,363,15.19
NG,product-5662,633,72.56
NG,product-5663,297,10.54
MA,product-5664,418,31.77
ZA,product-5665,908,49.81
NG,product-5666,574,4.06
ZA,product-5667,366,15.06
MA,product-5668,822,79.36
MA,product-5669,163,45.37
ZA,product-5670,956,89.15
MA,product-5671,12,88.57
NG,product-5672,495,97.17
KE,product-5673,928,49.21
GH,product-5674,134,94.79
KE,product-5675,754,37.04
MA,product-5676,9,94.61
GH,product-5677,104,61.51
GH,product-5678,205,60.14
GH,product-5679,308,10.16
GH,product-5680,294,32.69
KE,product-5681,163,69.79
ZA,product-5682,496,75.19
GH,product-5683,46,75.61
ZA,product-5684,259,54.65
NG,product-5685,83,21.99
GH,product-5686,893,61.37
KE,product-5687,261,95.13
MA,product-5688,954,69.21
MA,product-5689,829,16.08
ZA,product-5690,12,20.58
GH,product-5691,769,89.43
ZA,product-5692,734,59.49
NG,product-5693,30,39.08
NG,product-5694,737,60.82
KE,product-5695,282,29.10
KE,product-5696,250,59.91
NG,product-5697,734,50.32
ZA,product-5698,87,49.07
ZA,product-5699,34,57.47
KE,product-5700,80,8.28
NG,product-5701,915,76.74
GH,product-5702,728,33.51
ZA,product-5703,907,30.92
KE,product-5704,363,90.44
MA,product-5705,521,72.69
ZA,product-5706,226,61.96
ZA,product-5707,829,55.69
KE,product-5708,441,47.40
KE,product-5709,525,77.73
NG,product-5710,661,39.46
MA,product-5711,218,58.79
KE,product-5712,301,64.39
ZA,product-5713,825,48.14
GH,product-5714,156,72.08
ZA,product-5715,190,40.90
NG,product-5716,46,53.48
MA,product-5717,580,66.76
NG,product-5718,646,17.28
NG,product-5719,976,74.79
MA,product-5720,266,39.11
KE,product-5721,814,67.94
KE,product-5722,945,18.10
KE,product-5723,932,85.50
MA,product-5724,310,40.98
GH,product-5725,793,41.41
GH,product-5726,199,64.08
MA,product-5727,259,54.70
GH,product-5728,584,99.34
NG,product-5729,187,10.33
NG,product-5730,427,96.41
NG,product-5731,288,46.70
GH,product-5732,316,42.15
NG,product-5733,755,74.73
GH,product-5734,709,98.55
MA,product-5735,535,38.15
MA,product-5736,843,21.87
GH,product-5737,407,25.25
MA,product-5738,123,58.98
ZA,product-5739,385,16.98
ZA,product-5740,450,91.93
MA,product-5741,570,15.33
KE,product-5742,210,47.91
MA,product-5743,41,16.81
KE,product-5744,48,43.14
KE,product-5745,702,94.58
MA,product-5746,871,94.49
NG,product-5747,633,51.18
KE,product-5748,915,74.81
GH,product-5749,474,45.51
MA,product-5750,538,19.51
NG,product-5751,149,82.39
KE,product-5752,455,82.04
KE,product-5753,653,54.22
MA,product-5754,672,50.93
NG,product-5755,465,94.46
ZA,product-5756,706,88.27
MA,product-5757,252,28.51
GH,product-5758,872,79.99
ZA,product-5759,924,52.38
NG,product-5760,439,85.31
NG,product-5761,45,89.87
GH,product-5762,439,32.80
MA,product-5763,83,66.90
ZA,product-5764,973,44.85
MA,product-5765,111,17.08
MA,product-5766,647,48.31
GH,product-5767,954,33.29
KE,product-5768,953,40.36
GH,product-5769,198,86.65
MA,product-5770,49,69.30
KE,product-5771,237,96.49
NG,product-5772,597,13.11
MA,product-5773,448,92.44
GH,product-5774,666,64.30
NG,product-5775,462,23.22
ZA,product-5776,482,10.99
KE,product-5777,161,18.35
MA,product-5778,646,42.18
KE,product-5779,688,56.12
GH,product-5780,532,33.72
GH,product-5781,803,61.43
ZA,product-5782,902,7.68
KE,product-5783,383,72.96
ZA,product-5784,349,62.70
GH,product-5785,510,97.17
MA,product-5786,158,52.53
MA,product-5787,7,44.14
KE,product-5788,855,14.69
GH,product-5789,614,38.04
ZA,product-5790,479,68.30
MA,product-5791,696,80.69
MA,product-5792,902,18.73
MA,product-5793,447,70.11
GH,product-5794,246,59.90
NG,product-5795,120,48.70
KE,product-5796,385,54.42
KE,product-5797,249,33.61
NG,product-5798,99,21.12
KE,product-5799,111,81.87
GH,product-5800,60,99.95
NG,product-5801,269,74.38
MA,product-5802,62,41.99
GH,product-5803,332,11.32
MA,product-5804,219,80.32
KE,product-5805,603,9.61
MA,product-5806,41,17.68
NG,product-5807,801,82.90
GH,product-5808,353,64.07
ZA,product-5809,327,91.98
NG,product-5810,560,58.42
GH,product-5811,331,75.48
ZA,product-5812,585,43.10
MA,product-5813,166,92.61
GH,product-5814,197,78.01
MA,product-5815,466,35.88
ZA,product-5816,617,84.92
NG,product-5817,36,98.87
KE,product-5818,898,26.15
ZA,product-5819,937,98.60
KE,product-5820,416,53.76
KE,product-5821,897,22.26
ZA,product-5822,623,86.52
MA,product-5823,498,7.06
KE,product-5824,716,56.72
KE,product-5825,686,18.51
ZA,product-5826,614,83.23
ZA,product-5827,791,98.56
KE,product-5828,759,72.58
ZA,product-5829,216,85.96
KE,product-5830,448,17.73
ZA,product-5831,10,81.65
NG,product-5832,205,89.88
NG,product-5833,646,1.02
KE,product-5834,386,36.72
MA,product-5835,275,89.63
ZA,product-5836,238,14.37
ZA,product-5837,378,81.67
GH,product-5838,639,84.15
KE,product-5839,826,51.09
NG,product-5840,470,85.18
GH,product-5841,224,44.90
KE,product-5842,520,29.53
ZA,product-5843,593,43.54
KE,product-5844,853,21.24
KE,product-5845,977,80.58
NG,product-5846,876,73.36
MA,product-5847,113,89.59
KE,product-5848,708,40.54
KE,product-5849,75,74.40
GH,product-5850,950,29.10
ZA,product-5851,484,90.19
ZA,product-5852,339,34.42
ZA,product-5853,597,91.75
NG,product-5854,79,1.20
MA,product-5855,255,36.15
KE,product-5856,988,78.03
NG,product-5857,296,46.90
ZA,product-5858,37,40.06
KE,product-5859,716,95.48
GH,product-5860,972,92.92
ZA,product-5861,157,44.81
KE,product-5862,277,83.62
NG,product-5863,365,94.20
GH,product-5864,783,9.50
KE,product-5865,814,31.86
MA,product-5866,381,48.54
NG,product-5867,718,63.77
MA,product-5868,59,20.89
ZA,product-5869,477,4.34
NG,product-5870,298,64.46
NG,product-5871,378,99.66
GH,product-5872,785,89.84
MA,product-5873,432,35.11
NG,product-5874,720,79.05
GH,product-5875,784,48.31
GH,product-5876,757,7.21
ZA,product-5877,673,36.90
NG,product-5878,321,0.21
MA,product-5879,523,9.32
GH,product-5880,444,19.09
GH,product-5881,421,63.86
GH,product-5882,49,51.94
GH,product-5883,319,15.89
MA,product-5884,410,59.79
GH,product-5885,889,11.11
NG,product-5886,965,13.23
KE,product-5887,779,49.61
NG,product-5888,4,31.71
GH,product-5889,631,58.89
NG,product-5890,559,86.63
KE,product-5891,280,87.27
ZA,product-5892,610,16.09
GH,product-5893,857,65.97
KE,product-5894,293,75.35
GH,product-5895,194,95.89
NG,product-5896,461,30.70
MA,product-5897,964,36.88
GH,product-5898,324,50.54
KE,product-5899,830,13.83
GH,product-5900,290,29.91
MA,product-5901,747,98.45
KE,product-5902,167,88.52
MA,product-5903,521,41.07
MA,product-5904,107,16.98
ZA,product-5905,311,84.96
ZA,product-5906,774,72.15
GH,product-5907,830,22.12
NG,product-5908,661,0.92
ZA,product-5909,542,17.02
NG,product-5910,667,86.20
MA,product-5911,892,62.30
MA,product-5912,935,98.25
GH,product-5913,314,20.18
GH,product-5914,900,16.29
NG,product-5915,283,16.64
MA,product-5916,155,33.69
MA,product-5917,651,1.22
ZA,product-5918,277,55.20
ZA,product-5919,428,50.35
MA,product-5920,855,85.48
GH,product-5921,858,11.77
MA,product-5922,526,71.83
ZA,product-5923,883,82.39
ZA,product-5924,168,0.44
KE,product-5925,756,77.81
KE,product-5926,86,70.28
KE,product-5927,558,12.36
KE,product-5928,314,90.78
MA,product-5929,785,33.88
NG,product-5930,719,3.73
NG,product-5931,387,53.98
MA,product-5932,669,13.73
MA,product-5933,87,79.87
GH,product-5934,651,51.00
ZA,product-5935,507,81.67
ZA,product-5936,58,58.38
MA,product-5937,311,21.29
MA,product-5938,382,59.53
NG,product-5939,336,89.93
ZA,product-5940,527,26.56
MA,product-5941,846,40.87
MA,product-5942,105,40.27
GH,product-5943,944,40.61
GH,product-5944,695,32.05
KE,product-5945,203,97.87
ZA,product-5946,761,44.34
GH,product-5947,37,34.67
NG,product-5948,438,60.58
ZA,product-5949,921,52.90
GH,product-5950,106,32.10
NG,product-5951,834,24.69
MA,product-5952,5,89.79
MA,product-5953,631,12.49
MA,product-5954,932,11.30
MA,product-5955,759,23.42
KE,product-5956,585,14.98
MA,product-5957,642,2.98
NG,product-5958,860,32.34
NG,product-5959,989,38.39
ZA,product-5960,832,76.22
KE,product-5961,928,54.80
ZA,product-5962,286,28.19
MA,product-5963,226,74.83
NG,product-5964,452,77.23
GH,product-5965,288,19.99
GH,product-5966,762,77.30
MA,product-5967,559,45.59
KE,product-5968,921,44.09
NG,product-5969,173,15.92
KE,product-5970,758,17.55
KE,product-5971,327,61.66
KE,product-5972,354,1.33
MA,product-5973,108,21.54
NG,product-5974,568,55.61
GH,product-5975,958,57.04
GH,product-5976,512,37.38
KE,product-5977,495,82.37
NG,product-5978,312,1.60
GH,product-5979,846,27.71
KE,product-5980,765,79.93
ZA,product-5981,139,55.94
GH,product-5982,259,30.00
MA,product-5983,149,58.47
KE,product-5984,735,83.00
ZA,product-5985,876,35.66
GH,product-5986,512,73.20
MA,product-5987,721,71.83
NG,product-5988,529,85.72
KE,product-5989,88,72.44
ZA,product-5990,905,25.77
MA,product-5991,698,11.36
GH,product-5992,501,58.65
GH,product-5993,480,0.29
ZA,product-5994,646,8.59
GH,product-5995,115,66.68
KE,product-5996,663,18.58
MA,product-5997,422,25.77
ZA,product-5998,647,60.97
ZA,product-5999,957,95.62
ZA,product-6000,140,86.41
ZA,product-6001,834,36.52
GH,product-6002,310,21.72
MA,product-6003,485,91.72
NG,product-6004,520,5.32
KE,product-6005,396,2.80
ZA,product-6006,986,24.88
NG,product-6007,160,42.24
MA,product-6008,256,17.42
NG,product-6009,677,9.20
KE,product-6010,719,6.98
ZA,product-6011,522,2.57
GH,product-6012,523,28.47
MA,product-6013,104,96.99
ZA,product-6014,728,4.00
NG,product-6015,960,87.68
NG,product-6016,731,53.97
NG,product-6017,251,58.03
MA,product-6018,670,22.46
GH,product-6019,390,36.77
GH,product-6020,525,9.98
NG,product-6021,288,45.36
NG,product-6022,467,33.31
NG,product-6023,485,99.02
GH,product-6024,30,26.28
GH,product-6025,369,73.67
MA,product-6026,541,34.86
GH,product-6027,951,66.72
MA,product-6028,340,45.60
MA,product-6029,805,49.43
GH,product-6030,669,29.43
NG,product-6031,383,37.36
MA,product-6032,29,35.37
GH,product-6033,911,35.80
ZA,product-6034,840,86.13
NG,product-6035,415,73.76
MA,product-6036,67,0.19
MA,product-6037,361,64.82
MA,product-6038,902,36.29
GH,product-6039,83,25.52
ZA,product-6040,502,13.03
MA,product-6041,483,38.35
NG,product-6042,472,22.99
MA,product-6043,997,96.95
MA,product-6044,475,3.27
ZA,product-6045,555,28.23
GH,product-6046,460,65.74
KE,product-6047,278,75.27
NG,product-6048,688,18.19
NG,product-6049,800,98.14
KE,product-6050,376,22.73
MA,product-6051,756,21.92
GH,product-6052,139,56.51
KE,product-6053,888,59.98
MA,product-6054,477,34.21
GH,product-6055,54,35.27
NG,product-6056,509,81.65
GH,product-6057,3,57.58
NG,product-6058,641,93.30
ZA,product-6059,908,80.01
MA,product-6060,44,58.07
KE,product-6061,461,13.77
MA,product-6062,707,67.98
KE,product-6063,343,92.73
NG,product-6064,214,88.95
KE,product-6065,299,98.08
KE,product-6066,196,69.90
KE,product-6067,714,13.77
GH,product-6068,364,0.86
ZA,product-6069,961,80.51
NG,product-6070,837,56.16
GH,product-6071,106,44.67
KE,product-6072,188,83.29
KE,product-6073,392,32.41
MA,product-6074,813,72.13
KE,product-6075,399,19.46
KE,product-6076,941,26.19
GH,product-6077,509,64.73
GH,product-6078,388,20.33
KE,product-6079,396,36.30
MA,product-6080,714,60.52
KE,product-6081,910,27.87
GH,product-6082,209,85.35
KE,product-6083,907,57.06
KE,product-6084,628,93.81
MA,product-6085,211,41.44
ZA,product-6086,999,79.30
MA,product-6087,169,7.17
MA,product-6088,843,58.58
ZA,product-6089,720,8.41
ZA,product-6090,893,91.32
ZA,product-6091,365,24.21
NG,product-6092,189,46.84
ZA,product-6093,237,85.28
KE,product-6094,261,84.31
GH,product-6095,327,30.85
GH,product-6096,410,54.77
NG,product-6097,714,30.58
MA,product-6098,139,15.57
ZA,product-6099,75,2.79
NG,product-6100,591,0.15
GH,product-6101,648,36.52
GH,product-6102,429,41.92
NG,product-6103,852,33.98
MA,product-6104,667,22.26
MA,product-6105,638,71.89
NG,product-6106,695,35.56
MA,product-6107,354,19.47
MA,product-6108,445,89.87
MA,product-6109,291,17.84
MA,product-6110,785,43.26
ZA,product-6111,442,78.91
NG,product-6112,646,70.30
KE,product-6113,849,59.87
NG,product-6114,306,58.43
KE,product-6115,280,40.25
KE,product-6116,629,69.37
GH,product-6117,903,80.73
MA,product-6118,847,7.76
ZA,product-6119,95,22.02
MA,product-6120,428,53.56
ZA,product-6121,817,14.59
KE,product-6122,460,2.80
KE,product-6123,915,21.98
KE,product-6124,604,45.59
GH,product-6125,443,48.49
ZA,product-6126,656,3.50
ZA,product-6127,303,59.82
KE,product-6128,604,58.22
MA,product-6129,628,57.04
GH,product-6130,134,99.49
ZA,product-6131,292,59.35
NG,product-6132,154,83.64
ZA,product-6133,37,54.80
ZA,product-6134,786,74.71
MA,product-6135,746,5.53
NG,product-6136,942,89.15
KE,product-6137,200,12.89
NG,product-6138,233,7.83
NG,product-6139,898,98.21
NG,product-6140,847,35.19
GH,product-6141,941,94.77
GH,product-6142,785,13.03
GH,product-6143,325,76.31
NG,product-6144,858,70.90
MA,product-6145,594,4.27
KE,product-6146,871,17.11
MA,product-6147,761,92.96
NG,product-6148,881,89.16
MA,product-6149,121,22.72
GH,product-6150,213,15.17
NG,product-6151,366,52.74
ZA,product-6152,869,41.08
GH,product-6153,802,70.07
MA,product-6154,21,38.76
KE,product-6155,146,67.53
ZA,product-6156,760,55.22
ZA,product-6157,565,49.41
GH,product-6158,701,58.34
ZA,product-6159,316,51.80
KE,product-6160,918,14.22
MA,product-6161,9,75.72
NG,product-6162,580,72.85
MA,product-6163,254,41.43
MA,product-6164,780,64.61
MA,product-6165,461,10.78
MA,product-6166,220,7.72
NG,product-6167,686,68.45
ZA,product-6168,747,41.81
NG,product-6169,785,63.45
GH,product-6170,326,23.01
GH,product-6171,455,87.41
KE,product-6172,672,32.09
MA,product-6173,619,30.60
MA,product-6174,222,9.62
NG,product-6175,21,54.85
MA,product-6176,898,57.07
ZA,product-6177,616,75.96
NG,product-6178,245,92.06
KE,product-6179,610,33.57
ZA,product-6180,841,46.30
KE,product-6181,342,22.90
MA,product-6182,729,64.48
ZA,product-6183,189,72.37
MA,product-6184,43,19.24
ZA,product-6185,146,73.46
ZA,product-6186,51,3.64
NG,product-6187,644,62.25
MA,product-6188,968,42.84
KE,product-6189,671,13.89
GH,product-6190,657,73.44
MA,product-6191,227,7.28
NG,product-6192,784,15.95
MA,product-6193,719,76.42
MA,product-6194,819,74.07
MA,product-6195,936,72.31
MA,product-6196,565,26.58
GH,product-6197,747,95.42
ZA,product-6198,824,13.65
MA,product-6199,995,60.74
KE,product-6200,465,67.75
NG,product-6201,791,32.29
ZA,product-6202,602,46.72
NG,product-6203,996,9.69
MA,product-6204,312,72.12
ZA,product-6205,606,47.68
GH,product-6206,356,24.92
MA,product-6207,968,94.30
NG,product-6208,64,17.61
GH,product-6209,297,66.33
MA,product-6210,17,27.89
MA,product-6211,942,9.28
NG,product-6212,6,77.14
GH,product-6213,138,78.34
NG,product-6214,300,67.25
ZA,product-6215,417,2.50
NG,product-6216,20,99.27
NG,product-6217,916,70.57
KE,product-6218,167,5.89
GH,product-6219,363,95.92
ZA,product-6220,767,4.63
GH,product-6221,856,52.49
KE,product-6222,26,15.78
NG,product-6223,186,6.91
GH,product-6224,473,53.32
NG,product-6225,122,30.35
ZA,product-6226,540,91.11
MA,product-6227,878,80.97
GH,product-6228,783,24.57
NG,product-6229,46,80.35
MA,product-6230,564,39.85
MA,product-6231,535,50.04
NG,product-6232,903,71.89
KE,product-6233,199,9.99
MA,product-6234,631,66.32
GH,product-6235,276,0.70
MA,product-6236,65,0.03
MA,product-6237,264,10.49
KE,product-6238,337,88.04
NG,product-6239,35,56.41
GH,product-6240,738,64.32
NG,product-6241,594,12.77
KE,product-6242,926,57.50
GH,product-6243,0,41.94
KE,product-6244,740,59.37
KE,product-6245,954,67.55
MA,product-6246,683,23.32
GH,product-6247,215,97.55
GH,product-6248,684,94.76
NG,product-6249,870,44.32
GH,product-6250,577,44.78
KE,product-6251,285,58.53
MA,product-6252,390,7.68
GH,product-6253,276,85.43
MA,product-6254,868,27.39
MA,product-6255,148,35.69
MA,product-6256,155,15.07
NG,product-6257,552,64.40
MA,product-6258,658,13.03
MA,product-6259,405,94.10
ZA,product-6260,54,96.92
ZA,product-6261,213,11.53
GH,product-6262,249,88.19
KE,product-6263,968,39.84
GH,product-6264,721,50.12
GH,product-6265,697,71.70
MA,product-6266,354,59.41
GH,product-6267,492,59.21
GH,product-6268,668,19.16
ZA,product-6269,499,27.56
MA,product-6270,355,0.90
MA,product-6271,302,50.73
ZA,product-6272,269,36.11
MA,product-6273,645,2.21
KE,product-6274,83,18.78
ZA,product-6275,729,34.38
MA,product-6276,653,35.03
NG,product-6277,590,49.24
ZA,product-6278,57,22.37
ZA,product-6279,229,92.56
KE,product-6280,326,42.51
ZA,product-6281,51,9.71
GH,product-6282,222,46.62
MA,product-6283,480,22.48
NG,product-6284,51,58.25
MA,product-6285,347,85.95
KE,product-6286,131,13.84
MA,product-6287,230,94.29
KE,product-6288,454,55.22
NG,product-6289,682,43.79
MA,product-6290,836,45.72
MA,product-6291,423,44.81
KE,product-6292,313,90.81
KE,product-6293,516,67.42
ZA,product-6294,81,44.64
ZA,product-6295,859,36.27
MA,product-6296,294,60.01
NG,product-6297,493,55.17
NG,product-6298,344,38.00
ZA,product-6299,704,23.06
MA,product-6300,164,43.01
KE,product-6301,4,87.40
GH,product-6302,440,78.82
MA,product-6303,831,25.87
NG,product-6304,53,81.69
KE,product-6305,241,57.77
NG,product-6306,637,83.79
NG,product-6307,464,82.81
ZA,product-6308,266,43.72
NG,product-6309,135,53.51
MA,product-6310,288,38.69
GH,product-6311,651,70.48
NG,product-6312,760,38.41
MA,product-6313,217,58.07
NG,product-6314,139,73.82
GH,product-6315,334,51.81
MA,product-6316,802,77.60
ZA,product-6317,613,11.79
GH,product-6318,119,15.55
NG,product-6319,320,36.83
KE,product-6320,775,76.56
MA,product-6321,170,60.81
NG,product-6322,236,16.06
ZA,product-6323,875,72.64
KE,product-6324,790,26.86
GH,product-6325,455,78.64
KE,product-6326,506,39.93
ZA,product-6327,521,17.22
GH,product-6328,804,92.98
GH,product-6329,545,7.50
GH,product-6330,445,0.34
KE,product-6331,234,39.80
GH,product-6332,769,69.21
KE,product-6333,705,98.79
NG,product-6334,789,60.23
MA,product-6335,438,56.58
GH,product-6336,988,69.84
GH,product-6337,588,57.24
KE,product-6338,681,66.03
GH,product-6339,913,44.65
ZA,product-6340,670,54.03
ZA,product-6341,622,79.52
ZA,product-6342,315,4.68
GH,product-6343,609,4.97
MA,product-6344,90,17.64
KE,product-6345,117,55.56
NG,product-6346,976,88.90
NG,product-6347,850,30.92
MA,product-6348,234,48.60
ZA,product-6349,222,34.59
KE,product-6350,183,35.28
MA,product-6351,746,9.30
MA,product-6352,858,89.73
KE,product-6353,614,77.94
KE,product-6354,251,36.38
ZA,product-6355,929,80.62
KE,product-6356,558,57.91
ZA,product-6357,624,21.02
GH,product-6358,426,72.33
ZA,product-6359,729,77.92
ZA,product-6360,356,71.86
NG,product-6361,276,14.11
ZA,product-6362,465,67.05
ZA,product-6363,518,52.36
MA,product-6364,855,4.13
KE,product-6365,692,50.91
NG,product-6366,890,31.86
MA,product-6367,239,31.85
NG,product-6368,929,51.17
MA,product-6369,226,98.65
KE,product-6370,220,8.99
GH,product-6371,812,32.48
NG,product-6372,8,73.51
MA,product-6373,605,75.82
MA,product-6374,224,1.36
ZA,product-6375,553,55.96
GH,product-6376,894,79.33
MA,product-6377,159,36.60
NG,product-6378,923,1.60
MA,product-6379,697,6.09
NG,product-6380,70,57.45
ZA,product-6381,319,95.34
KE,product-6382,198,29.06
GH,product-6383,6,40.19
NG,product-6384,333,11.23
GH,product-6385,440,99.81
GH,product-6386,49,30.41
KE,product-6387,127,93.32
MA,product-6388,275,61.13
KE,product-6389,469,77.68
MA,product-6390,309,89.70
ZA,product-6391,143,17.59
GH,product-6392,956,5.63
MA,product-6393,461,7.06
ZA,product-6394,656,25.92
GH,product-6395,889,0.30
NG,product-6396,376,9.77
GH,product-6397,745,46.42
NG,product-6398,149,4.06
GH,product-6399,613,92.15
GH,product-6400,521,3.42
ZA,product-6401,364,39.28
GH,product-6402,476,86.83
GH,product-6403,460,89.11
KE,product-6404,63,60.51
ZA,product-6405,905,93.55
MA,product-6406,898,50.46
ZA,product-6407,428,52.71
ZA,product-6408,936,12.80
KE,product-6409,848,32.81
MA,product-6410,305,44.81
NG,product-6411,560,18.75
MA,product-6412,399,71.23
GH,product-6413,313,35.65
NG,product-6414,167,29.39
ZA,product-6415,112,66.60
ZA,product-6416,839,13.16
MA,product-6417,248,12.11
KE,product-6418,140,19.77
KE,product-6419,961,9.70
NG,product-6420,692,7.13
MA,product-6421,726,15.12
ZA,product-6422,737,19.14
ZA,product-6423,405,8.67
KE,product-6424,287,3.68
MA,product-6425,437,91.66
ZA,product-6426,556,24.82
KE,product-6427,587,40.71
ZA,product-6428,434,47.73
KE,product-6429,125,1.62
ZA,product-6430,868,12.81
KE,product-6431,97,86.48
KE,product-6432,579,31.38
NG,product-6433,983,0.02
GH,product-6434,751,99.79
KE,product-6435,451,47.34
ZA,product-6436,7,94.25
MA,product-6437,402,16.23
ZA,product-6438,857,61.54
KE,product-6439,692,2.32
KE,product-6440,776,90.40
MA,product-6441,128,48.61
ZA,product-6442,396,21.23
GH,product-6443,197,7.39
MA,product-6444,559,50.36
ZA,product-6445,690,65.54
KE,product-6446,159,69.57
NG,product-6447,633,53.37
KE,product-6448,661,92.41
ZA,product-6449,104,51.30
NG,product-6450,772,17.01
KE,product-6451,620,16.31
NG,product-6452,951,60.15
NG,product-6453,211,33.62
NG,product-6454,618,37.21
MA,product-6455,396,34.69
GH,product-6456,784,26.73
GH,product-6457,867,11.62
MA,product-6458,457,96.05
KE,product-6459,410,16.32
ZA,product-6460,738,67.19
MA,product-6461,346,28.78
KE,product-6462,608,97.13
MA,product-6463,836,71.10
ZA,product-6464,758,99.96
GH,product-6465,661,59.18
GH,product-6466,993,37.09
GH,product-6467,84,65.56
GH,product-6468,156,9.67
ZA,product-6469,459,19.47
GH,product-6470,336,37.45
NG,product-6471,849,10.34
ZA,product-6472,204,70.24
KE,product-6473,885,31.50
NG,product-6474,488,57.60
ZA,product-6475,131,59.51
KE,product-6476,888,1.54
KE,product-6477,997,68.43
KE,product-6478,269,13.55
MA,product-6479,589,94.33
KE,product-6480,155,28.34
KE,product-6481,234,44.38
ZA,product-6482,755,60.53
KE,product-6483,241,63.81
GH,product-6484,625,72.58
KE,product-6485,120,26.60
KE,product-6486,494,88.17
ZA,product-6487,184,33.65
MA,product-6488,747,50.62
MA,product-6489,252,11.02
MA,product-6490,216,32.80
KE,product-6491,703,60.45
ZA,product-6492,606,53.74
KE,product-6493,659,79.32
GH,product-6494,992,31.37
MA,product-6495,491,63.45
MA,product-6496,344,60.82
ZA,product-6497,324,79.50
ZA,product-6498,897,70.37
ZA,product-6499,504,82.99
MA,product-6500,527,97.29
NG,product-6501,260,86.89
MA,product-6502,822,7.42
KE,product-6503,558,73.82
GH,product-6504,401,29.97
ZA,product-6505,254,24.82
ZA,product-6506,765,37.46
MA,product-6507,120,65.86
ZA,product-6508,186,27.64
GH,product-6509,119,39.58
NG,product-6510,229,61.62
KE,product-6511,57,62.90
KE,product-6512,768,80.61
GH,product-6513,386,32.42
ZA,product-6514,916,75.81
KE,product-6515,339,83.60
GH,product-6516,311,30.38
MA,product-6517,768,74.63
KE,product-6518,839,40.29
KE,product-6519,175,56.67
KE,product-6520,4,30.94
ZA,product-6521,853,19.25
GH,product-6522,327,90.17
ZA,product-6523,605,22.63
ZA,product-6524,510,24.15
NG,product-6525,162,58.80
ZA,product-6526,829,87.14
KE,product-6527,539,54.99
MA,product-6528,353,3.86
NG,product-6529,565,54.31
NG,product-6530,71,97.94
ZA,product-6531,570,77.54
NG,product-6532,690,70.10
MA,product-6533,9,0.18
MA,product-6534,195,46.64
GH,product-6535,212,49.66
GH,product-6536,529,11.47
MA,product-6537,34,43.06
ZA,product-6538,800,91.96
NG,product-6539,845,21.17
MA,product-6540,846,82.06
NG,product-6541,685,31.18
ZA,product-6542,523,61.15
MA,product-6543,974,32.62
MA,product-6544,438,23.27
NG,product-6545,59,98.42
MA,product-6546,2,36.80
NG,product-6547,557,99.23
KE,product-6548,253,91.72
MA,product-6549,456,49.01
GH,product-6550,851,33.07
MA,product-6551,204,30.28
NG,product-6552,451,90.54
KE,product-6553,272,43.90
ZA,product-6554,804,65.62
MA,product-6555,713,10.69
GH,product-6556,134,1.37
KE,product-6557,166,39.93
KE,product-6558,437,42.79
KE,product-6559,153,21.23
KE,product-6560,700,9.25
KE,product-6561,709,23.99
NG,product-6562,41,26.96
ZA,product-6563,737,45.72
GH,product-6564,102,18.48
GH,product-6565,910,55.73
KE,product-6566,963,5.40
GH,product-6567,722,4.02
KE,product-6568,457,34.37
KE,product-6569,450,2.25
ZA,product-6570,964,5.34
GH,product-6571,508,4.81
MA,product-6572,630,13.78
ZA,product-6573,734,43.28
NG,product-6574,275,87.91
MA,product-6575,327,49.29
NG,product-6576,998,87.92
ZA,product-6577,320,28.38
NG,product-6578,785,17.97
ZA,product-6579,200,15.86
MA,product-6580,463,91.13
MA,product-6581,129,73.68
NG,product-6582,203,8.54
NG,product-6583,920,40.00
MA,product-6584,909,12.88
KE,product-6585,714,16.99
NG,product-6586,692,54.05
NG,product-6587,88,38.42
KE,product-6588,887,5.25
MA,product-6589,136,9.50
GH,product-6590,741,13.53
MA,product-6591,781,57.07
ZA,product-6592,816,53.93
NG,product-6593,347,75.48
GH,product-6594,897,18.85
MA,product-6595,690,37.63
MA,product-6596,322,19.60
KE,product-6597,337,61.27
NG,product-6598,802,38.86
GH,product-6599,337,45.61
NG,product-6600,504,64.86
MA,product-6601,960,60.04
ZA,product-6602,631,46.58
GH,product-6603,367,40.09
ZA,product-6604,363,84.15
ZA,product-6605,225,19.79
NG,product-6606,575,6.97
NG,product-6607,642,16.03
ZA,product-6608,843,19.40
ZA,product-6609,303,79.04
GH,product-6610,175,67.04
MA,product-6611,79,5.59
KE,product-6612,586,28.91
ZA,product-6613,283,72.66
KE,product-6614,83,76.55
MA,product-6615,176,29.16
KE,product-6616,553,9.67
KE,product-6617,283,97.95
GH,product-6618,189,42.47
MA,product-6619,35,17.16
ZA,product-6620,182,62.59
GH,product-6621,751,89.45
MA,product-6622,854,82.59
MA,product-6623,524,99.77
KE,product-6624,545,83.61
GH,product-6625,911,31.05
GH,product-6626,766,77.70
MA,product-6627,4,96.06
ZA,product-6628,912,0.40
MA,product-6629,133,40.72
GH,product-6630,245,55.15
MA,product-6631,516,71.18
MA,product-6632,10,73.33
KE,product-6633,835,45.53
ZA,product-6634,195,29.31
ZA,product-6635,22,79.35
NG,product-6636,695,22.94
KE,product-6637,753,54.71
MA,product-6638,368,22.96
KE,product-6639,890,25.18
ZA,product-6640,125,99.68
NG,product-6641,96,37.69
MA,product-6642,343,55.83
NG,product-6643,181,84.86
KE,product-6644,650,22.00
MA,product-6645,987,5.76
KE,product-6646,843,74.26
GH,product-6647,253,62.77
ZA,product-6648,957,91.38
GH,product-6649,658,97.62
GH,product-6650,152,93.28
MA,product-6651,999,92.61
GH,product-6652,435,65.24
GH,product-6653,636,29.97
MA,product-6654,18,23.45
MA,product-6655,789,16.93
GH,product-6656,19,4.10
KE,product-6657,342,40.48
KE,product-6658,422,79.39
NG,product-6659,346,75.15
MA,product-6660,452,34.26
MA,product-6661,983,98.57
NG,product-6662,460,60.26
GH,product-6663,743,87.77
KE,product-6664,14,66.58
GH,product-6665,811,24.68
NG,product-6666,550,61.05
NG,product-6667,775,96.62
MA,product-6668,521,94.60
KE,product-6669,36,64.46
NG,product-6670,557,18.22
ZA,product-6671,110,10.14
KE,product-6672,824,40.31
NG,product-6673,541,71.20
ZA,product-6674,762,73.98
GH,product-6675,233,0.58
KE,product-6676,408,21.91
KE,product-6677,16,17.09
KE,product-6678,347,5.61
KE,product-6679,11,65.82
ZA,product-6680,775,44.86
NG,product-6681,492,79.15
ZA,product-6682,269,85.70
ZA,product-6683,942,66.59
GH,product-6684,969,22.83
MA,product-6685,753,36.86
GH,product-6686,195,24.80
KE,product-6687,894,47.52
GH,product-6688,646,45.53
ZA,product-6689,556,2.61
MA,product-6690,112,60.79
ZA,product-6691,255,51.85
NG,product-6692,306,82.35
MA,product-6693,314,61.42
KE,product-6694,798,67.01
MA,product-6695,717,41.83
NG,product-6696,335,89.45
ZA,product-6697,503,35.74
KE,product-6698,534,3.59
ZA,product-6699,147,85.20
NG,product-6700,924,14.69
KE,product-6701,697,52.57
MA,product-6702,401,88.54
NG,product-6703,540,86.66
GH,product-6704,205,66.11
MA,product-6705,303,79.46
NG,product-6706,210,8.08
ZA,product-6707,683,18.87
NG,product-6708,621,44.12
NG,product-6709,580,55.23
MA,product-6710,98,95.88
NG,product-6711,983,87.57
MA,product-6712,479,9.00
KE,product-6713,998,72.88
ZA,product-6714,986,61.01
GH,product-6715,988,74.26
NG,product-6716,772,7.21
KE,product-6717,430,72.34
GH,product-6718,524,44.95
NG,product-6719,544,79.29
GH,product-6720,467,55.97
KE,product-6721,805,39.83
NG,product-6722,854,39.04
KE,product-6723,18,69.59
MA,product-6724,473,5.11
KE,product-6725,127,19.27
NG,product-6726,146,41.98
MA,product-6727,337,96.06
GH,product-6728,969,90.43
ZA,product-6729,484,51.05
ZA,product-6730,314,41.56
KE,product-6731,397,28.08
GH,product-6732,148,51.72
KE,product-6733,994,67.67
KE,product-6734,351,38.00
GH,product-6735,62,28.15
GH,product-6736,270,67.10
NG,product-6737,77,89.11
ZA,product-6738,722,48.75
ZA,product-6739,14,43.25
GH,product-6740,208,80.66
ZA,product-6741,161,30.57
NG,product-6742,666,15.53
GH,product-6743,169,26.85
MA,product-6744,120,66.46
MA,product-6745,793,54.09
GH,product-6746,281,57.98
KE,product-6747,245,37.92
MA,product-6748,117,23.53
MA,product-6749,329,98.16
ZA,product-6750,509,80.03
NG,product-6751,389,36.97
NG,product-6752,783,79.04
MA,product-6753,200,94.73
MA,product-6754,236,51.93
GH,product-6755,627,71.00
MA,product-6756,341,19.43
NG,product-6757,137,61.29
MA,product-6758,855,55.03
ZA,product-6759,1,1.71
ZA,product-6760,117,77.37
NG,product-6761,381,36.98
KE,product-6762,817,98.50
GH,product-6763,26,98.97
ZA,product-6764,384,2.27
KE,product-6765,412,89.29
NG,product-6766,20,66.79
NG,product-6767,125,64.76
MA,product-6768,554,66.79
ZA,product-6769,571,97.97
MA,product-6770,649,81.61
KE,product-6771,848,34.83
GH,product-6772,396,6.45
ZA,product-6773,655,68.19
MA,product-6774,932,30.86
GH,product-6775,900,88.48
NG,product-6776,688,20.03
NG,product-6777,450,69.37
MA,product-6778,467,9.92
GH,product-6779,35,98.83
MA,product-6780,512,82.84
NG,product-6781,947,4.32
NG,product-6782,117,41.62
MA,product-6783,569,63.98
KE,product-6784,139,1.41
NG,product-6785,185,73.61
ZA,product-6786,758,92.62
KE,product-6787,425,85.32
KE,product-6788,188,75.97
GH,product-6789,383,46.52
KE,product-6790,67,38.61
ZA,product-6791,946,25.34
ZA,product-6792,36,88.21
NG,product-6793,390,23.45
ZA,product-6794,193,86.58
KE,product-6795,859,88.03
KE,product-6796,432,98.58
NG,product-6797,549,68.29
MA,product-6798,157,21.90
NG,product-6799,642,25.30
MA,product-6800,754,94.02
GH,product-6801,977,33.82
KE,product-6802,368,27.92
NG,product-6803,109,20.30
KE,product-6804,466,29.77
MA,product-6805,944,2.74
MA,product-6806,118,10.56
GH,product-6807,619,55.89
MA,product-6808,17,34.70
NG,product-6809,263,62.56
NG,product-6810,389,78.25
ZA,product-6811,494,80.06
MA,product-6812,851,14.53
NG,product-6813,498,55.81
GH,product-6814,334,50.50
KE,product-6815,41,27.50
ZA,product-6816,630,50.03
ZA,product-6817,747,65.10
NG,product-6818,546,12.05
MA,product-6819,511,38.06
GH,product-6820,249,25.41
MA,product-6821,96,4.06
GH,product-6822,876,79.50
GH,product-6823,376,73.64
GH,product-6824,428,96.52
KE,product-6825,468,58.90
GH,product-6826,956,81.01
NG,product-6827,912,73.78
NG,product-6828,946,56.49
ZA,product-6829,914,85.53
GH,product-6830,56,23.25
KE,product-6831,991,11.21
MA,product-6832,93,89.39
ZA,product-6833,399,86.40
KE,product-6834,113,69.40
NG,product-6835,271,53.94
NG,product-6836,196,54.90
MA,product-6837,362,70.52
NG,product-6838,22,18.17
NG,product-6839,988,4.07
KE,product-6840,598,95.57
GH,product-6841,189,21.99
GH,product-6842,583,50.75
ZA,product-6843,757,27.21
MA,product-6844,913,34.79
MA,product-6845,581,62.40
GH,product-6846,847,88.41
ZA,product-6847,879,74.00
MA,product-6848,122,4.16
GH,product-6849,239,44.48
GH,product-6850,802,77.17
GH,product-6851,27,20.75
GH,product-6852,657,48.94
MA,product-6853,550,21.26
GH,product-6854,782,47.04
KE,product-6855,210,81.75
KE,product-6856,587,56.71
GH,product-6857,797,84.19
GH,product-6858,777,39.96
GH,product-6859,260,83.09
MA,product-6860,156,39.59
MA,product-6861,269,74.62
NG,product-6862,916,13.87
GH,product-6863,855,59.23
GH,product-6864,410,4.08
MA,product-6865,485,91.32
KE,product-6866,621,49.00
MA,product-6867,44,37.77
MA,product-6868,882,66.94
NG,product-6869,243,50.86
NG,product-6870,42,47.16
GH,product-6871,80,52.40
NG,product-6872,583,11.60
MA,product-6873,890,10.07
GH,product-6874,744,74.23
KE,product-6875,584,84.51
GH,product-6876,766,76.19
NG,product-6877,343,45.86
MA,product-6878,992,37.75
GH,product-6879,432,50.61
GH,product-6880,0,40.16
GH,product-6881,380,48.93
KE,product-6882,359,74.23
ZA,product-6883,430,35.38
ZA,product-6884,138,31.17
MA,product-6885,855,29.83
NG,product-6886,972,46.03
KE,product-6887,155,79.84
MA,product-6888,392,93.18
ZA,product-6889,732,25.35
KE,product-6890,401,7.70
KE,product-6891,222,36.92
ZA,product-6892,114,30.78
KE,product-6893,665,91.87
ZA,product-6894,96,61.28
KE,product-6895,371,44.92
GH,product-6896,959,80.74
GH,product-6897,796,6.66
GH,product-6898,650,60.40
ZA,product-6899,368,19.04
MA,product-6900,630,98.05
MA,product-6901,497,51.57
NG,product-6902,992,44.34
ZA,product-6903,157,40.13
ZA,product-6904,467,91.31
NG,product-6905,340,72.74
NG,product-6906,111,34.02
NG,product-6907,852,86.10
NG,product-6908,867,2.03
NG,product-6909,497,71.00
KE,product-6910,714,75.81
ZA,product-6911,682,97.11
KE,product-6912,847,62.87
GH,product-6913,632,76.77
MA,product-6914,387,61.71
KE,product-6915,429,80.91
GH,product-6916,864,30.51
GH,product-6917,97,99.52
MA,product-6918,654,8.52
ZA,product-6919,911,29.25
GH,product-6920,89,80.52
NG,product-6921,669,67.67
ZA,product-6922,94,51.17
MA,product-6923,38,46.03
NG,product-6924,998,88.62
ZA,product-6925,785,1.85
NG,product-6926,869,61.77
NG,product-6927,833,88.67
KE,product-6928,809,50.80
ZA,product-6929,189,0.72
KE,product-6930,566,77.43
NG,product-6931,208,66.62
KE,product-6932,662,38.07
KE,product-6933,225,23.39
MA,product-6934,814,18.01
MA,product-6935,407,48.15
ZA,product-6936,112,78.38
KE,product-6937,264,3.41
ZA,product-6938,33,47.53
GH,product-6939,345,95.13
GH,product-6940,861,37.58
MA,product-6941,931,68.93
ZA,product-6942,163,16.79
MA,product-6943,892,84.42
MA,product-6944,362,98.26
NG,product-6945,202,50.34
NG,product-6946,134,96.12
NG,product-6947,849,66.62
ZA,product-6948,686,44.74
ZA,product-6949,680,37.45
ZA,product-6950,425,63.57
KE,product-6951,220,24.89
KE,product-6952,408,89.22
GH,product-6953,395,63.74
MA,product-6954,177,2.15
KE,product-6955,894,59.82
MA,product-6956,965,10.83
GH,product-6957,378,83.55
MA,product-6958,954,50.64
GH,product-6959,887,51.16
ZA,product-6960,48,59.62
NG,product-6961,780,91.22
ZA,product-6962,404,34.34
NG,product-6963,779,38.43
GH,product-6964,568,9.64
ZA,product-6965,344,50.56
MA,product-6966,91,79.56
ZA,product-6967,326,42.67
KE,product-6968,249,52.18
NG,product-6969,50,63.73
MA,product-6970,709,5.23
KE,product-6971,888,55.83
KE,product-6972,977,16.12
ZA,product-6973,914,18.18
KE,product-6974,77,52.92
ZA,product-6975,38,59.12
NG,product-6976,692,72.56
KE,product-6977,834,31.77
KE,product-6978,828,37.73
GH,product-6979,110,17.66
GH,product-6980,906,34.60
KE,product-6981,732,29.94
NG,product-6982,13,69.39
KE,product-6983,809,87.87
NG,product-6984,90,48.11
NG,product-6985,923,67.93
NG,product-6986,282,22.41
KE,product-6987,62,44.28
KE,product-6988,509,91.80
MA,product-6989,811,66.39
KE,product-6990,397,85.79
GH,product-6991,762,86.68
ZA,product-6992,634,33.66
KE,product-6993,742,57.53
MA,product-6994,550,12.66
MA,product-6995,736,20.41
ZA,product-6996,667,47.83
KE,product-6997,632,83.24
ZA,product-6998,693,90.26
ZA,product-6999,522,27.23
ZA,product-7000,391,19.62
NG,product-7001,491,82.94
GH,product-7002,453,92.91
GH,product-7003,905,42.94
MA,product-7004,581,81.61
GH,product-7005,578,4.49
ZA,product-7006,928,11.65
ZA,product-7007,113,88.35
GH,product-7008,604,79.58
GH,product-7009,503,53.59
ZA,product-7010,714,5.20
MA,product-7011,470,16.09
ZA,product-7012,94,35.50
MA,product-7013,0,50.02
KE,product-7014,209,37.13
KE,product-7015,215,95.00
NG,product-7016,120,79.88
NG,product-7017,705,5.91
ZA,product-7018,807,66.91
GH,product-7019,505,22.45
ZA,product-7020,433,52.91
KE,product-7021,488,31.42
NG,product-7022,475,69.17
KE,product-7023,519,40.75
KE,product-7024,254,67.90
GH,product-7025,741,73.48
NG,product-7026,399,48.71
KE,product-7027,373,32.35
ZA,product-7028,149,26.85
ZA,product-7029,421,55.40
KE,product-7030,222,26.73
ZA,product-7031,74,16.81
KE,product-7032,757,90.64
GH,product-7033,414,11.84
ZA,product-7034,563,74.61
KE,product-7035,226,41.05
ZA,product-7036,453,12.72
GH,product-7037,615,24.63
KE,product-7038,807,42.30
MA,product-7039,323,35.67
NG,product-7040,111,33.57
ZA,product-7041,694,69.02
GH,product-7042,608,5.38
KE,product-7043,165,62.64
NG,product-7044,108,9.03
ZA,product-7045,281,76.58
GH,product-7046,21,3.25
NG,product-7047,892,98.32
MA,product-7048,654,67.19
ZA,product-7049,635,22.20
ZA,product-7050,251,69.96
ZA,product-7051,387,50.40
ZA,product-7052,600,99.38
GH,product-7053,700,55.34
ZA,product-7054,69,47.41
ZA,product-7055,955,58.85
GH,product-7056,810,62.65
ZA,product-7057,992,89.08
KE,product-7058,217,61.45
KE,product-7059,38,50.16
NG,product-7060,848,49.60
ZA,product-7061,732,85.19
NG,product-7062,498,83.57
NG,product-7063,447,50.41
NG,product-7064,615,67.03
KE,product-7065,364,80.13
KE,product-7066,316,5.31
GH,product-7067,265,52.63
GH,product-7068,287,87.86
MA,product-7069,367,62.45
GH,product-7070,356,54.83
GH,product-7071,961,58.39
KE,product-7072,729,29.85
GH,product-7073,867,71.52
KE,product-7074,715,23.96
NG,product-7075,107,84.97
KE,product-7076,516,29.86
GH,product-7077,664,49.36
ZA,product-7078,412,17.99
GH,product-7079,497,48.45
ZA,product-7080,305,39.60
ZA,product-7081,447,67.14
MA,product-7082,888,44.50
MA,product-7083,260,69.58
GH,product-7084,48,29.60
KE,product-7085,174,48.88
GH,product-7086,376,60.15
ZA,product-7087,572,92.01
NG,product-7088,160,57.34
MA,product-7089,952,36.09
ZA,product-7090,705,63.56
MA,product-7091,340,42.46
NG,product-7092,359,23.97
GH,product-7093,647,43.91
KE,product-7094,720,70.89
NG,product-7095,670,82.55
MA,product-7096,240,67.83
NG,product-7097,963,77.21
MA,product-7098,653,55.40
GH,product-7099,219,23.01
MA,product-7100,784,73.61
MA,product-7101,246,28.42
KE,product-7102,167,12.17
GH,product-7103,42,89.61
KE,product-7104,527,86.78
NG,product-7105,666,36.07
NG,product-7106,549,39.27
KE,product-7107,460,8.82
MA,product-7108,785,5.52
ZA,product-7109,270,25.34
NG,product-7110,370,60.78
GH,product-7111,351,73.14
ZA,product-7112,914,70.36
KE,product-7113,28,51.22
ZA,product-7114,994,27.37
ZA,product-7115,537,32.43
GH,product-7116,102,47.24
NG,product-7117,344,88.21
NG,product-7118,557,18.19
MA,product-7119,511,67.51
MA,product-7120,846,59.56
ZA,product-7121,152,35.29
KE,product-7122,869,23.54
NG,product-7123,573,0.06
NG,product-7124,378,19.00
MA,product-7125,379,86.85
MA,product-7126,960,11.78
NG,product-7127,89,13.14
KE,product-7128,788,28.04
ZA,product-7129,263,55.85
KE,product-7130,900,94.06
KE,product-7131,335,66.84
NG,product-7132,232,73.87
NG,product-7133,874,30.66
ZA,product-7134,354,97.02
GH,product-7135,671,0.82
GH,product-7136,624,73.27
GH,product-7137,624,72.36
MA,product-7138,826,4.55
ZA,product-7139,521,56.49
NG,product-7140,797,12.39
GH,product-7141,245,70.38
ZA,product-7142,112,26.69
NG,product-7143,521,93.43
ZA,product-7144,967,1.85
MA,product-7145,765,92.41
MA,product-7146,654,27.49
ZA,product-7147,485,76.88
NG,product-7148,9,87.97
ZA,product-7149,43,40.88
GH,product-7150,267,99.23
GH,product-7151,952,58.71
KE,product-7152,862,69.83
KE,product-7153,410,31.55
ZA,product-7154,492,3.91
ZA,product-7155,356,72.18
KE,product-7156,916,38.80
ZA,product-7157,235,44.60
KE,product-7158,261,6.84
GH,product-7159,81,85.20
ZA,product-7160,812,84.80
NG,product-7161,292,41.55
ZA,product-7162,935,57.98
ZA,product-7163,779,76.91
KE,product-7164,58,69.21
GH,product-7165,159,25.95
KE,product-7166,352,61.20
NG,product-7167,806,85.15
NG,product-7168,155,49.86
NG,product-7169,617,40.18
MA,product-7170,326,14.04
GH,product-7171,206,56.56
NG,product-7172,893,98.34
NG,product-7173,852,0.11
GH,product-7174,173,17.54
ZA,product-7175,898,14.86
NG,product-7176,51,79.92
GH,product-7177,492,90.53
ZA,product-7178,156,69.27
NG,product-7179,991,56.18
MA,product-7180,166,38.23
KE,product-7181,670,20.46
KE,product-7182,871,94.30
ZA,product-7183,270,93.74
MA,product-7184,542,58.86
NG,product-7185,820,57.17
NG,product-7186,623,0.08
ZA,product-7187,590,65.67
ZA,product-7188,903,89.19
NG,product-7189,547,76.52
MA,product-7190,191,38.51
GH,product-7191,501,74.14
GH,product-7192,924,72.64
KE,product-7193,362,6.79
GH,product-7194,130,5.30
MA,product-7195,316,50.74
KE,product-7196,156,90.78
ZA,product-7197,24,80.74
NG,product-7198,316,60.10
GH,product-7199,379,84.03
GH,product-7200,325,72.03
ZA,product-7201,103,82.71
NG,product-7202,250,92.07
NG,product-7203,598,87.14
GH,product-7204,900,1.94
MA,product-7205,131,43.66
GH,product-7206,11,62.50
GH,product-7207,455,74.35
GH,product-7208,956,82.32
GH,product-7209,548,34.73
MA,product-7210,298,58.38
MA,product-7211,125,26.58
KE,product-7212,359,42.11
ZA,product-7213,82,45.24
GH,product-7214,943,89.89
GH,product-7215,779,91.81
GH,product-7216,280,83.24
ZA,product-7217,469,60.49
NG,product-7218,114,84.56
GH,product-7219,414,68.06
NG,product-7220,806,88.94
GH,product-7221,59,2.69
NG,product-7222,657,14.54
KE,product-7223,625,77.72
GH,product-7224,939,42.87
MA,product-7225,179,16.24
MA,product-7226,570,36.92
NG,product-7227,526,15.38
NG,product-7228,858,46.82
MA,product-7229,157,55.44
NG,product-7230,623,88.18
MA,product-7231,276,26.73
MA,product-7232,670,47.89
KE,product-7233,554,26.76
MA,product-7234,867,92.56
GH,product-7235,413,28.92
NG,product-7236,346,70.43
NG,product-7237,497,42.04
ZA,product-7238,444,61.33
NG,product-7239,588,90.14
GH,product-7240,867,36.34
MA,product-7241,266,42.94
ZA,product-7242,484,51.12
GH,product-7243,594,25.56
ZA,product-7244,474,1.41
NG,product-7245,436,5.60
MA,product-7246,585,87.06
MA,product-7247,542,36.24
KE,product-7248,552,13.68
KE,product-7249,875,6.34
KE,product-7250,141,36.37
GH,product-7251,466,30.78
NG,product-7252,273,84.63
MA,product-7253,451,24.14
GH,product-7254,599,15.80
ZA,product-7255,671,43.14
ZA,product-7256,254,35.69
NG,product-7257,348,57.92
GH,product-7258,508,94.21
NG,product-7259,779,73.21
GH,product-7260,61,56.34
GH,product-7261,778,6.98
NG,product-7262,800,70.08
KE,product-7263,707,9.33
MA,product-7264,720,76.91
GH,product-7265,981,34.74
GH,product-7266,537,14.65
GH,product-7267,777,29.67
MA,product-7268,977,16.77
NG,product-7269,476,21.35
KE,product-7270,921,67.00
MA,product-7271,462,73.74
NG,product-7272,837,77.56
NG,product-7273,673,89.13
NG,product-7274,400,92.05
MA,product-7275,812,99.05
NG,product-7276,195,92.73
MA,product-7277,729,20.76
GH,product-7278,168,6.10
NG,product-7279,428,63.27
NG,product-7280,880,57.72
MA,product-7281,394,94.94
KE,product-7282,386,32.19
KE,product-7283,638,14.14
KE,product-7284,823,85.65
GH,product-7285,161,19.08
NG,product-7286,307,43.14
MA,product-7287,222,12.56
ZA,product-7288,538,1.85
MA,product-7289,470,98.69
ZA,product-7290,51,61.04
KE,product-7291,553,24.70
GH,product-7292,498,65.52
ZA,product-7293,727,99.20
GH,product-7294,949,45.68
KE,product-7295,509,33.85
GH,product-7296,148,98.88
MA,product-7297,314,30.85
NG,product-7298,384,12.77
KE,product-7299,910,15.34
ZA,product-7300,643,29.78
NG,product-7301,535,17.99
ZA,product-7302,893,83.24
KE,product-7303,217,29.97
NG,product-7304,91,65.38
ZA,product-7305,55,6.04
GH,product-7306,125,1.84
KE,product-7307,947,57.73
ZA,product-7308,410,7.35
KE,product-7309,979,11.35
MA,product-7310,264,12.81
KE,product-7311,82,24.34
ZA,product-7312,934,29.27
ZA,product-7313,84,74.81
NG,product-7314,367,13.37
ZA,product-7315,921,11.28
MA,product-7316,978,9.11
ZA,product-7317,864,43.96
GH,product-7318,0,79.33
GH,product-7319,955,65.08
ZA,product-7320,135,46.74
KE,product-7321,171,55.79
KE,product-7322,410,46.93
ZA,product-7323,664,33.84
GH,product-7324,815,95.57
NG,product-7325,820,19.69
MA,product-7326,266,11.18
NG,product-7327,108,81.09
MA,product-7328,53,88.11
KE,product-7329,97,8.40
GH,product-7330,114,46.57
ZA,product-7331,214,29.83
GH,product-7332,995,80.30
GH,product-7333,580,75.85
NG,product-7334,910,88.17
GH,product-7335,268,20.42
KE,product-7336,806,78.66
MA,product-7337,425,75.10
MA,product-7338,590,57.71
GH,product-7339,675,11.71
MA,product-7340,160,0.22
MA,product-7341,40,86.13
NG,product-7342,74,75.84
KE,product-7343,32,31.86
MA,product-7344,913,3.35
MA,product-7345,579,98.23
KE,product-7346,495,88.31
MA,product-7347,64,48.30
KE,product-7348,564,8.48
ZA,product-7349,608,85.41
GH,product-7350,638,90.09
GH,product-7351,468,47.56
GH,product-7352,689,80.18
MA,product-7353,48,90.11
ZA,product-7354,563,44.55
GH,product-7355,764,51.74
ZA,product-7356,120,67.23
GH,product-7357,393,51.16
NG,product-7358,972,1.01
MA,product-7359,321,70.44
KE,product-7360,948,59.61
KE,product-7361,132,5.87
MA,product-7362,187,92.92
NG,product-7363,599,0.02
GH,product-7364,28,21.25
ZA,product-7365,792,16.25
MA,product-7366,220,51.56
GH,product-7367,655,33.54
NG,product-7368,56,18.30
ZA,product-7369,440,87.58
NG,product-7370,638,61.88
ZA,product-7371,433,84.33
KE,product-7372,407,50.95
MA,product-7373,265,46.73
ZA,product-7374,964,37.95
MA,product-7375,26,62.89
NG,product-7376,958,26.54
ZA,product-7377,514,25.32
NG,product-7378,424,72.75
NG,product-7379,251,59.74
GH,product-7380,323,93.52
ZA,product-7381,906,70.44
ZA,product-7382,200,46.95
ZA,product-7383,634,0.24
GH,product-7384,656,96.01
KE,product-7385,529,94.13
KE,product-7386,711,42.42
NG,product-7387,800,39.32
MA,product-7388,105,95.77
GH,product-7389,548,89.63
MA,product-7390,784,97.82
ZA,product-7391,233,52.11
KE,product-7392,711,70.27
MA,product-7393,316,41.14
MA,product-7394,459,65.26
GH,product-7395,376,21.17
KE,product-7396,841,63.77
KE,product-7397,192,34.06
KE,product-7398,211,53.66
KE,product-7399,779,96.81
MA,product-7400,110,59.53
NG,product-7401,555,78.40
KE,product-7402,185,19.94
ZA,product-7403,323,93.46
ZA,product-7404,458,9.32
NG,product-7405,131,26.59
KE,product-7406,918,55.26
ZA,product-7407,241,11.34
GH,product-7408,35,7.80
GH,product-7409,957,56.44
KE,product-7410,691,42.77
ZA,product-7411,217,56.41
NG,product-7412,36,59.75
NG,product-7413,274,98.84
NG,product-7414,970,96.78
KE,product-7415,540,60.14
NG,product-7416,484,84.23
GH,product-7417,819,11.85
NG,product-7418,178,20.75
NG,product-7419,226,89.47
MA,product-7420,379,21.94
GH,product-7421,924,54.54
GH,product-7422,287,17.08
GH,product-7423,552,34.47
NG,product-7424,752,60.52
MA,product-7425,484,39.78
MA,product-7426,619,0.46
NG,product-7427,393,55.13
GH,product-7428,870,49.63
ZA,product-7429,132,22.68
NG,product-7430,766,24.82
GH,product-7431,98,72.16
MA,product-7432,607,40.33
MA,product-7433,433,39.57
GH,product-7434,532,65.28
MA,product-7435,627,95.96
NG,product-7436,627,49.52
ZA,product-7437,429,95.18
MA,product-7438,868,94.68
NG,product-7439,284,38.12
NG,product-7440,355,98.60
GH,product-7441,893,75.57
MA,product-7442,502,83.88
MA,product-7443,494,14.95
NG,product-7444,984,3.91
MA,product-7445,723,70.60
MA,product-7446,117,81.62
NG,product-7447,891,35.11
KE,product-7448,66,67.17
GH,product-7449,508,73.83
KE,product-7450,152,29.13
ZA,product-7451,973,52.13
NG,product-7452,677,27.05
KE,product-7453,697,23.26
KE,product-7454,850,78.20
ZA,product-7455,307,58.07
NG,product-7456,628,2.10
KE,product-7457,20,91.91
ZA,product-7458,191,62.55
MA,product-7459,361,66.85
GH,product-7460,766,65.43
KE,product-7461,148,12.73
GH,product-7462,109,31.47
KE,product-7463,514,27.94
ZA,product-7464,709,14.36
NG,product-7465,329,69.19
ZA,product-7466,671,64.74
KE,product-7467,873,27.38
MA,product-7468,752,11.53
NG,product-7469,545,96.08
KE,product-7470,68,61.71
GH,product-7471,341,13.48
NG,product-7472,167,66.87
MA,product-7473,872,1.01
MA,product-7474,290,19.33
NG,product-7475,735,5.11
KE,product-7476,600,59.82
GH,product-7477,179,37.88
NG,product-7478,496,39.71
MA,product-7479,356,70.37
GH,product-7480,332,15.66
GH,product-7481,299,22.84
MA,product-7482,531,96.86
KE,product-7483,319,3.71
GH,product-7484,955,24.81
KE,product-7485,660,36.12
MA,product-7486,643,8.33
ZA,product-7487,31,47.91
GH,product-7488,892,94.69
KE,product-7489,72,91.49
MA,product-7490,685,88.65
MA,product-7491,132,60.77
GH,product-7492,808,66.92
KE,product-7493,660,34.05
KE,product-7494,662,9.65
MA,product-7495,91,63.88
MA,product-7496,495,6.90
ZA,product-7497,563,66.30
KE,product-7498,90,11.54
KE,product-7499,642,61.19
MA,product-7500,512,9.04
KE,product-7501,689,5.83
NG,product-7502,416,33.61
KE,product-7503,856,59.13
MA,product-7504,416,19.98
NG,product-7505,135,20.15
MA,product-7506,265,50.48
ZA,product-7507,263,75.57
MA,product-7508,122,74.52
KE,product-7509,862,19.33
KE,product-7510,377,60.56
KE,product-7511,655,81.83
MA,product-7512,755,46.16
MA,product-7513,129,68.94
ZA,product-7514,415,90.68
MA,product-7515,338,14.86
NG,product-7516,793,10.31
ZA,product-7517,144,99.44
ZA,product-7518,746,29.83
KE,product-7519,455,17.45
MA,product-7520,866,4.47
MA,product-7521,495,80.26
KE,product-7522,273,24.71
NG,product-7523,132,68.35
ZA,product-7524,757,56.96
KE,product-7525,402,46.08
KE,product-7526,97,53.93
MA,product-7527,950,31.75
GH,product-7528,56,76.49
GH,product-7529,312,23.42
NG,product-7530,79,39.31
GH,product-7531,872,12.60
NG,product-7532,721,76.00
KE,product-7533,732,88.45
GH,product-7534,588,62.86
KE,product-7535,906,11.05
KE,product-7536,347,84.87
GH,product-7537,202,11.75
NG,product-7538,848,36.78
KE,product-7539,217,73.86
KE,product-7540,588,55.19
GH,product-7541,548,48.76
MA,product-7542,55,15.22
GH,product-7543,92,61.64
MA,product-7544,839,27.76
GH,product-7545,881,69.33
MA,product-7546,757,41.41
MA,product-7547,616,78.39
MA,product-7548,509,77.00
MA,product-7549,703,2.94
ZA,product-7550,55,26.08
MA,product-7551,104,54.21
ZA,product-7552,359,43.15
GH,product-7553,555,18.60
ZA,product-7554,890,49.44
GH,product-7555,730,37.89
ZA,product-7556,593,75.44
NG,product-7557,936,74.92
MA,product-7558,298,56.62
ZA,product-7559,769,47.30
MA,product-7560,398,13.73
MA,product-7561,742,20.44
MA,product-7562,95,96.13
NG,product-7563,504,92.30
KE,product-7564,708,71.95
KE,product-7565,458,61.19
NG,product-7566,615,66.86
GH,product-7567,282,47.84
ZA,product-7568,700,13.10
GH,product-7569,41,95.01
MA,product-7570,335,67.98
NG,product-7571,929,12.79
GH,product-7572,750,9.57
MA,product-7573,558,39.01
GH,product-7574,791,21.62
NG,product-7575,446,85.44
GH,product-7576,473,61.95
ZA,product-7577,325,30.30
NG,product-7578,739,63.36
NG,product-7579,819,52.57
MA,product-7580,641,25.01
GH,product-7581,318,22.24
MA,product-7582,983,68.34
MA,product-7583,833,86.49
KE,product-7584,367,6.48
GH,product-7585,651,38.69
MA,product-7586,850,76.00
NG,product-7587,931,99.41
ZA,product-7588,273,92.52
GH,product-7589,640,83.81
NG,product-7590,228,2.76
GH,product-7591,894,99.88
ZA,product-7592,150,89.67
GH,product-7593,731,65.91
KE,product-7594,453,22.69
GH,product-7595,610,50.04
GH,product-7596,230,49.85
GH,product-7597,14,66.27
KE,product-7598,668,76.72
KE,product-7599,949,73.79
GH,product-7600,506,69.34
MA,product-7601,963,28.29
GH,product-7602,573,15.25
NG,product-7603,196,32.14
NG,product-7604,259,43.01
ZA,product-7605,171,32.61
ZA,product-7606,794,89.55
KE,product-7607,193,90.00
MA,product-7608,804,62.30
ZA,product-7609,50,15.71
ZA,product-7610,878,73.32
KE,product-7611,875,25.60
NG,product-7612,76,45.50
ZA,product-7613,947,5.16
GH,product-7614,146,43.96
NG,product-7615,75,98.25
GH,product-7616,31,69.94
ZA,product-7617,834,13.66
GH,product-7618,245,28.54
GH,product-7619,666,68.08
NG,product-7620,28,19.85
KE,product-7621,693,1.55
NG,product-7622,497,15.20
KE,product-7623,494,13.39
NG,product-7624,94,62.04
KE,product-7625,493,8.03
GH,product-7626,39,8.78
GH,product-7627,30,72.99
KE,product-7628,109,85.22
KE,product-7629,42,74.08
ZA,product-7630,578,22.17
KE,product-7631,142,73.15
NG,product-7632,221,85.18
MA,product-7633,629,63.08
MA,product-7634,820,30.97
KE,product-7635,256,49.49
KE,product-7636,579,32.46
MA,product-7637,995,73.91
GH,product-7638,868,28.79
ZA,product-7639,792,90.65
KE,product-7640,372,77.09
KE,product-7641,150,43.43
NG,product-7642,480,12.70
GH,product-7643,321,38.16
ZA,product-7644,560,91.93
KE,product-7645,199,47.19
ZA,product-7646,668,24.84
ZA,product-7647,365,81.52
NG,product-7648,573,86.92
ZA,product-7649,926,43.00
ZA,product-7650,724,70.24
NG,product-7651,230,67.40
ZA,product-7652,730,27.17
NG,product-7653,329,70.35
KE,product-7654,855,89.69
ZA,product-7655,627,6.76
KE,product-7656,143,80.54
NG,product-7657,259,13.38
ZA,product-7658,973,74.62
ZA,product-7659,989,96.91
NG,product-7660,242,86.62
MA,product-7661,796,17.61
KE,product-7662,675,15.51
KE,product-7663,262,89.09
GH,product-7664,10,64.44
NG,product-7665,467,66.18
ZA,product-7666,269,40.63
MA,product-7667,533,71.11
KE,product-7668,535,6.16
KE,product-7669,778,92.81
NG,product-7670,374,94.50
MA,product-7671,493,79.04
GH,product-7672,184,52.71
MA,product-7673,436,74.45
MA,product-7674,841,65.37
NG,product-7675,101,53.98
GH,product-7676,216,67.58
ZA,product-7677,995,11.26
GH,product-7678,649,15.51
GH,product-7679,243,91.25
MA,product-7680,561,90.06
ZA,product-7681,647,49.92
NG,product-7682,235,57.45
GH,product-7683,621,18.33
ZA,product-7684,259,90.41
NG,product-7685,81,30.89
KE,product-7686,534,21.93
GH,product-7687,61,99.59
KE,product-7688,411,28.32
KE,product-7689,299,80.37
ZA,product-7690,608,56.94
MA,product-7691,173,4.51
NG,product-7692,20,58.37
KE,product-7693,775,94.78
KE,product-7694,392,37.82
ZA,product-7695,828,79.04
KE,product-7696,273,3.44
ZA,product-7697,211,44.87
GH,product-7698,100,30.45
GH,product-7699,443,44.78
ZA,product-7700,280,78.15
GH,product-7701,305,99.59
MA,product-7702,618,26.44
KE,product-7703,826,6.36
ZA,product-7704,657,46.10
NG,product-7705,921,25.33
KE,product-7706,50,2.22
NG,product-7707,285,48.66
NG,product-7708,10,99.36
GH,product-7709,637,78.37
GH,product-7710,304,97.83
MA,product-7711,251,44.09
KE,product-7712,444,56.77
ZA,product-7713,965,58.83
NG,product-7714,79,48.21
GH,product-7715,380,59.16
ZA,product-7716,28,4.41
MA,product-7717,963,1.62
NG,product-7718,348,92.41
NG,product-7719,690,0.33
KE,product-7720,516,64.18
KE,product-7721,642,47.25
MA,product-7722,169,29.53
GH,product-7723,216,70.76
MA,product-7724,262,76.47
GH,product-7725,664,51.27
MA,product-7726,487,38.36
ZA,product-7727,951,95.72
MA,product-7728,448,24.02
GH,product-7729,597,37.45
GH,product-7730,904,41.60
NG,product-7731,942,32.58
MA,product-7732,172,30.90
KE,product-7733,829,93.65
KE,product-7734,504,52.38
KE,product-7735,579,55.42
KE,product-7736,401,90.83
ZA,product-7737,853,24.14
MA,product-7738,933,47.69
MA,product-7739,899,18.68
NG,product-7740,44,11.87
KE,product-7741,327,47.71
MA,product-7742,485,2.21
GH,product-7743,169,20.75
ZA,product-7744,46,77.89
NG,product-7745,144,48.63
MA,product-7746,371,85.54
GH,product-7747,670,0.61
MA,product-7748,65,34.37
ZA,product-7749,791,24.64
KE,product-7750,351,7.27
ZA,product-7751,614,43.09
MA,product-7752,706,6.38
GH,product-7753,910,24.24
ZA,product-7754,56,93.85
GH,product-7755,447,53.61
GH,product-7756,664,23.98
NG,product-7757,97,0.01
MA,product-7758,646,28.38
GH,product-7759,625,66.42
MA,product-7760,243,42.64
NG,product-7761,640,55.37
KE,product-7762,845,6.22
MA,product-7763,209,92.58
GH,product-7764,114,25.75
KE,product-7765,918,21.15
ZA,product-7766,849,79.13
NG,product-7767,673,97.87
KE,product-7768,288,22.05
KE,product-7769,846,80.66
MA,product-7770,613,14.65
ZA,product-7771,990,35.55
KE,product-7772,759,24.48
ZA,product-7773,810,45.64
KE,product-7774,941,30.28
GH,product-7775,947,76.42
GH,product-7776,908,6.75
GH,product-7777,669,6.12
NG,product-7778,196,14.24
MA,product-7779,887,66.23
ZA,product-7780,335,99.88
GH,product-7781,13,86.02
NG,product-7782,957,19.29
MA,product-7783,129,98.60
MA,product-7784,230,90.79
KE,product-7785,838,67.83
ZA,product-7786,42,78.81
MA,product-7787,293,13.14
MA,product-7788,833,12.58
NG,product-7789,318,3.86
GH,product-7790,346,96.34
GH,product-7791,83,36.79
GH,product-7792,597,23.86
GH,product-7793,321,95.53
KE,product-7794,540,52.20
KE,product-7795,278,5.57
ZA,product-7796,31,49.12
MA,product-7797,160,98.24
NG,product-7798,361,20.79
ZA,product-7799,281,95.51
GH,product-7800,308,65.12
MA,product-7801,306,72.92
GH,product-7802,516,63.49
ZA,product-7803,260,15.45
GH,product-7804,413,47.74
ZA,product-7805,613,75.30
GH,product-7806,171,76.82
KE,product-7807,843,20.36
NG,product-7808,429,82.62
ZA,product-7809,685,58.13
GH,product-7810,247,95.14
NG,product-7811,352,7.92
MA,product-7812,715,52.58
MA,product-7813,947,14.54
ZA,product-7814,520,71.30
GH,product-7815,622,64.54
MA,product-7816,656,93.31
ZA,product-7817,147,17.95
NG,product-7818,533,86.76
ZA,product-7819,494,67.44
MA,product-7820,506,74.65
MA,product-7821,886,19.88
MA,product-7822,874,24.34
NG,product-7823,308,32.19
KE,product-7824,500,24.77
ZA,product-7825,370,34.04
NG,product-7826,969,61.90
MA,product-7827,855,35.35
GH,product-7828,174,98.64
ZA,product-7829,318,3.48
MA,product-7830,519,45.22
ZA,product-7831,433,51.14
NG,product-7832,496,57.60
NG,product-7833,445,36.26
KE,product-7834,505,63.82
NG,product-7835,474,89.69
GH,product-7836,156,8.61
ZA,product-7837,285,80.32
MA,product-7838,819,33.02
ZA,product-7839,683,69.91
KE,product-7840,28,10.36
GH,product-7841,705,97.63
GH,product-7842,154,56.54
ZA,product-7843,623,5.56
NG,product-7844,861,56.68
KE,product-7845,476,67.96
ZA,product-7846,763,23.92
KE,product-7847,257,67.84
GH,product-7848,482,73.06
KE,product-7849,230,56.08
MA,product-7850,291,25.28
GH,product-7851,879,75.26
GH,product-7852,340,48.48
ZA,product-7853,15,11.47
NG,product-7854,164,56.49
KE,product-7855,678,97.18
MA,product-7856,506,58.76
KE,product-7857,613,22.94
MA,product-7858,83,99.54
GH,product-7859,152,9.51
KE,product-7860,966,38.80
NG,product-7861,500,50.42
GH,product-7862,634,69.05
NG,product-7863,812,98.46
KE,product-7864,328,62.32
ZA,product-7865,988,44.25
ZA,product-7866,754,29.78
MA,product-7867,921,75.85
NG,product-7868,581,19.58
NG,product-7869,142,31.89
KE,product-7870,243,43.75
GH,product-7871,912,80.23
KE,product-7872,243,93.95
GH,product-7873,643,41.50
KE,product-7874,797,50.20
MA,product-7875,675,16.82
GH,product-7876,939,55.25
NG,product-7877,737,67.86
KE,product-7878,308,22.42
GH,product-7879,27,51.36
KE,product-7880,438,20.79
ZA,product-7881,576,21.28
GH,product-7882,359,43.51
KE,product-7883,353,11.42
ZA,product-7884,850,11.22
NG,product-7885,420,59.46
ZA,product-7886,722,71.10
MA,product-7887,634,33.42
ZA,product-7888,445,27.71
MA,product-7889,724,43.27
MA,product-7890,326,16.76
MA,product-7891,4,54.56
GH,product-7892,234,9.48
KE,product-7893,440,60.83
NG,product-7894,709,1.90
KE,product-7895,870,66.67
ZA,product-7896,42,56.75
NG,product-7897,536,74.53
MA,product-7898,876,91.61
KE,product-7899,185,20.04
GH,product-7900,562,41.63
GH,product-7901,138,54.28
MA,product-7902,543,75.71
MA,product-7903,783,65.24
GH,product-7904,360,55.60
KE,product-7905,662,93.47
NG,product-7906,769,51.89
NG,product-7907,525,81.94
MA,product-7908,913,36.87
GH,product-7909,49,5.41
NG,product-7910,139,25.67
NG,product-7911,390,78.87
NG,product-7912,929,97.51
ZA,product-7913,46,40.32
NG,product-7914,511,45.90
GH,product-7915,171,45.38
NG,product-7916,919,76.03
NG,product-7917,574,77.34
GH,product-7918,401,75.83
GH,product-7919,33,24.13
GH,product-7920,34,13.20
NG,product-7921,496,52.00
NG,product-7922,937,52.45
GH,product-7923,478,57.14
GH,product-7924,773,26.94
NG,product-7925,327,75.66
ZA,product-7926,631,34.64
KE,product-7927,330,96.57
ZA,product-7928,419,97.00
KE,product-7929,3,88.24
NG,product-7930,468,5.46
ZA,product-7931,809,43.86
KE,product-7932,437,91.57
NG,product-7933,45,83.31
KE,product-7934,887,50.80
NG,product-7935,272,80.58
ZA,product-7936,536,25.08
GH,product-7937,649,58.11
MA,product-7938,116,14.54
KE,product-7939,13,48.68
GH,product-7940,365,58.17
MA,product-7941,921,25.37
MA,product-7942,765,66.85
MA,product-7943,318,92.60
NG,product-7944,869,37.55
KE,product-7945,148,86.89
ZA,product-7946,443,91.96
NG,product-7947,762,31.75
NG,product-7948,845,66.46
MA,product-7949,647,89.42
MA,product-7950,901,65.38
NG,product-7951,815,36.66
GH,product-7952,508,22.00
ZA,product-7953,231,84.43
GH,product-7954,298,82.95
NG,product-7955,659,76.38
NG,product-7956,339,45.38
MA,product-7957,693,30.06
ZA,product-7958,508,83.29
KE,product-7959,766,7.04
KE,product-7960,949,87.79
KE,product-7961,137,23.08
GH,product-7962,335,37.57
KE,product-7963,735,2.32
GH,product-7964,600,42.09
NG,product-7965,398,52.86
GH,product-7966,928,45.97
ZA,product-7967,543,2.16
ZA,product-7968,436,95.66
KE,product-7969,444,99.58
KE,product-7970,214,16.59
ZA,product-7971,71,6.11
MA,product-7972,620,44.13
NG,product-7973,924,17.86
KE,product-7974,314,76.29
NG,product-7975,454,96.91
GH,product-7976,582,8.34
ZA,product-7977,656,28.92
GH,product-7978,726,42.66
NG,product-7979,382,88.99
MA,product-7980,761,93.03
ZA,product-7981,79,0.97
ZA,product-7982,429,28.92
NG,product-7983,13,33.58
ZA,product-7984,727,1.41
ZA,product-7985,718,80.95
ZA,product-7986,938,17.79
GH,product-7987,504,78.59
ZA,product-7988,905,84.18
NG,product-7989,367,74.14
KE,product-7990,225,82.27
NG,product-7991,532,48.75
MA,product-7992,602,51.65
NG,product-7993,532,40.81
ZA,product-7994,147,94.63
GH,product-7995,966,6.48
GH,product-7996,207,29.42
GH,product-7997,190,77.10
ZA,product-7998,194,94.19
MA,product-7999,128,64.09
MA,product-8000,988,42.09
GH,product-8001,7,44.90
MA,product-8002,405,47.30
KE,product-8003,711,90.48
MA,product-8004,802,44.63
ZA,product-8005,48,35.48
MA,product-8006,119,37.62
KE,product-8007,102,30.19
GH,product-8008,944,83.16
GH,product-8009,440,67.86
KE,product-8010,602,14.00
GH,product-8011,413,55.22
ZA,product-8012,807,67.48
GH,product-8013,135,12.28
GH,product-8014,450,91.07
GH,product-8015,304,23.60
GH,product-8016,128,21.67
MA,product-8017,963,94.72
ZA,product-8018,183,6.77
ZA,product-8019,666,23.96
KE,product-8020,132,0.56
NG,product-8021,826,71.28
MA,product-8022,575,50.62
NG,product-8023,806,45.26
GH,product-8024,828,5.06
GH,product-8025,64,0.17
KE,product-8026,413,70.89
KE,product-8027,476,26.95
GH,product-8028,13,58.92
MA,product-8029,693,82.76
KE,product-8030,129,0.27
NG,product-8031,654,9.05
ZA,product-8032,962,80.61
KE,product-8033,151,16.06
MA,product-8034,541,58.95
MA,product-8035,142,57.08
ZA,product-8036,870,11.55
NG,product-8037,815,98.93
NG,product-8038,731,28.55
KE,product-8039,756,52.13
GH,product-8040,398,90.67
GH,product-8041,891,76.03
NG,product-8042,137,89.85
GH,product-8043,855,13.30
GH,product-8044,406,63.22
MA,product-8045,927,3.90
KE,product-8046,596,17.08
ZA,product-8047,302,56.47
GH,product-8048,794,92.44
KE,product-8049,264,2.53
KE,product-8050,360,45.94
GH,product-8051,614,17.05
GH,product-8052,499,19.67
NG,product-8053,80,2.69
MA,product-8054,571,81.43
NG,product-8055,691,54.61
ZA,product-8056,897,36.76
MA,product-8057,502,55.60
KE,product-8058,91,1.87
ZA,product-8059,832,81.39
GH,product-8060,257,42.15
GH,product-8061,17,28.48
MA,product-8062,321,3.29
MA,product-8063,188,15.71
NG,product-8064,514,32.05
ZA,product-8065,328,30.33
NG,product-8066,569,20.26
NG,product-8067,465,95.09
MA,product-8068,74,8.05
NG,product-8069,206,12.96
MA,product-8070,199,76.33
ZA,product-8071,309,16.57
MA,product-8072,774,32.06
NG,product-8073,194,44.64
MA,product-8074,986,80.80
GH,product-8075,233,57.45
KE,product-8076,270,98.56
GH,product-8077,142,65.06
ZA,product-8078,651,75.05
ZA,product-8079,32,7.97
NG,product-8080,512,5.82
MA,product-8081,554,61.73
MA,product-8082,373,73.62
GH,product-8083,128,94.35
NG,product-8084,668,70.96
NG,product-8085,491,83.29
KE,product-8086,217,15.10
KE,product-8087,686,58.34
ZA,product-8088,10,47.75
NG,product-8089,286,6.62
NG,product-8090,975,6.60
ZA,product-8091,875,60.09
MA,product-8092,456,55.80
KE,product-8093,892,16.62
GH,product-8094,368,79.79
NG,product-8095,617,63.57
KE,product-8096,572,59.41
ZA,product-8097,561,3.34
MA,product-8098,921,23.62
MA,product-8099,347,21.38
ZA,product-8100,17,38.65
KE,product-8101,844,20.09
MA,product-8102,602,96.08
KE,product-8103,537,18.72
KE,product-8104,746,89.29
ZA,product-8105,808,58.72
ZA,product-8106,12,14.14
KE,product-8107,439,39.54
MA,product-8108,309,8.16
GH,product-8109,504,1.55
GH,product-8110,225,9.12
GH,product-8111,430,91.67
GH,product-8112,339,87.06
ZA,product-8113,130,98.46
ZA,product-8114,260,93.29
NG,product-8115,833,71.47
KE,product-8116,870,55.77
GH,product-8117,385,97.88
KE,product-8118,434,22.17
NG,product-8119,915,84.70
ZA,product-8120,480,58.69
GH,product-8121,75,66.01
MA,product-8122,631,83.72
KE,product-8123,117,89.93
ZA,product-8124,59,22.27
NG,product-8125,504,55.09
MA,product-8126,614,30.48
GH,product-8127,355,79.55
ZA,product-8128,663,91.57
KE,product-8129,59,30.34
MA,product-8130,434,49.16
KE,product-8131,383,75.43
GH,product-8132,277,96.34
NG,product-8133,450,48.68
GH,product-8134,668,1.11
MA,product-8135,257,11.07
NG,product-8136,276,15.36
MA,product-8137,623,83.11
KE,product-8138,129,42.09
ZA,product-8139,802,47.34
GH,product-8140,832,79.52
KE,product-8141,786,17.07
GH,product-8142,264,95.49
MA,product-8143,314,86.45
MA,product-8144,361,78.70
GH,product-8145,199,70.89
ZA,product-8146,995,99.28
ZA,product-8147,702,74.89
ZA,product-8148,640,7.23
NG,product-8149,574,95.28
KE,product-8150,83,51.06
NG,product-8151,856,81.74
ZA,product-8152,220,97.10
KE,product-8153,662,52.37
MA,product-8154,538,30.20
GH,product-8155,207,92.46
NG,product-8156,479,30.81
MA,product-8157,991,7.13
GH,product-8158,530,58.89
GH,product-8159,141,8.46
MA,product-8160,764,49.44
KE,product-8161,639,68.79
NG,product-8162,756,67.48
MA,product-8163,227,0.80
GH,product-8164,761,95.33
KE,product-8165,623,97.09
NG,product-8166,904,58.58
ZA,product-8167,541,57.39
KE,product-8168,657,56.60
GH,product-8169,91,18.25
KE,product-8170,928,96.87
KE,product-8171,674,34.53
MA,product-8172,347,39.85
GH,product-8173,40,63.00
ZA,product-8174,482,21.07
KE,product-8175,675,59.37
ZA,product-8176,654,1.24
NG,product-8177,488,81.75
KE,product-8178,905,37.90
KE,product-8179,297,45.63
KE,product-8180,743,71.22
KE,product-8181,86,70.18
MA,product-8182,156,4.16
GH,product-8183,951,96.74
MA,product-8184,817,56.08
GH,product-8185,928,88.86
GH,product-8186,545,18.30
KE,product-8187,975,2.92
MA,product-8188,42,91.89
GH,product-8189,691,26.32
ZA,product-8190,552,46.34
NG,product-8191,174,45.83
NG,product-8192,136,3.60
MA,product-8193,508,81.71
MA,product-8194,298,80.68
KE,product-8195,566,2.29
GH,product-8196,482,92.91
KE,product-8197,732,92.83
KE,product-8198,923,81.50
NG,product-8199,322,45.02
NG,product-8200,323,27.99
GH,product-8201,288,11.90
MA,product-8202,875,56.99
ZA,product-8203,937,32.68
GH,product-8204,832,6.74
GH,product-8205,699,1.59
MA,product-8206,687,23.89
GH,product-8207,513,91.43
ZA,product-8208,821,78.75
MA,product-8209,474,56.70
MA,product-8210,477,92.86
ZA,product-8211,845,18.17
GH,product-8212,405,90.98
GH,product-8213,519,40.58
GH,product-8214,118,65.00
KE,product-8215,778,25.21
MA,product-8216,95,17.86
MA,product-8217,606,82.43
GH,product-8218,627,16.17
MA,product-8219,123,29.02
MA,product-8220,475,24.52
ZA,product-8221,411,83.23
MA,product-8222,74,6.95
ZA,product-8223,291,34.80
NG,product-8224,404,60.52
ZA,product-8225,151,96.61
NG,product-8226,798,87.23
ZA,product-8227,610,52.37
NG,product-8228,163,2.74
GH,product-8229,906,81.14
GH,product-8230,574,69.46
GH,product-8231,578,57.54
NG,product-8232,750,19.21
ZA,product-8233,823,90.19
NG,product-8234,557,69.14
MA,product-8235,322,66.46
ZA,product-8236,113,30.82
GH,product-8237,461,76.10
KE,product-8238,369,91.96
ZA,product-8239,28,38.41
KE,product-8240,637,14.24
KE,product-8241,471,52.39
GH,product-8242,841,0.61
KE,product-8243,677,20.37
GH,product-8244,483,55.77
ZA,product-8245,138,3.27
GH,product-8246,856,11.37
ZA,product-8247,21,39.21
ZA,product-8248,211,36.39
ZA,product-8249,333,3.38
GH,product-8250,337,88.16
MA,product-8251,663,21.77
KE,product-8252,107,41.58
KE,product-8253,366,82.69
NG,product-8254,149,80.49
MA,product-8255,940,58.88
ZA,product-8256,628,81.92
KE,product-8257,612,93.95
NG,product-8258,597,85.36
NG,product-8259,185,66.43
ZA,product-8260,382,75.42
NG,product-8261,959,78.78
MA,product-8262,328,70.32
NG,product-8263,94,26.05
KE,product-8264,781,87.60
GH,product-8265,318,67.10
MA,product-8266,589,42.61
MA,product-8267,41,85.83
ZA,product-8268,442,12.84
ZA,product-8269,920,77.39
KE,product-8270,808,56.77
NG,product-8271,308,73.05
NG,product-8272,722,37.47
KE,product-8273,875,33.98
NG,product-8274,51,2.29
ZA,product-8275,347,55.81
KE,product-8276,987,88.52
GH,product-8277,706,90.93
GH,product-8278,210,83.35
MA,product-8279,799,23.29
NG,product-8280,97,99.41
MA,product-8281,780,34.17
MA,product-8282,312,41.91
KE,product-8283,566,79.11
ZA,product-8284,228,39.89
KE,product-8285,381,67.81
MA,product-8286,183,41.36
GH,product-8287,426,94.94
ZA,product-8288,685,90.94
GH,product-8289,492,98.85
NG,product-8290,183,95.68
ZA,product-8291,945,1.67
GH,product-8292,928,24.68
KE,product-8293,119,84.87
KE,product-8294,424,27.42
MA,product-8295,913,25.54
KE,product-8296,181,2.71
GH,product-8297,647,75.36
MA,product-8298,134,19.55
GH,product-8299,367,88.49
ZA,product-8300,749,15.68
KE,product-8301,510,7.92
ZA,product-8302,437,49.67
MA,product-8303,558,94.70
ZA,product-8304,565,79.96
GH,product-8305,82,31.99
GH,product-8306,894,96.25
GH,product-8307,869,4.74
GH,product-8308,17,12.96
GH,product-8309,745,25.61
KE,product-8310,556,85.50
NG,product-8311,842,14.53
GH,product-8312,408,78.49
NG,product-8313,572,83.86
KE,product-8314,609,6.20
NG,product-8315,213,0.82
GH,product-8316,201,61.73
KE,product-8317,546,30.08
NG,product-8318,597,31.46
GH,product-8319,844,98.36
ZA,product-8320,786,1.85
KE,product-8321,142,6.54
ZA,product-8322,956,23.32
GH,product-8323,879,96.49
KE,product-8324,762,9.68
GH,product-8325,317,93.33
ZA,product-8326,901,79.02
KE,product-8327,771,92.70
MA,product-8328,412,16.70
ZA,product-8329,37,4.36
MA,product-8330,905,24.28
KE,product-8331,10,90.10
KE,product-8332,158,72.99
KE,product-8333,574,11.97
ZA,product-8334,386,5.02
KE,product-8335,597,1.83
MA,product-8336,736,51.25
MA,product-8337,130,59.90
GH,product-8338,661,4.72
ZA,product-8339,300,66.59
NG,product-8340,644,97.59
KE,product-8341,516,17.28
KE,product-8342,555,98.49
ZA,product-8343,87,52.05
GH,product-8344,39,91.12
ZA,product-8345,172,35.19
NG,product-8346,462,65.66
KE,product-8347,272,14.59
NG,product-8348,747,65.54
KE,product-8349,356,29.07
KE,product-8350,263,88.57
GH,product-8351,215,86.28
GH,product-8352,837,63.06
MA,product-8353,564,41.15
NG,product-8354,955,69.96
MA,product-8355,330,84.53
MA,product-8356,348,89.79
ZA,product-8357,910,25.77
ZA,product-8358,612,15.13
MA,product-8359,909,45.72
NG,product-8360,911,25.80
GH,product-8361,336,24.71
GH,product-8362,589,84.14
MA,product-8363,312,63.45
GH,product-8364,965,70.82
KE,product-8365,475,77.03
GH,product-8366,761,17.40
NG,product-8367,160,60.10
KE,product-8368,499,30.20
MA,product-8369,641,91.41
ZA,product-8370,627,27.87
KE,product-8371,265,39.63
KE,product-8372,446,29.59
MA,product-8373,303,40.36
MA,product-8374,498,61.42
KE,product-8375,441,51.00
KE,product-8376,886,63.58
ZA,product-8377,480,81.56
GH,product-8378,321,28.49
ZA,product-8379,21,20.27
KE,product-8380,620,62.76
NG,product-8381,677,89.66
NG,product-8382,443,51.28
KE,product-8383,801,66.79
GH,product-8384,800,24.15
MA,product-8385,935,26.69
MA,product-8386,57,82.20
MA,product-8387,416,56.83
GH,product-8388,496,45.92
MA,product-8389,821,7.25
ZA,product-8390,362,0.56
NG,product-8391,747,69.17
ZA,product-8392,349,13.04
MA,product-8393,308,68.53
MA,product-8394,270,55.93
KE,product-8395,333,49.41
KE,product-8396,701,27.93
GH,product-8397,842,26.75
KE,product-8398,867,35.93
NG,product-8399,390,56.88
NG,product-8400,812,41.94
KE,product-8401,75,12.34
NG,product-8402,123,96.02
NG,product-8403,759,52.30
ZA,product-8404,263,87.15
MA,product-8405,770,39.87
MA,product-8406,805,39.60
GH,product-8407,209,32.59
ZA,product-8408,546,88.68
MA,product-8409,848,90.91
NG,product-8410,841,4.78
MA,product-8411,939,57.62
KE,product-8412,801,50.61
MA,product-8413,407,60.31
ZA,product-8414,627,86.76
MA,product-8415,354,86.25
MA,product-8416,218,70.67
NG,product-8417,693,98.57
ZA,product-8418,604,66.15
MA,product-8419,936,73.68
NG,product-8420,618,91.24
ZA,product-8421,743,1.44
KE,product-8422,475,67.73
MA,product-8423,871,14.72
ZA,product-8424,668,82.29
ZA,product-8425,756,87.95
MA,product-8426,604,60.22
GH,product-8427,973,9.42
GH,product-8428,460,85.85
GH,product-8429,986,31.88
ZA,product-8430,903,3.23
KE,product-8431,168,31.46
KE,product-8432,252,83.70
MA,product-8433,143,18.92
MA,product-8434,212,87.43
GH,product-8435,769,22.68
GH,product-8436,742,44.07
GH,product-8437,98,58.50
MA,product-8438,281,54.52
KE,product-8439,498,92.34
KE,product-8440,116,97.43
KE,product-8441,601,83.69
ZA,product-8442,29,18.01
NG,product-8443,790,91.91
KE,product-8444,846,78.20
ZA,product-8445,236,0.80
KE,product-8446,348,87.14
GH,product-8447,147,35.70
MA,product-8448,242,81.29
KE,product-8449,75,69.81
NG,product-8450,298,36.21
MA,product-8451,47,33.67
NG,product-8452,317,99.18
MA,product-8453,158,88.80
ZA,product-8454,692,79.17
GH,product-8455,115,43.20
GH,product-8456,176,29.00
MA,product-8457,913,14.71
MA,product-8458,874,57.87
ZA,product-8459,473,26.42
GH,product-8460,66,42.83
KE,product-8461,579,40.85
GH,product-8462,378,59.21
KE,product-8463,836,93.16
MA,product-8464,516,20.87
KE,product-8465,731,59.18
ZA,product-8466,413,67.47
KE,product-8467,159,77.24
KE,product-8468,970,7.29
KE,product-8469,347,55.60
ZA,product-8470,805,25.41
MA,product-8471,193,4.80
NG,product-8472,492,34.66
NG,product-8473,25,9.01
ZA,product-8474,817,79.25
GH,product-8475,338,79.47
KE,product-8476,140,89.90
NG,product-8477,954,54.29
MA,product-8478,30,32.23
ZA,product-8479,934,39.04
MA,product-8480,392,62.73
ZA,product-8481,973,5.60
KE,product-8482,760,72.56
GH,product-8483,585,37.72
MA,product-8484,863,47.79
NG,product-8485,306,61.86
NG,product-8486,269,44.86
MA,product-8487,375,72.21
ZA,product-8488,454,59.32
GH,product-8489,997,51.21
KE,product-8490,725,21.46
GH,product-8491,660,63.07
ZA,product-8492,108,18.28
GH,product-8493,761,92.21
KE,product-8494,992,38.23
NG,product-8495,995,75.26
ZA,product-8496,755,67.72
NG,product-8497,208,16.57
ZA,product-8498,471,23.77
ZA,product-8499,113,97.56
NG,product-8500,211,55.29
MA,product-8501,153,59.30
NG,product-8502,788,90.63
ZA,product-8503,157,88.11
KE,product-8504,135,54.34
NG,product-8505,685,37.42
ZA,product-8506,415,37.65
KE,product-8507,539,46.56
MA,product-8508,394,79.90
GH,product-8509,225,55.77
KE,product-8510,108,41.09
ZA,product-8511,594,75.42
GH,product-8512,373,14.86
NG,product-8513,68,13.88
GH,product-8514,719,63.50
GH,product-8515,400,61.30
NG,product-8516,410,46.41
NG,product-8517,169,53.67
NG,product-8518,617,9.84
MA,product-8519,962,86.77
KE,product-8520,261,9.38
ZA,product-8521,61,64.27
KE,product-8522,130,51.72
MA,product-8523,302,51.63
ZA,product-8524,54,58.30
MA,product-8525,567,80.28
GH,product-8526,391,31.08
KE,product-8527,978,85.84
NG,product-8528,462,3.90
ZA,product-8529,342,58.86
ZA,product-8530,621,6.32
ZA,product-8531,398,52.64
ZA,product-8532,131,34.42
GH,product-8533,213,1.64
ZA,product-8534,504,51.89
ZA,product-8535,364,39.25
NG,product-8536,951,52.08
GH,product-8537,822,72.82
MA,product-8538,227,37.81
NG,product-8539,186,36.04
KE,product-8540,239,54.96
NG,product-8541,93,70.77
KE,product-8542,606,76.22
GH,product-8543,133,29.20
NG,product-8544,936,62.97
ZA,product-8545,841,78.94
KE,product-8546,28,24.33
ZA,product-8547,911,0.87
GH,product-8548,441,59.32
MA,product-8549,454,69.24
KE,product-8550,423,79.40
GH,product-8551,767,83.09
GH,product-8552,381,10.95
ZA,product-8553,630,16.25
GH,product-8554,596,96.69
GH,product-8555,267,52.73
MA,product-8556,752,65.90
NG,product-8557,159,86.26
ZA,product-8558,918,68.36
NG,product-8559,709,18.65
ZA,product-8560,219,59.30
GH,product-8561,480,12.73
ZA,product-8562,5,60.76
KE,product-8563,818,36.99
KE,product-8564,767,56.66
MA,product-8565,45,11.76
MA,product-8566,579,11.14
MA,product-8567,591,67.51
ZA,product-8568,545,91.68
MA,product-8569,867,18.67
MA,product-8570,710,42.61
ZA,product-8571,908,75.30
MA,product-8572,624,94.67
MA,product-8573,910,20.09
ZA,product-8574,487,60.44
NG,product-8575,653,62.45
MA,product-8576,834,52.87
ZA,product-8577,201,14.78
ZA,product-8578,749,80.70
NG,product-8579,558,84.47
KE,product-8580,224,25.41
KE,product-8581,491,16.36
KE,product-8582,968,24.08
MA,product-8583,756,72.55
NG,product-8584,696,43.03
ZA,product-8585,895,64.84
MA,product-8586,160,96.10
GH,product-8587,109,11.53
NG,product-8588,304,61.54
GH,product-8589,248,81.45
ZA,product-8590,770,78.25
MA,product-8591,923,45.18
GH,product-8592,83,51.16
MA,product-8593,741,27.87
MA,product-8594,651,4.75
ZA,product-8595,595,1.41
MA,product-8596,907,54.70
ZA,product-8597,918,88.45
GH,product-8598,36,35.04
KE,product-8599,644,76.64
GH,product-8600,923,23.07
NG,product-8601,80,55.13
NG,product-8602,918,32.95
KE,product-8603,733,0.54
KE,product-8604,49,66.76
MA,product-8605,0,31.23
KE,product-8606,366,67.48
GH,product-8607,182,38.75
NG,product-8608,73,63.60
MA,product-8609,905,92.37
ZA,product-8610,347,91.80
GH,product-8611,855,11.66
NG,product-8612,770,48.74
GH,product-8613,569,49.46
MA,product-8614,706,28.36
KE,product-8615,93,55.34
NG,product-8616,724,49.73
MA,product-8617,373,49.94
MA,product-8618,63,92.60
KE,product-8619,921,17.03
MA,product-8620,824,67.42
ZA,product-8621,728,97.17
GH,product-8622,706,0.53
ZA,product-8623,331,93.70
ZA,product-8624,367,53.12
GH,product-8625,295,87.53
GH,product-8626,956,7.90
KE,product-8627,969,83.48
NG,product-8628,666,47.02
MA,product-8629,722,29.11
KE,product-8630,918,28.81
NG,product-8631,127,45.70
KE,product-8632,870,73.93
KE,product-8633,311,36.35
KE,product-8634,956,65.44
ZA,product-8635,229,71.14
GH,product-8636,487,1.27
ZA,product-8637,994,17.83
NG,product-8638,948,57.07
NG,product-8639,831,13.33
NG,product-8640,128,78.94
GH,product-8641,889,69.12
KE,product-8642,851,79.43
MA,product-8643,44,30.88
KE,product-8644,665,32.68
KE,product-8645,252,5.54
KE,product-8646,434,53.76
GH,product-8647,639,86.83
ZA,product-8648,227,84.15
MA,product-8649,227,13.89
NG,product-8650,14,91.76
GH,product-8651,963,17.54
MA,product-8652,873,13.40
GH,product-8653,940,35.25
ZA,product-8654,350,38.05
NG,product-8655,541,89.59
GH,product-8656,746,18.77
KE,product-8657,498,77.45
ZA,product-8658,71,31.68
GH,product-8659,724,43.99
GH,product-8660,292,28.41
NG,product-8661,513,2.53
KE,product-8662,747,22.37
KE,product-8663,787,5.25
MA,product-8664,970,78.96
NG,product-8665,482,42.61
MA,product-8666,847,95.66
GH,product-8667,114,27.21
MA,product-8668,191,37.09
KE,product-8669,276,52.58
NG,product-8670,899,34.73
MA,product-8671,388,90.03
KE,product-8672,167,1.45
MA,product-8673,782,66.53
GH,product-8674,639,54.13
GH,product-8675,877,87.95
NG,product-8676,257,45.51
MA,product-8677,263,34.05
ZA,product-8678,809,12.40
KE,product-8679,741,23.51
KE,product-8680,508,6.36
KE,product-8681,974,53.70
ZA,product-8682,386,77.96
KE,product-8683,60,4.99
MA,product-8684,77,91.02
ZA,product-8685,572,66.43
KE,product-8686,760,89.98
KE,product-8687,406,50.47
GH,product-8688,390,81.32
NG,product-8689,835,6.53
KE,product-8690,946,36.37
ZA,product-8691,380,59.55
ZA,product-8692,690,61.18
KE,product-8693,665,71.13
MA,product-8694,98,51.35
NG,product-8695,658,27.43
KE,product-8696,657,4.62
NG,product-8697,114,73.37
MA,product-8698,455,5.18
MA,product-8699,962,78.77
NG,product-8700,913,66.75
KE,product-8701,572,94.10
KE,product-8702,476,12.90
NG,product-8703,446,58.47
GH,product-8704,617,71.21
ZA,product-8705,937,76.10
NG,product-8706,799,46.51
GH,product-8707,831,7.40
GH,product-8708,11,95.45
ZA,product-8709,49,30.84
ZA,product-8710,612,26.80
GH,product-8711,908,32.00
ZA,product-8712,582,90.53
NG,product-8713,58,1.89
KE,product-8714,851,86.64
MA,product-8715,565,39.22
MA,product-8716,420,32.87
MA,product-8717,275,13.60
GH,product-8718,379,99.96
GH,product-8719,336,96.63
KE,product-8720,802,11.03
GH,product-8721,658,21.74
KE,product-8722,877,56.56
MA,product-8723,646,30.24
KE,product-8724,751,53.64
NG,product-8725,148,26.32
GH,product-8726,680,57.93
NG,product-8727,869,70.68
MA,product-8728,62,14.73
MA,product-8729,77,10.79
MA,product-8730,67,43.91
KE,product-8731,685,54.14
MA,product-8732,805,21.54
MA,product-8733,26,13.05
NG,product-8734,322,72.78
GH,product-8735,585,74.17
MA,product-8736,262,82.42
ZA,product-8737,94,35.79
MA,product-8738,594,94.73
NG,product-8739,251,23.36
MA,product-8740,68,11.16
ZA,product-8741,337,84.11
MA,product-8742,439,71.37
NG,product-8743,689,70.08
GH,product-8744,737,59.30
MA,product-8745,915,44.22
MA,product-8746,41,41.82
KE,product-8747,775,50.09
GH,product-8748,675,60.12
NG,product-8749,404,99.77
GH,product-8750,431,64.23
MA,product-8751,839,59.61
GH,product-8752,90,67.45
KE,product-8753,306,98.77
ZA,product-8754,530,30.70
KE,product-8755,3,49.69
MA,product-8756,705,26.04
NG,product-8757,70,48.76
GH,product-8758,417,73.13
ZA,product-8759,61,45.36
GH,product-8760,959,4.92
NG,product-8761,777,2.12
KE,product-8762,480,17.33
ZA,product-8763,193,85.45
ZA,product-8764,365,88.60
ZA,product-8765,36,85.22
KE,product-8766,329,2.75
ZA,product-8767,409,25.50
ZA,product-8768,312,23.97
MA,product-8769,497,35.47
GH,product-8770,6,48.90
ZA,product-8771,658,14.99
MA,product-8772,545,98.33
MA,product-8773,481,33.94
KE,product-8774,406,18.57
ZA,product-8775,429,41.92
KE,product-8776,778,38.69
KE,product-8777,194,95.72
KE,product-8778,198,86.85
MA,product-8779,386,49.19
ZA,product-8780,604,72.03
KE,product-8781,173,76.65
NG,product-8782,955,2.29
ZA,product-8783,287,25.63
MA,product-8784,575,21.10
MA,product-8785,823,13.48
NG,product-8786,296,48.56
MA,product-8787,588,9.91
ZA,product-8788,138,73.72
GH,product-8789,69,64.28
MA,product-8790,76,83.14
KE,product-8791,524,18.21
NG,product-8792,16,46.59
MA,product-8793,159,89.13
KE,product-8794,257,74.16
MA,product-8795,868,68.98
ZA,product-8796,535,23.93
ZA,product-8797,507,51.11
KE,product-8798,172,0.25
ZA,product-8799,4,15.39
ZA,product-8800,447,9.44
GH,product-8801,591,88.45
GH,product-8802,388,52.71
ZA,product-8803,919,93.22
NG,product-8804,160,35.40
NG,product-8805,129,14.75
GH,product-8806,388,4.06
KE,product-8807,506,69.63
ZA,product-8808,350,75.58
MA,product-8809,499,15.49
NG,product-8810,236,7.49
MA,product-8811,267,80.54
NG,product-8812,317,60.06
MA,product-8813,354,5.63
GH,product-8814,225,5.39
NG,product-8815,445,24.17
ZA,product-8816,731,49.07
NG,product-8817,763,94.00
MA,product-8818,315,74.68
GH,product-8819,900,15.58
MA,product-8820,843,87.62
GH,product-8821,783,70.71
KE,product-8822,640,97.19
GH,product-8823,76,54.84
NG,product-8824,182,2.42
KE,product-8825,968,73.02
NG,product-8826,380,30.36
KE,product-8827,285,82.24
NG,product-8828,210,22.16
ZA,product-8829,987,4.07
MA,product-8830,740,49.72
NG,product-8831,188,84.19
ZA,product-8832,465,80.22
GH,product-8833,802,87.99
GH,product-8834,657,50.19
GH,product-8835,493,51.29
KE,product-8836,897,24.17
MA,product-8837,434,2.29
GH,product-8838,880,25.71
KE,product-8839,981,59.65
GH,product-8840,496,57.81
KE,product-8841,878,22.94
MA,product-8842,478,90.97
ZA,product-8843,338,54.26
KE,product-8844,665,28.16
NG,product-8845,79,35.53
MA,product-8846,913,7.30
ZA,product-8847,692,90.63
ZA,product-8848,347,88.55
NG,product-8849,995,42.17
KE,product-8850,609,57.50
GH,product-8851,363,19.87
KE,product-8852,470,13.02
MA,product-8853,624,25.07
KE,product-8854,160,69.18
GH,product-8855,771,43.87
ZA,product-8856,921,44.27
ZA,product-8857,102,65.91
GH,product-8858,843,21.62
ZA,product-8859,94,87.53
NG,product-8860,712,73.35
KE,product-8861,175,57.23
GH,product-8862,626,62.27
KE,product-8863,233,14.34
NG,product-8864,695,65.81
GH,product-8865,886,38.33
KE,product-8866,822,71.85
MA,product-8867,56,85.24
NG,product-8868,544,55.68
ZA,product-8869,437,40.31
NG,product-8870,921,76.96
NG,product-8871,559,40.97
MA,product-8872,302,79.22
KE,product-8873,743,34.10
GH,product-8874,429,5.69
NG,product-8875,286,23.95
KE,product-8876,201,84.02
GH,product-8877,252,42.90
MA,product-8878,982,3.80
KE,product-8879,257,45.21
NG,product-8880,71,75.98
NG,product-8881,572,16.76
NG,product-8882,515,40.48
GH,product-8883,892,18.36
GH,product-8884,730,69.88
MA,product-8885,660,49.14
KE,product-8886,727,17.18
MA,product-8887,286,27.90
NG,product-8888,163,32.47
ZA,product-8889,695,0.98
MA,product-8890,179,80.93
GH,product-8891,62,98.15
GH,product-8892,919,25.34
ZA,product-8893,354,2.02
KE,product-8894,433,16.68
KE,product-8895,636,94.01
GH,product-8896,252,63.01
NG,product-8897,899,64.85
KE,product-8898,623,83.95
MA,product-8899,317,97.79
MA,product-8900,550,75.04
KE,product-8901,200,58.62
NG,product-8902,423,13.75
ZA,product-8903,313,4.33
ZA,product-8904,312,20.55
NG,product-8905,479,88.72
GH,product-8906,735,16.15
NG,product-8907,820,45.55
GH,product-8908,696,77.46
GH,product-8909,503,9.12
GH,product-8910,865,84.96
KE,product-8911,882,71.35
GH,product-8912,341,33.63
KE,product-8913,890,97.24
GH,product-8914,173,69.17
GH,product-8915,400,58.84
ZA,product-8916,327,22.76
NG,product-8917,260,24.03
MA,product-8918,205,98.16
GH,product-8919,749,18.53
NG,product-8920,115,21.46
ZA,product-8921,464,99.87
KE,product-8922,925,48.55
KE,product-8923,211,0.24
MA,product-8924,561,52.73
ZA,product-8925,43,4.11
MA,product-8926,643,64.90
ZA,product-8927,730,38.02
ZA,product-8928,185,39.19
NG,product-8929,676,98.38
ZA,product-8930,191,91.63
ZA,product-8931,448,2.65
NG,product-8932,45,31.60
NG,product-8933,49,56.03
KE,product-8934,330,43.99
KE,product-8935,753,19.48
KE,product-8936,224,23.46
NG,product-8937,759,0.85
NG,product-8938,184,76.60
ZA,product-8939,466,62.58
KE,product-8940,143,60.50
ZA,product-8941,645,39.79
MA,product-8942,515,2.52
NG,product-8943,22,84.81
GH,product-8944,382,6.44
MA,product-8945,278,45.28
MA,product-8946,516,44.60
GH,product-8947,304,90.60
GH,product-8948,781,33.38
ZA,product-8949,138,60.49
ZA,product-8950,101,28.15
KE,product-8951,930,70.76
GH,product-8952,633,52.58
ZA,product-8953,238,55.11
ZA,product-8954,376,85.62
MA,product-8955,369,15.06
NG,product-8956,262,42.38
NG,product-8957,643,93.88
GH,product-8958,544,87.75
ZA,product-8959,929,1.03
MA,product-8960,654,0.95
MA,product-8961,531,75.30
ZA,product-8962,588,76.53
NG,product-8963,280,63.06
GH,product-8964,842,3.61
NG,product-8965,334,87.04
GH,product-8966,304,74.28
GH,product-8967,424,4.64
ZA,product-8968,657,47.56
GH,product-8969,131,12.44
KE,product-8970,972,75.06
NG,product-8971,727,19.29
GH,product-8972,545,63.54
ZA,product-8973,644,96.98
GH,product-8974,336,28.25
GH,product-8975,508,79.57
GH,product-8976,982,96.50
KE,product-8977,80,21.02
GH,product-8978,287,49.93
KE,product-8979,107,15.08
GH,product-8980,689,90.30
NG,product-8981,822,33.65
NG,product-8982,606,98.53
NG,product-8983,624,93.47
NG,product-8984,725,22.30
NG,product-8985,719,40.93
KE,product-8986,991,78.06
ZA,product-8987,838,47.01
MA,product-8988,266,6.65
GH,product-8989,823,26.20
GH,product-8990,919,47.77
NG,product-8991,920,87.98
NG,product-8992,796,77.36
ZA,product-8993,855,16.23
GH,product-8994,346,24.02
NG,product-8995,162,80.70
KE,product-8996,752,94.03
KE,product-8997,563,6.50
MA,product-8998,607,24.72
NG,product-8999,355,58.98
MA,product-9000,139,23.35
ZA,product-9001,711,69.70
MA,product-9002,379,35.09
MA,product-9003,861,27.28
GH,product-9004,270,56.98
KE,product-9005,862,25.13
ZA,product-9006,197,80.68
MA,product-9007,44,54.60
GH,product-9008,530,29.29
MA,product-9009,535,8.42
MA,product-9010,918,37.99
MA,product-9011,627,40.49
ZA,product-9012,209,75.83
MA,product-9013,194,80.37
MA,product-9014,900,11.72
KE,product-9015,271,71.22
KE,product-9016,546,34.51
NG,product-9017,882,97.12
NG,product-9018,190,0.41
ZA,product-9019,937,52.82
MA,product-9020,579,71.49
MA,product-9021,14,15.28
ZA,product-9022,182,79.21
NG,product-9023,96,64.32
KE,product-9024,94,93.17
MA,product-9025,696,15.11
GH,product-9026,711,25.76
NG,product-9027,212,64.22
GH,product-9028,745,25.94
ZA,product-9029,980,78.53
GH,product-9030,854,42.85
NG,product-9031,585,13.41
MA,product-9032,564,83.23
KE,product-9033,452,27.36
NG,product-9034,909,69.32
MA,product-9035,846,47.13
KE,product-9036,426,20.74
GH,product-9037,879,22.52
ZA,product-9038,882,72.67
MA,product-9039,462,71.29
ZA,product-9040,513,41.48
ZA,product-9041,588,44.35
GH,product-9042,89,62.37
GH,product-9043,604,91.70
MA,product-9044,318,18.78
GH,product-9045,405,51.24
MA,product-9046,344,77.82
MA,product-9047,662,54.69
MA,product-9048,885,39.61
NG,product-9049,363,28.31
GH,product-9050,321,82.28
NG,product-9051,401,56.47
ZA,product-9052,901,79.20
NG,product-9053,261,76.76
ZA,product-9054,17,42.14
MA,product-9055,595,43.48
MA,product-9056,530,62.01
KE,product-9057,827,45.81
KE,product-9058,514,63.53
GH,product-9059,192,56.42
KE,product-9060,228,66.03
KE,product-9061,898,32.65
GH,product-9062,524,17.27
MA,product-9063,763,16.20
ZA,product-9064,146,82.88
NG,product-9065,243,62.00
NG,product-9066,300,59.20
GH,product-9067,794,25.98
KE,product-9068,716,99.30
KE,product-9069,426,2.43
ZA,product-9070,962,38.10
ZA,product-9071,364,3.83
ZA,product-9072,795,33.73
GH,product-9073,359,71.01
NG,product-9074,978,28.95
NG,product-9075,456,70.48
NG,product-9076,190,58.46
KE,product-9077,840,61.22
MA,product-9078,899,29.48
MA,product-9079,19,61.88
GH,product-9080,386,88.20
ZA,product-9081,814,68.29
GH,product-9082,786,25.67
MA,product-9083,75,79.64
MA,product-9084,726,11.82
NG,product-9085,712,90.67
ZA,product-9086,29,18.88
MA,product-9087,449,92.23
ZA,product-9088,752,71.34
KE,product-9089,406,66.80
NG,product-9090,423,6.54
ZA,product-9091,43,84.75
ZA,product-9092,215,79.68
ZA,product-9093,548,13.09
ZA,product-9094,600,73.91
KE,product-9095,740,93.08
NG,product-9096,167,8.77
GH,product-9097,258,75.06
KE,product-9098,273,0.83
KE,product-9099,908,39.52
NG,product-9100,611,4.88
GH,product-9101,37,81.80
KE,product-9102,797,59.60
NG,product-9103,111,8.65
MA,product-9104,866,27.94
MA,product-9105,220,89.03
MA,product-9106,613,86.27
KE,product-9107,569,74.48
MA,product-9108,422,48.62
GH,product-9109,400,53.86
ZA,product-9110,959,16.53
NG,product-9111,664,20.99
GH,product-9112,85,59.80
ZA,product-9113,932,78.70
NG,product-9114,27,17.09
KE,product-9115,978,69.28
GH,product-9116,661,5.88
KE,product-9117,708,93.03
KE,product-9118,122,41.89
KE,product-9119,220,7.26
KE,product-9120,731,58.40
GH,product-9121,335,31.02
ZA,product-9122,918,31.49
NG,product-9123,746,88.76
KE,product-9124,858,99.48
MA,product-9125,976,84.70
NG,product-9126,18,55.93
ZA,product-9127,401,66.59
MA,product-9128,787,2.46
GH,product-9129,537,89.43
KE,product-9130,681,71.55
MA,product-9131,448,22.39
NG,product-9132,519,45.16
GH,product-9133,691,42.49
NG,product-9134,720,72.62
ZA,product-9135,434,3.93
GH,product-9136,988,5.12
ZA,product-9137,66,58.23
MA,product-9138,325,11.46
NG,product-9139,249,76.78
GH,product-9140,899,17.47
KE,product-9141,280,8.94
GH,product-9142,513,13.77
MA,product-9143,624,75.45
NG,product-9144,961,33.67
ZA,product-9145,46,92.92
MA,product-9146,856,1.46
MA,product-9147,94,65.47
NG,product-9148,814,74.15
NG,product-9149,206,32.32
MA,product-9150,374,7.09
KE,product-9151,459,45.11
ZA,product-9152,188,6.40
KE,product-9153,887,54.06
ZA,product-9154,959,79.09
MA,product-9155,291,81.80
KE,product-9156,604,9.07
NG,product-9157,752,49.06
NG,product-9158,560,65.90
GH,product-9159,829,72.65
ZA,product-9160,822,35.43
GH,product-9161,76,42.40
GH,product-9162,807,84.29
KE,product-9163,937,4.43
ZA,product-9164,694,77.64
ZA,product-9165,426,37.81
NG,product-9166,897,82.56
MA,product-9167,315,92.63
KE,product-9168,182,6.79
GH,product-9169,744,9.71
ZA,product-9170,548,66.23
ZA,product-9171,671,69.07
ZA,product-9172,775,2.85
KE,product-9173,975,63.62
MA,product-9174,199,12.50
ZA,product-9175,964,18.39
ZA,product-9176,146,87.73
ZA,product-9177,179,59.23
NG,product-9178,769,7.50
GH,product-9179,725,10.35
NG,product-9180,191,7.50
ZA,product-9181,639,36.60
NG,product-9182,50,93.55
GH,product-9183,39,33.77
NG,product-9184,681,57.61
GH,product-9185,151,73.70
KE,product-9186,430,24.50
NG,product-9187,994,15.09
NG,product-9188,401,81.27
MA,product-9189,48,27.66
GH,product-9190,315,55.20
NG,product-9191,740,56.31
KE,product-9192,122,10.77
ZA,product-9193,671,60.07
GH,product-9194,40,27.41
NG,product-9195,536,8.58
ZA,product-9196,439,96.83
GH,product-9197,430,32.56
KE,product-9198,682,7.26
ZA,product-9199,773,30.58
ZA,product-9200,105,53.70
ZA,product-9201,129,3.34
KE,product-9202,208,95.13
NG,product-9203,129,30.23
MA,product-9204,430,40.10
MA,product-9205,85,73.98
MA,product-9206,351,4.31
MA,product-9207,483,77.00
MA,product-9208,63,27.18
NG,product-9209,971,96.10
KE,product-9210,858,44.33
KE,product-9211,556,19.56
ZA,product-9212,927,84.75
MA,product-9213,774,63.16
KE,product-9214,309,43.89
KE,product-9215,978,70.70
NG,product-9216,379,7.82
KE,product-9217,525,1.59
GH,product-9218,340,81.38
GH,product-9219,491,95.17
ZA,product-9220,871,24.05
KE,product-9221,642,92.21
NG,product-9222,251,26.49
GH,product-9223,244,96.58
GH,product-9224,369,17.43
KE,product-9225,502,4.68
GH,product-9226,215,72.89
KE,product-9227,906,3.18
ZA,product-9228,984,27.45
ZA,product-9229,891,22.93
ZA,product-9230,751,94.71
NG,product-9231,259,5.11
ZA,product-9232,862,34.82
NG,product-9233,819,40.40
NG,product-9234,821,68.93
KE,product-9235,310,50.30
KE,product-9236,653,47.60
NG,product-9237,407,89.47
GH,product-9238,354,66.89
MA,product-9239,367,91.15
MA,product-9240,319,65.09
ZA,product-9241,671,27.35
GH,product-9242,223,8.92
MA,product-9243,553,35.30
MA,product-9244,874,87.02
KE,product-9245,959,81.49
ZA,product-9246,133,71.50
GH,product-9247,814,23.45
MA,product-9248,371,97.34
ZA,product-9249,383,83.19
ZA,product-9250,839,6.66
GH,product-9251,380,73.85
MA,product-9252,370,50.82
KE,product-9253,147,30.74
NG,product-9254,140,17.61
GH,product-9255,945,24.48
ZA,product-9256,484,96.16
NG,product-9257,648,41.27
GH,product-9258,418,33.84
GH,product-9259,136,92.90
NG,product-9260,833,2.86
MA,product-9261,629,36.33
NG,product-9262,672,99.15
KE,product-9263,701,76.65
MA,product-9264,963,80.22
ZA,product-9265,69,56.42
GH,product-9266,877,96.32
NG,product-9267,856,62.25
ZA,product-9268,434,80.87
NG,product-9269,382,58.39
ZA,product-9270,579,23.18
NG,product-9271,183,73.54
MA,product-9272,891,14.83
MA,product-9273,405,50.52
KE,product-9274,889,19.00
ZA,product-9275,76,34.27
NG,product-9276,294,45.41
MA,product-9277,222,98.44
NG,product-9278,11,82.77
NG,product-9279,226,40.86
MA,product-9280,578,66.49
KE,product-9281,36,98.12
MA,product-9282,323,72.38
GH,product-9283,856,57.54
ZA,product-9284,469,92.51
ZA,product-9285,595,67.63
NG,product-9286,341,88.65
KE,product-9287,804,93.15
GH,product-9288,318,87.54
MA,product-9289,567,28.71
MA,product-9290,259,34.92
NG,product-9291,768,22.51
KE,product-9292,593,87.70
GH,product-9293,75,96.96
NG,product-9294,355,17.05
GH,product-9295,438,59.80
KE,product-9296,628,77.33
GH,product-9297,756,0.95
GH,product-9298,497,85.80
NG,product-9299,406,0.86
GH,product-9300,751,69.58
MA,product-9301,5,74.36
MA,product-9302,210,66.65
MA,product-9303,727,77.54
KE,product-9304,169,98.52
NG,product-9305,380,89.02
KE,product-9306,449,44.46
ZA,product-9307,533,2.97
KE,product-9308,64,9.46
GH,product-9309,321,3.21
NG,product-9310,592,59.03
MA,product-9311,177,37.49
KE,product-9312,502,70.78
NG,product-9313,816,72.71
GH,product-9314,245,96.84
NG,product-9315,696,72.88
MA,product-9316,143,14.40
GH,product-9317,245,81.15
KE,product-9318,465,65.70
KE,product-9319,657,83.97
NG,product-9320,454,48.94
ZA,product-9321,986,14.47
NG,product-9322,766,53.87
GH,product-9323,422,69.75
GH,product-9324,680,32.63
MA,product-9325,995,27.57
MA,product-9326,556,50.17
GH,product-9327,530,26.77
NG,product-9328,381,22.05
NG,product-9329,745,62.23
GH,product-9330,836,89.24
NG,product-9331,837,97.00
GH,product-9332,805,27.95
NG,product-9333,763,96.92
GH,product-9334,503,72.23
KE,product-9335,978,2.16
KE,product-9336,492,20.66
NG,product-9337,498,91.78
MA,product-9338,971,42.83
GH,product-9339,229,91.86
MA,product-9340,564,36.35
NG,product-9341,983,63.51
MA,product-9342,372,10.68
GH,product-9343,273,13.72
NG,product-9344,566,18.38
ZA,product-9345,222,15.75
GH,product-9346,352,48.17
KE,product-9347,113,62.86
KE,product-9348,504,1.27
ZA,product-9349,155,94.25
GH,product-9350,959,60.07
GH,product-9351,727,74.16
MA,product-9352,581,84.66
ZA,product-9353,453,90.23
KE,product-9354,486,57.52
NG,product-9355,90,3.22
ZA,product-9356,225,68.38
ZA,product-9357,575,32.48
MA,product-9358,958,47.81
MA,product-9359,540,83.89
ZA,product-9360,558,8.19
NG,product-9361,30,45.23
ZA,product-9362,658,67.69
GH,product-9363,283,62.58
NG,product-9364,918,74.78
GH,product-9365,227,50.16
NG,product-9366,84,64.93
ZA,product-9367,484,69.83
NG,product-9368,422,63.91
MA,product-9369,727,25.33
ZA,product-9370,804,29.74
GH,product-9371,435,41.02
MA,product-9372,2,92.03
GH,product-9373,948,6.15
GH,product-9374,191,59.14
NG,product-9375,905,53.74
GH,product-9376,9,27.23
NG,product-9377,907,90.93
ZA,product-9378,716,92.66
ZA,product-9379,261,14.17
ZA,product-9380,480,27.18
ZA,product-9381,477,35.24
GH,product-9382,827,99.15
ZA,product-9383,24,22.21
GH,product-9384,960,93.36
KE,product-9385,340,73.47
GH,product-9386,883,67.03
KE,product-9387,88,2.97
GH,product-9388,335,37.53
MA,product-9389,531,99.98
GH,product-9390,190,80.87
MA,product-9391,326,93.33
ZA,product-9392,610,67.93
KE,product-9393,685,12.87
MA,product-9394,589,43.09
ZA,product-9395,231,54.42
ZA,product-9396,625,42.30
MA,product-9397,796,95.68
GH,product-9398,980,71.39
GH,product-9399,124,13.16
KE,product-9400,862,68.59
MA,product-9401,859,65.56
NG,product-9402,878,5.77
MA,product-9403,295,53.34
ZA,product-9404,496,53.36
MA,product-9405,877,37.39
ZA,product-9406,613,15.10
GH,product-9407,510,32.79
KE,product-9408,679,72.48
MA,product-9409,583,94.09
MA,product-9410,880,15.52
NG,product-9411,969,53.09
ZA,product-9412,803,34.25
MA,product-9413,308,81.31
ZA,product-9414,198,54.06
GH,product-9415,470,74.01
NG,product-9416,628,4.86
KE,product-9417,811,61.14
KE,product-9418,771,19.11
ZA,product-9419,921,29.42
KE,product-9420,226,39.60
GH,product-9421,781,10.59
NG,product-9422,465,27.85
MA,product-9423,817,86.45
MA,product-9424,25,16.42
ZA,product-9425,625,64.83
ZA,product-9426,269,94.90
NG,product-9427,635,84.21
GH,product-9428,676,30.34
GH,product-9429,771,76.03
MA,product-9430,948,95.87
ZA,product-9431,328,10.33
MA,product-9432,945,55.83
ZA,product-9433,590,68.39
KE,product-9434,512,93.99
MA,product-9435,89,52.64
KE,product-9436,103,89.76
NG,product-9437,655,31.30
MA,product-9438,524,10.51
NG,product-9439,30,18.24
MA,product-9440,483,31.29
GH,product-9441,996,97.16
NG,product-9442,852,7.17
MA,product-9443,552,79.90
ZA,product-9444,633,39.47
GH,product-9445,720,68.92
KE,product-9446,796,92.87
MA,product-9447,499,45.48
ZA,product-9448,439,70.63
ZA,product-9449,560,80.14
KE,product-9450,752,31.59
NG,product-9451,300,74.80
ZA,product-9452,332,88.66
GH,product-9453,510,33.46
KE,product-9454,611,99.24
NG,product-9455,93,28.25
MA,product-9456,561,57.43
NG,product-9457,457,90.69
GH,product-9458,570,53.38
KE,product-9459,610,26.93
KE,product-9460,960,64.76
MA,product-9461,575,47.64
GH,product-9462,564,58.34
MA,product-9463,388,53.47
GH,product-9464,648,2.47
KE,product-9465,180,14.51
NG,product-9466,81,86.32
KE,product-9467,694,8.41
GH,product-9468,306,32.04
ZA,product-9469,936,43.41
ZA,product-9470,595,73.00
KE,product-9471,33,65.36
MA,product-9472,718,4.44
MA,product-9473,623,3.62
MA,product-9474,734,83.03
MA,product-9475,372,32.67
KE,product-9476,799,57.57
GH,product-9477,714,79.36
KE,product-9478,491,19.46
NG,product-9479,542,5.14
GH,product-9480,854,9.97
ZA,product-9481,286,76.18
ZA,product-9482,632,80.94
ZA,product-9483,411,34.22
GH,product-9484,533,60.83
NG,product-9485,995,60.54
GH,product-9486,886,46.33
MA,product-9487,400,95.15
KE,product-9488,226,30.61
MA,product-9489,823,96.62
MA,product-9490,74,7.78
MA,product-9491,718,37.53
NG,product-9492,690,60.50
GH,product-9493,11,60.76
GH,product-9494,463,3.94
GH,product-9495,325,12.64
KE,product-9496,0,88.96
NG,product-9497,539,85.55
MA,product-9498,75,83.74
NG,product-9499,775,27.95
MA,product-9500,761,9.23
GH,product-9501,814,73.11
NG,product-9502,746,32.75
GH,product-9503,337,7.81
KE,product-9504,357,67.39
NG,product-9505,422,69.83
MA,product-9506,117,60.07
ZA,product-9507,9,41.27
GH,product-9508,779,11.46
ZA,product-9509,289,23.46
ZA,product-9510,718,66.28
ZA,product-9511,551,68.87
GH,product-9512,953,99.49
GH,product-9513,380,48.45
NG,product-9514,39,44.85
NG,product-9515,807,70.51
MA,product-9516,541,99.61
ZA,product-9517,366,90.31
NG,product-9518,712,51.16
MA,product-9519,269,45.53
KE,product-9520,799,8.03
GH,product-9521,907,68.65
NG,product-9522,100,7.95
MA,product-9523,773,73.56
GH,product-9524,183,18.06
ZA,product-9525,512,73.40
MA,product-9526,385,68.02
NG,product-9527,358,58.72
KE,product-9528,131,30.47
NG,product-9529,53,10.03
ZA,product-9530,492,37.99
NG,product-9531,325,30.58
NG,product-9532,565,37.25
NG,product-9533,146,79.62
KE,product-9534,392,95.50
NG,product-9535,48,72.57
GH,product-9536,373,13.29
GH,product-9537,364,6.42
ZA,product-9538,455,20.29
NG,product-9539,310,33.17
NG,product-9540,513,14.23
KE,product-9541,672,14.01
MA,product-9542,543,35.16
NG,product-9543,707,1.54
MA,product-9544,207,92.15
GH,product-9545,253,92.71
GH,product-9546,995,50.47
ZA,product-9547,392,49.04
KE,product-9548,591,16.23
ZA,product-9549,369,65.35
ZA,product-9550,321,6.56
ZA,product-9551,28,71.43
ZA,product-9552,431,3.27
KE,product-9553,722,97.00
KE,product-9554,282,42.11
ZA,product-9555,333,90.49
ZA,product-9556,244,23.19
MA,product-9557,609,0.43
ZA,product-9558,361,74.26
ZA,product-9559,448,19.19
NG,product-9560,326,56.56
MA,product-9561,257,80.31
ZA,product-9562,331,49.62
NG,product-9563,231,92.49
KE,product-9564,215,22.20
KE,product-9565,113,2.72
KE,product-9566,874,14.19
ZA,product-9567,115,95.72
KE,product-9568,368,32.34
ZA,product-9569,686,30.45
MA,product-9570,292,70.47
KE,product-9571,983,36.90
KE,product-9572,885,65.26
ZA,product-9573,355,59.89
KE,product-9574,718,18.15
MA,product-9575,955,27.74
MA,product-9576,421,30.66
KE,product-9577,701,23.70
GH,product-9578,533,2.36
MA,product-9579,615,55.81
NG,product-9580,149,59.94
MA,product-9581,552,81.68
NG,product-9582,814,10.75
GH,product-9583,74,41.10
MA,product-9584,193,18.69
NG,product-9585,997,62.45
GH,product-9586,627,64.25
ZA,product-9587,784,39.64
MA,product-9588,63,92.64
GH,product-9589,577,31.50
NG,product-9590,217,72.27
KE,product-9591,612,17.95
GH,product-9592,175,0.80
MA,product-9593,151,31.81
KE,product-9594,550,1.47
MA,product-9595,193,96.25
GH,product-9596,521,42.07
GH,product-9597,738,48.43
KE,product-9598,68,70.60
ZA,product-9599,10,79.06
NG,product-9600,785,70.76
GH,product-9601,900,33.09
MA,product-9602,209,97.55
MA,product-9603,513,59.94
KE,product-9604,891,94.45
MA,product-9605,916,34.20
ZA,product-9606,558,13.53
KE,product-9607,10,75.76
GH,product-9608,46,16.50
KE,product-9609,205,59.39
MA,product-9610,283,79.93
KE,product-9611,885,12.54
GH,product-9612,159,10.16
MA,product-9613,229,16.23
NG,product-9614,754,55.76
MA,product-9615,314,91.89
NG,product-9616,744,78.77
GH,product-9617,378,57.11
NG,product-9618,485,48.60
GH,product-9619,774,93.58
NG,product-9620,769,3.71
MA,product-9621,183,67.19
GH,product-9622,1,65.36
ZA,product-9623,510,45.72
NG,product-9624,421,72.55
ZA,product-9625,182,47.03
MA,product-9626,191,33.64
NG,product-9627,965,48.88
NG,product-9628,96,60.70
ZA,product-9629,932,39.40
MA,product-9630,404,11.60
KE,product-9631,503,40.70
KE,product-9632,142,87.82
ZA,product-9633,227,93.88
NG,product-9634,324,24.02
NG,product-9635,624,25.88
NG,product-9636,403,16.23
MA,product-9637,290,44.68
ZA,product-9638,294,21.85
MA,product-9639,313,33.50
ZA,product-9640,422,91.83
NG,product-9641,552,95.55
ZA,product-9642,377,14.79
NG,product-9643,197,5.24
NG,product-9644,688,16.17
GH,product-9645,194,17.30
NG,product-9646,84,43.70
GH,product-9647,595,27.30
NG,product-9648,419,24.74
MA,product-9649,668,49.97
KE,product-9650,718,82.82
MA,product-9651,105,2.62
MA,product-9652,597,76.01
ZA,product-9653,924,41.51
MA,product-9654,426,4.94
NG,product-9655,823,78.53
MA,product-9656,745,15.88
GH,product-9657,430,70.49
NG,product-9658,549,8.45
MA,product-9659,790,12.24
KE,product-9660,484,59.04
KE,product-9661,779,8.48
GH,product-9662,983,84.63
ZA,product-9663,559,56.35
NG,product-9664,377,9.06
ZA,product-9665,683,39.47
MA,product-9666,983,62.77
GH,product-9667,489,93.88
NG,product-9668,330,82.88
GH,product-9669,453,5.28
NG,product-9670,828,79.19
ZA,product-9671,90,51.06
KE,product-9672,143,61.13
ZA,product-9673,132,14.80
MA,product-9674,872,65.08
ZA,product-9675,983,96.87
NG,product-9676,329,57.67
NG,product-9677,421,64.32
NG,product-9678,334,41.60
ZA,product-9679,978,49.63
ZA,product-9680,872,68.80
MA,product-9681,138,90.90
ZA,product-9682,274,28.10
MA,product-9683,925,52.01
MA,product-9684,102,57.56
GH,product-9685,829,32.83
ZA,product-9686,731,81.26
KE,product-9687,666,43.70
ZA,product-9688,930,60.95
ZA,product-9689,990,13.91
MA,product-9690,616,32.63
KE,product-9691,84,48.65
KE,product-9692,624,62.62
NG,product-9693,650,84.82
KE,product-9694,493,51.39
GH,product-9695,464,96.76
NG,product-9696,701,65.63
KE,product-9697,270,64.64
GH,product-9698,304,58.31
GH,product-9699,421,29.65
ZA,product-9700,800,98.38
NG,product-9701,807,48.04
GH,product-9702,884,59.08
NG,product-9703,186,3.41
NG,product-9704,380,0.77
KE,product-9705,818,94.15
KE,product-9706,104,50.06
ZA,product-9707,275,46.30
GH,product-9708,185,44.60
KE,product-9709,975,42.12
NG,product-9710,266,65.92
ZA,product-9711,955,73.03
KE,product-9712,377,46.76
MA,product-9713,248,38.18
MA,product-9714,244,55.68
GH,product-9715,601,51.59
MA,product-9716,222,18.00
KE,product-9717,756,99.71
NG,product-9718,16,38.64
ZA,product-9719,393,92.15
ZA,product-9720,837,81.07
ZA,product-9721,292,50.41
GH,product-9722,45,32.18
KE,product-9723,554,47.97
ZA,product-9724,107,21.20
NG,product-9725,813,50.93
GH,product-9726,254,32.66
GH,product-9727,937,93.87
KE,product-9728,172,69.76
ZA,product-9729,349,7.03
KE,product-9730,31,14.07
ZA,product-9731,738,38.65
MA,product-9732,65,56.19
KE,product-9733,608,96.35
NG,product-9734,460,82.01
ZA,product-9735,237,74.44
NG,product-9736,764,34.15
KE,product-9737,317,91.29
ZA,product-9738,817,82.43
NG,product-9739,990,58.99
GH,product-9740,805,84.97
NG,product-9741,98,17.86
GH,product-9742,542,14.70
NG,product-9743,920,99.19
GH,product-9744,789,16.04
GH,product-9745,494,18.70
KE,product-9746,244,81.36
GH,product-9747,345,53.52
ZA,product-9748,425,4.10
KE,product-9749,293,74.21
GH,product-9750,891,86.97
ZA,product-9751,622,1.47
MA,product-9752,256,62.12
NG,product-9753,482,87.92
ZA,product-9754,519,63.27
GH,product-9755,868,61.41
ZA,product-9756,891,62.58
MA,product-9757,764,74.00
MA,product-9758,938,98.55
GH,product-9759,72,93.32
ZA,product-9760,880,2.19
KE,product-9761,40,35.99
NG,product-9762,487,72.05
MA,product-9763,444,65.93
MA,product-9764,145,18.37
NG,product-9765,609,73.07
ZA,product-9766,97,94.87
MA,product-9767,767,84.78
MA,product-9768,520,65.37
MA,product-9769,283,5.63
KE,product-9770,402,85.93
GH,product-9771,499,48.52
KE,product-9772,681,14.51
ZA,product-9773,268,90.09
ZA,product-9774,113,68.23
MA,product-9775,707,9.88
NG,product-9776,629,73.16
KE,product-9777,737,15.81
NG,product-9778,270,99.32
KE,product-9779,228,97.28
KE,product-9780,783,82.93
MA,product-9781,285,72.12
ZA,product-9782,980,18.35
ZA,product-9783,153,40.44
GH,product-9784,53,57.17
ZA,product-9785,704,91.03
NG,product-9786,447,68.35
KE,product-9787,276,60.09
GH,product-9788,676,33.52
GH,product-9789,567,69.81
ZA,product-9790,972,15.51
GH,product-9791,22,88.11
MA,product-9792,62,47.90
KE,product-9793,91,28.55
NG,product-9794,688,66.58
NG,product-9795,759,93.05
KE,product-9796,748,10.61
ZA,product-9797,68,53.87
KE,product-9798,451,15.08
MA,product-9799,611,84.83
NG,product-9800,551,41.32
ZA,product-9801,340,5.74
KE,product-9802,904,5.48
MA,product-9803,770,28.08
GH,product-9804,442,3.08
MA,product-9805,123,72.75
GH,product-9806,709,68.94
ZA,product-9807,637,30.11
MA,product-9808,736,61.74
GH,product-9809,776,31.44
KE,product-9810,16,44.80
ZA,product-9811,882,32.78
ZA,product-9812,529,4.72
MA,product-9813,310,19.57
KE,product-9814,925,20.03
ZA,product-9815,13,30.68
MA,product-9816,159,81.65
MA,product-9817,421,66.66
GH,product-9818,141,89.77
ZA,product-9819,757,24.71
NG,product-9820,130,85.42
ZA,product-9821,989,88.42
MA,product-9822,297,92.13
KE,product-9823,40,11.92
ZA,product-9824,550,58.70
GH,product-9825,441,20.59
NG,product-9826,777,42.37
NG,product-9827,646,19.48
GH,product-9828,470,92.09
NG,product-9829,696,78.44
MA,product-9830,158,93.64
KE,product-9831,433,17.30
GH,product-9832,783,65.26
GH,product-9833,599,65.91
MA,product-9834,546,12.14
ZA,product-9835,70,33.73
GH,product-9836,733,99.99
NG,product-9837,615,53.53
MA,product-9838,468,2.57
MA,product-9839,681,88.25
NG,product-9840,98,39.05
ZA,product-9841,47,45.56
NG,product-9842,201,32.85
ZA,product-9843,528,17.24
ZA,product-9844,15,97.00
GH,product-9845,10,35.41
KE,product-9846,813,83.99
KE,product-9847,724,99.45
MA,product-9848,520,60.05
NG,product-9849,401,68.76
NG,product-9850,512,67.97
GH,product-9851,14,25.57
MA,product-9852,501,97.49
ZA,product-9853,471,94.59
MA,product-9854,122,62.68
KE,product-9855,245,12.06
GH,product-9856,259,78.88
GH,product-9857,842,95.87
MA,product-9858,875,61.68
ZA,product-9859,803,30.53
MA,product-9860,794,7.46
ZA,product-9861,637,39.52
NG,product-9862,989,83.15
MA,product-9863,534,92.12
MA,product-9864,788,49.26
ZA,product-9865,328,25.20
NG,product-9866,594,72.74
KE,product-9867,467,45.68
KE,product-9868,665,77.10
KE,product-9869,298,58.73
MA,product-9870,62,84.46
ZA,product-9871,486,76.28
NG,product-9872,131,62.36
GH,product-9873,692,95.34
ZA,product-9874,78,86.94
ZA,product-9875,646,14.94
ZA,product-9876,786,56.72
GH,product-9877,107,73.55
ZA,product-9878,837,80.14
MA,product-9879,447,26.14
KE,product-9880,102,0.11
GH,product-9881,798,83.66
KE,product-9882,906,3.18
MA,product-9883,14,25.74
NG,product-9884,815,18.06
MA,product-9885,155,26.03
NG,product-9886,463,92.11
ZA,product-9887,666,61.03
NG,product-9888,884,41.53
GH,product-9889,890,1.96
GH,product-9890,341,84.84
GH,product-9891,193,2.42
KE,product-9892,584,19.23
MA,product-9893,753,75.60
ZA,product-9894,305,36.48
ZA,product-9895,969,17.26
NG,product-9896,269,34.72
ZA,product-9897,130,93.18
KE,product-9898,20,29.65
MA,product-9899,756,80.99
MA,product-9900,214,47.60
GH,product-9901,468,3.18
GH,product-9902,594,64.10
GH,product-9903,727,26.10
KE,product-9904,998,22.94
MA,product-9905,777,29.19
GH,product-9906,804,79.28
MA,product-9907,560,35.69
ZA,product-9908,390,11.91
GH,product-9909,581,12.68
NG,product-9910,832,3.54
MA,product-9911,377,6.77
ZA,product-9912,699,22.08
NG,product-9913,65,42.93
ZA,product-9914,458,30.49
NG,product-9915,760,84.29
ZA,product-9916,91,50.44
KE,product-9917,615,57.23
KE,product-9918,592,33.42
ZA,product-9919,298,24.20
GH,product-9920,448,11.32
ZA,product-9921,581,27.85
GH,product-9922,616,51.10
MA,product-9923,404,54.63
KE,product-9924,488,2.34
KE,product-9925,224,37.74
MA,product-9926,381,21.59
MA,product-9927,606,44.57
NG,product-9928,415,10.11
KE,product-9929,751,49.53
MA,product-9930,514,3.83
ZA,product-9931,570,55.35
NG,product-9932,417,63.19
ZA,product-9933,502,59.35
ZA,product-9934,51,55.91
NG,product-9935,493,15.59
MA,product-9936,58,60.63
MA,product-9937,751,45.17
NG,product-9938,691,90.51
GH,product-9939,189,9.23
NG,product-9940,448,18.37
GH,product-9941,352,79.86
MA,product-9942,707,72.71
GH,product-9943,178,24.12
NG,product-9944,316,48.71
ZA,product-9945,612,92.00
NG,product-9946,236,72.29
MA,product-9947,236,80.71
NG,product-9948,165,64.94
NG,product-9949,451,25.93
ZA,product-9950,593,27.13
NG,product-9951,189,93.09
MA,product-9952,2,73.92
KE,product-9953,350,22.28
MA,product-9954,552,18.64
GH,product-9955,154,7.36
KE,product-9956,656,35.80
KE,product-9957,589,95.91
MA,product-9958,355,43.38
MA,product-9959,564,52.89
NG,product-9960,843,2.36
ZA,product-9961,590,46.37
KE,product-9962,807,43.95
KE,product-9963,654,35.82
KE,product-9964,76,83.26
GH,product-9965,696,22.59
KE,product-9966,132,19.88
GH,product-9967,764,77.22
NG,product-9968,404,87.21
KE,product-9969,555,24.92
GH,product-9970,649,6.45
ZA,product-9971,617,70.14
MA,product-9972,965,39.82
GH,product-9973,74,39.67
MA,product-9974,247,39.40
NG,product-9975,649,42.86
KE,product-9976,470,64.31
MA,product-9977,968,17.93
KE,product-9978,131,9.77
GH,product-9979,917,41.69
MA,product-9980,225,66.65
NG,product-9981,243,68.19
KE,product-9982,329,30.39
MA,product-9983,785,27.89
GH,product-9984,142,91.09
NG,product-9985,945,29.57
GH,product-9986,252,85.73
KE,product-9987,259,34.83
ZA,product-9988,886,48.54
NG,product-9989,684,13.21
KE,product-9990,571,32.09
GH,product-9991,833,22.56
NG,product-9992,61,36.55
ZA,product-9993,134,68.18
GH,product-9994,196,98.73
GH,product-9995,95,35.91
ZA,product-9996,92,69.62
KE,product-9997,464,2.40
GH,product-9998,466,36.04
NG,product-9999,789,48.01
GH,product-10000,261,32.40
